"numero_dpe","date_derniere_modification_dpe","date_visite_diagnostiqueur","date_etablissement_dpe","date_reception_dpe","date_fin_validite_dpe","numero_dpe_remplace","numero_dpe_immeuble_associe","id_rnb","provenance_id_rnb","numero_rpls_logement","numero_immatriculation_copropriete","modele_dpe","version_dpe","methode_application_dpe","etiquette_dpe","etiquette_ges","type_batiment","annee_construction","periode_construction","type_installation_chauffage","type_installation_ecs","hauteur_sous_plafond","nombre_appartement","nombre_niveau_immeuble","nombre_niveau_logement","typologie_logement","appartement_non_visite","surface_habitable_immeuble","surface_habitable_logement","surface_tertiaire_immeuble","classe_inertie_batiment","classe_altitude","zone_climatique","adresse_ban","numero_voie_ban","nom_rue_ban","nom_commune_ban","code_postal_ban","code_insee_ban","code_departement_ban","code_region_ban","identifiant_ban","coordonnee_cartographique_x_ban","coordonnee_cartographique_y_ban","score_ban","statut_geocodage","adresse_brut","adresse_complete_brut","nom_commune_brut","code_postal_brut","numero_etage_appartement","position_logement_dans_immeuble","nom_residence","complement_adresse_batiment","complement_adresse_logement","indicateur_confort_ete","protection_solaire_exterieure","logement_traversant","presence_brasseur_air","inertie_lourde","isolation_toiture","deperditions_enveloppe","deperditions_ponts_thermiques","deperditions_murs","deperditions_planchers_hauts","deperditions_planchers_bas","deperditions_portes","deperditions_baies_vitrees","deperditions_renouvellement_air","qualite_isolation_enveloppe","qualite_isolation_murs","qualite_isolation_plancher_haut_comble_amenage","qualite_isolation_plancher_haut_comble_perdu","qualite_isolation_plancher_haut_toit_terrasse","qualite_isolation_plancher bas","qualite_isolation_menuiseries","ubat_w_par_m2_k","besoin_chauffage","besoin_ecs","besoin_refroidissement","apport_interne_saison_chauffe","apport_interne_saison_froide","apport_solaire_saison_chauffe","apport_solaire_saison_froide","conso_5_usages_ep","conso_5_usages_par_m2_ep","conso_chauffage_ep","conso_ecs_ep","conso_refroidissement_ep","conso_eclairage_ep","conso_auxiliaires_ep","conso_5 usages_ef","conso_5 usages_par_m2_ef","conso_chauffage_ef","conso_ecs_ef","conso_refroidissement_ef","conso_eclairage_ef","conso_auxiliaires_ef","emission_ges_5_usages","emission_ges_5_usages par_m2","emission_ges_chauffage","emission_ges_ecs","emission_ges_refroidissement","emission_ges_eclairage","emission_ges_auxiliaires","type_energie_n1","conso_5 usages_ef_energie_n1","conso_chauffage_ef_energie_n1","conso_ecs_ef_energie_n1","cout_total_5_usages_energie_n1","cout_chauffage_energie_n1","cout_ecs_energie_n1","emission_ges_5_usages_energie_n1","emission_ges_chauffage_energie_n1","emission_ges_ecs_energie_n1","type_energie_n2","conso_5 usages_ef_energie_n2","conso_chauffage_ef_energie_n2","conso_ecs_ef_energie_n2","cout_total_5_usages_energie_n2","cout_chauffage_energie_n2","cout_ecs_energie_n2","emission_ges_5_usages_energie_n2","emission_ges_chauffage_energie_n2","emission_ges_ecs_energie_n2","type_energie_n3","conso_5_usages_ef_energie_n3","conso_chauffage_ef_energie_n3","conso_ecs_ef_energie_n3","cout_total_5_usages energie_n3","cout_chauffage_energie_n3","cout_ecs_energie_n3","emission_ges_5_usages_energie_n3","emission_ges_chauffage_energie_n3","emission_ges_ecs_energie_n3","cout_total_5_usages","cout_chauffage","cout_ecs","cout_refroidissement","cout_eclairage","cout_auxiliaires","type_energie_principale_chauffage","type_generateur_chauffage_principal","type_installation_chauffage_n1","type_emetteur_installation_chauffage_n1","configuration_installation_chauffage_n1","description_installation_chauffage_n1","conso_chauffage_installation_chauffage_n1","surface_chauffee_installation_chauffage_n1","facteur_couverture_solaire_installation_chauffage_n1","facteur_couverture_solaire_saisi_installation_chauffage_n1","type_generateur_n1_installation_n1","type_energie_generateur_n1_installation_n1","usage_generateur_n1_installation_n1","description_generateur_chauffage_n1_installation_n1","conso_chauffage_generateur_n1_installation_n1","type_generateur_n2_installation_n1","type_energie_generateur_n2_installation_n1","usage_generateur_n2_installation_n1","description_generateur_chauffage_n2_installation_n1","conso_chauffage_generateur_n2_installation_n1","type_installation_chauffage_n2","type_emetteur_installation_chauffage_n2","configuration_installation_chauffage_n2","description_installation_chauffage_n2","conso_chauffage_installation_chauffage_n2","surface_chauffee_installation_chauffage_n2","facteur_couverture_solaire_installation_chauffage_n2","facteur_couverture_solaire_saisi_installation_chauffage_n2","type_generateur_n1_installation_n2","type_energie_generateur_n1_installation_n2","usage_generateur_n1_installation_n2","description_generateur_chauffage_n1_installation_n2","conso_chauffage_generateur_n1_installation_n2","type_generateur_n2_installation_n2","type_energie_generateur_n2_installation_n2","usage_generateur_n2_installation_n2","description_generateur_chauffage_n2_installation_n2","conso_chauffage_generateur_n2_installation_n2","type_energie_principale_ecs","type_generateur_chauffage_principal_ecs","besoin_ecs_batiment","besoin_ecs_logement","type_installation_ecs_n1","configuration_installation_ecs_n1","description_installation_ecs_n1","conso_ef_installation_ecs_n1"," nombre_logements_desservis_par_installation_ecs_n1","surface_habitable_desservie_par_installation_ecs_n1","type_installation_solaire_n1","production_ecs_solaire_installation_n1","facteur_couverture_solaire_n1","facteur_couverture_solaire_saisi_n1","type_generateur_n1_ecs_n1","type_energie_generateur_n1_ecs_n1","usage_generateur_n1_ecs_n1","description_generateur_n1_ecs_n1","volume_stockage_generateur_n1_ecs_n1","cop_generateur_n1_ecs_n1","conso_ef_generateur_n1_ecs_n1","date_installation_generateur_n1_ecs_n1","type_generateur_n2_ecs_n1","type_energie_generateur_n2_ecs_n1","usage_generateur_n2_ecs_n1","description_generateur_n2_ecs_n1","volume_stockage_generateur_n2_ecs_n1","cop_generateur_n2_ecs_n1","conso_ef_generateur_n2_ecs_n1","date_installation_generateur_n2_ecs_n1","type_ventilation","surface_ventilee","ventilation_posterieure_2012","type_generateur_froid","type_energie_climatisation","periode_installation_generateur_froid","description_generateur_froid","surface_climatisee","conso_refroidissement_annuel","categorie_enr","systeme_production_electricite_origine_renouvelable","presence_production_pv","surface_totale_capteurs_pv","nombre_module","production_electricite_pv_kwhep_par_an","electricite_pv_autoconsommee"
"2675E0079556Y","2026-01-12","2026-01-12","2026-01-12","2026-01-12","2036-01-11",,,,,,,"DPE 3CL 2021 méthode logement",2.6,"dpe appartement individuel","D","D","appartement",,"1948-1974","collectif","collectif",2.5,1,,1,,,369430,38.2,,"Très lourde","inférieur à 400m","H1a","82 Rue de la Roquette 75011 Paris","82","Rue de la Roquette","Paris","75011","75111","75","11","75111_8358_00082",654220.84,6861956.66,0.81,"adresse géocodée ban à l'adresse","82 RUE DE LA ROQUETTE","82 RUE DE LA ROQUETTE 75011 PARIS 11, France","PARIS 11, France",75011,0,,,"26/IMO/2231","Bat. B2; Etage 7; Porte Droite Ascenseur","moyen",0,0,0,1,0,130.2,20.7,44.7,0,0,3.1,25.9,35.9,"insuffisante","insuffisante",,"très bonne",,"très bonne","bonne",2,5239.1,1000.3,0,1403.8,0,1515.7,0,8802.7,230,6996.5,1339.1,0,137,330.1,8581.4,224,6996.5,1339.1,0,72.1,173.8,1533.2,40,1273.4,243.7,0,5,11.1,"Réseau de Chauffage urbain",8335.5,6996.5,1339.1,743.6,624.2,119.5,1517.1,1273.4,243.7,"Électricité",245.9,0,0,59.8,0,0,16.1,0,0,,,,,,,,,,,803.4,624.2,119.5,0,25,34.8,"Réseau de Chauffage urbain","Réseau de chaleur isolé","installation collective","Radiateur bitube avec robinet thermostatique sur réseau collectif eau chaude haute température(sup ou egal 65°C)","Installation de chauffage simple","Réseau de chaleur vertueux isolé (système collectif). Emetteur(s): radiateur bitube avec robinet thermostatique",6996.5,38.2,,,"Réseau de chaleur isolé","Réseau de Chauffage urbain","chauffage + ecs","Réseau de chaleur isolé",6996.5,,,,,,,,,,,,,,,,,,,,,,,,"Réseau de Chauffage urbain","Réseau de chaleur isolé",,,"installation collective","Un seul système d'ECS sans solaire","Combiné au système de chauffage",1339.1,1,38.2,"Non affecté",,,,"Réseau de chaleur isolé","Réseau de Chauffage urbain","chauffage + ecs","Réseau de chaleur isolé",0,,1339.1,,,,,,,,,,,,0,,,,,,,"réseau de chaleur ou de froid vertueux",,,,,0,
"2175E0788073K","2026-01-06","2021-11-27","2021-11-27","2021-11-27","2031-11-26",,,"XPET9F1B7N3D","Reprise RNB",,,"DPE 3CL 2021 méthode logement",1.1,"dpe appartement individuel","D","B","appartement",1947,"avant 1948","individuel","individuel",2.4,1,,1,,,,66.4,,"Moyenne","inférieur à 400m","H1a","54 Rue de Malte 75011 Paris","54","Rue de Malte","Paris","75011","75111","75","11","75111_5968_00054",653512.46,6863246.09,0.74,"adresse géocodée ban à l'adresse","54, rue de Malte","54, rue de Malte 75011 PARIS - 11EME","PARIS - 11EME",75011,0,,,,"Bat. rue; Etage 1; Porte droite",,,,,,,136.7,15,45.2,0,0,0,29.2,47.3,"insuffisante","insuffisante",,"très bonne",,"très bonne","moyenne",2.61,4804.5,1258.4,0,2141288.6,0,2002066.3,0,12556.7,189,10521.1,4390.5,0,288.7,1,6608.8,99,4574.4,1908.9,0,125.5,0,494.1,7,361.4,124.1,0,8.7,0,"Électricité",6608.8,4574.4,1908.9,1133.9,784.8,327.5,494.1,361.4,124.1,,,,,,,,,,,,,,,,,,,,,1133.9,784.8,327.5,0,21.5,0,"Électricité","Panneau rayonnant électrique NFC, NF** et NF***","installation individuelle","Panneau rayonnant NFC, NF** et NF***","Installation de chauffage simple","Panneau rayonnant électrique NFC, NF** et NF*** (système individuel)",1,66.4,,,"Panneau rayonnant électrique NFC, NF** et NF***","Électricité","chauffage","Electrique - Panneau rayonnant électrique NFC, NF** et NF***",1,,,,,,,,,,,,,,,,,,,,,,,,"Électricité","Ballon électrique à accumulation vertical Autres ou inconnue",,,"installation individuelle","Un seul système d'ECS sans solaire","Ballon électrique à accumulation vertical (autres catégorie ou inconnue), contenance ballon 150 L",1,,66.4,"Non affecté",,,,"Ballon électrique à accumulation vertical Autres ou inconnue","Électricité","chauffage","Electrique - Ballon électrique à accumulation vertical (autres catégorie ou inconnue)",150,,1,,,,,,,,,,,,0,,,,,,,,"Solaire Photovoltaïque",1,,,0,1
"2675E0022855D","2026-01-06","2025-10-22","2026-01-06","2026-01-06","2036-01-05",,,,,,,"DPE 3CL 2021 méthode logement",2.6,"dpe appartement individuel","C","B","appartement",,"avant 1948","individuel","individuel",2.6,1,,1,,,,18.6,,"Moyenne","inférieur à 400m","H1a","48 Passage du Bureau 75011 Paris","48","Passage du Bureau","Paris","75011","75111","75","11","75111_1uzdgb_00048",655533.8,6861674.22,0.76,"adresse géocodée ban à l'adresse","48 Passage du Bureau","48 Passage du Bureau 75011 PARIS","PARIS",75011,0,,,"221025LA","R+4 / Droite","moyen",0,0,0,0,0,34.1,1.8,12.2,0,0,2.5,5,12.5,"très bonne","insuffisante",,"très bonne",,"très bonne","bonne",0.27,1081.2,759.8,0,854,0,313.3,0,3994.9,215,1984.1,1944.1,0,66.7,0,2102.6,113,1044.3,1023.2,0,35.1,0,151.4,8,82.5,66.5,0,2.4,0,"Électricité",2102.6,1044.3,1023.2,556.5,276.4,270.8,151.4,82.5,66.5,,,,,,,,,,,,,,,,,,,,,556.5,276.4,270.8,0,9.3,0,"Électricité","radiateur électrique NFC, NF** et NF***","installation individuelle","radiateur électrique NFC, NF** et NF***","Installation de chauffage simple","Radiateur électrique à fluide caloporteur (modélisé comme un radiateur NFC, NF** et NF***) (système individuel)",1044.3,18.6,,,"radiateur électrique NFC, NF** et NF***","Électricité","chauffage","Electrique - Radiateur électrique à inertie (modélisé comme un radiateur NFC, NF** et NF***)",1044.3,,,,,,,,,,,,,,,,,,,,,,,,"Électricité","Ballon électrique à accumulation vertical Autres ou inconnue",,,"installation individuelle","Un seul système d'ECS sans solaire","Ballon électrique à accumulation vertical (autres catégorie ou inconnue), contenance ballon 40 L",1023.2,1,18.6,"Non affecté",,,,"Ballon électrique à accumulation vertical Autres ou inconnue","Électricité","ecs","Electrique - Ballon électrique à accumulation vertical (autres catégorie ou inconnue)",40,,1023.2,,,,,,,,,,,,0,,,,,,,,,,,,0,
"2675E0066025N","2026-01-10","2023-08-06","2026-01-10","2026-01-10","2036-01-09",,,,,,,"DPE 3CL 2021 méthode logement",2.6,"dpe appartement individuel","C","A","appartement",,"avant 1948","individuel","individuel",2.3,1,,1,,,,33.8,,"Très lourde","inférieur à 400m","H1a","6 Rue Popincourt 75011 Paris","6","Rue Popincourt","Paris","75011","75111","75","11","75111_7626_00006",654340.8,6862076.14,0.75,"adresse géocodée ban à l'adresse","6 Rue Popincourt","6 Rue Popincourt 75011 PARIS 11","PARIS 11",75011,0,,,"2023-08-004","Etage : 2ème Gustave Caillebotte","insuffisant",0,0,0,1,0,43.8,16.4,2.2,0,0,0,9.8,15.3,"très bonne","très bonne",,"très bonne",,"très bonne","très bonne",0.34,918.7,946.8,122.7,1160,20.6,777.2,95.6,3885.3,114,601,2944.3,33,121.4,185.6,2044.9,60,316.3,1549.7,17.4,63.9,97.7,137.5,4,25,100.7,1.1,4.4,6.3,"Électricité",2044.9,316.3,1549.7,545.6,84.4,413.5,137.5,25,100.7,,,,,,,,,,,,,,,,,,,,,545.6,84.4,413.5,4.6,17,26.1,"Électricité","PAC air/air installée à partir de 2015","installation individuelle","Soufflage d'air chaud (air soufflé) avec distribution par fluide frigorigène","Installation de chauffage simple","PAC air/air sans réseau de distribution installée à partir de 2015 (système individuel)",316.3,33.8,,,"PAC air/air installée à partir de 2015","Électricité","chauffage","Electrique - PAC air/air sans réseau de distribution installée à partir de 2015",316.3,,,,,,,,,,,,,,,,,,,,,,,,"Électricité","Ballon électrique à accumulation vertical Catégorie B ou 2 étoiles",,,"installation individuelle","Un seul système d'ECS sans solaire","Ballon électrique à accumulation vertical (catégorie B ou 2 étoiles), contenance ballon 150 L",1549.7,1,33.8,"Non affecté",,,,"Ballon électrique à accumulation vertical Catégorie B ou 2 étoiles","Électricité","ecs","Electrique - Ballon électrique à accumulation vertical (catégorie B ou 2 étoiles)",150,,1549.7,,,,,,,,,,,,0,"PAC air/air installée à partir de 2015","Électricité","A partir de 2015","Refroidissement - Electrique - Pompe à chaleur air/air",33.8,17.4,"pompe à chaleur",,,,,0,
"2675E0008072O","2026-01-05","2022-08-19","2026-01-05","2026-01-05","2036-01-04",,,,,,,"DPE 3CL 2021 méthode logement",2.6,"dpe appartement individuel","E","C","appartement",,"avant 1948","individuel","individuel",2.7,1,,1,,,,40.6,,"Moyenne","inférieur à 400m","H1a","51 Rue Alexandre Dumas 75011 Paris","51","Rue Alexandre Dumas","Paris","75011","75111","75","11","75111_0155_00051",655587.45,6861732.3,0.75,"adresse géocodée ban à l'adresse","49/51, Rue Alexandre Dumas","49/51, Rue Alexandre Dumas 75011 PARIS 11","PARIS 11",75011,0,,,"190822.1566","Esc. B; Etage 5; Porte Gauche","insuffisant",0,1,0,0,0,124.9,9.4,51.3,0,0,1.2,26.2,36.9,"bonne","insuffisante",,"très bonne",,"très bonne","insuffisante",0.58,5621.3,1030.5,0,1472.9,0,461.4,0,12929.9,318,9852.3,2931.7,0,145.9,0,6805.2,167,5185.4,1543,0,76.8,0,515.2,12,409.6,100.3,0,5.3,0,"Électricité",6805.2,5185.4,1543,1461.4,1113.5,331.4,515.2,409.6,100.3,,,,,,,,,,,,,,,,,,,,,1461.4,1113.5,331.4,0,16.5,0,"Électricité",,"installation individuelle","radiateur électrique NFC, NF** et NF***","Installation de chauffage simple","Radiateur électrique à inertie (modélisé comme un radiateur NFC, NF** et NF***) (système individuel)",5185.4,40.6,,,"radiateur électrique NFC, NF** et NF***","Électricité","chauffage","Electrique - Radiateur électrique à inertie (modélisé comme un radiateur NFC, NF** et NF***)",5185.4,,,,,,,,,,,,,,,,,,,,,,,,"Électricité",,,,"installation individuelle","Un seul système d'ECS sans solaire","Ballon électrique à accumulation vertical (catégorie B ou 2 étoiles), contenance ballon 100 L",1543,1,40.6,"Non affecté",,,,"Ballon électrique à accumulation vertical Catégorie B ou 2 étoiles","Électricité","ecs","Electrique - Ballon électrique à accumulation vertical (catégorie B ou 2 étoiles)",100,,1543,,,,,,,,,,,,0,,,,,,,,,,,,0,
"2175E0598391Y","2026-01-03","2021-10-27","2021-10-29","2021-10-29","2031-10-28",,,"EN583B83N2TY","Reprise RNB",,,"DPE 3CL 2021 méthode logement",1.1,"dpe appartement individuel","G","C","appartement",1947,"avant 1948","individuel","individuel",2.8,1,,1,,,,17.2,,"Moyenne","inférieur à 400m","H1a","8 Rue Auguste Barbier 75011 Paris","8","Rue Auguste Barbier","Paris","75011","75111","75","11","75111_0537_00008",653891.59,6863366.38,0.68,"adresse géocodée ban à l'adresse","8 rue Auguste Barbier","8 rue Auguste Barbier 75011 PARIS 11","PARIS 11",75011,0,,,,"2ème étage, gauche porte face",,,,,,,142.4,7.1,77.4,0,0,1.8,16,40.1,"insuffisante","insuffisante",,"très bonne",,"très bonne","insuffisante",2.16,7427.6,743,0,815540.9,0,264403.8,0,13280.5,772.1,13442.5,2559.1,0,74.8,1,6989.7,406,5844.6,1112.7,0,32.5,0,536.3,31,461.7,72.3,0,2.2,0,"Électricité",6989.7,5844.6,1112.7,1193.8,998.2,190,536.3,461.7,72.3,,,,,,,,,,,,,,,,,,,,,1193.8,998.2,190,0,5.6,0,"Électricité",,"installation individuelle","Panneau rayonnant NFC, NF** et NF***","Installation de chauffage simple","Panneau rayonnant électrique NFC, NF** et NF*** (système individuel)",1,14.9,,,"Panneau rayonnant électrique NFC, NF** et NF***","Électricité","chauffage","Electrique - Panneau rayonnant électrique NFC, NF** et NF***",1,,,,,,"installation individuelle","Radiateur électrique à accumulation","Installation de chauffage simple","Radiateur électrique à accumulation (système individuel)",1,2.3,,,"Radiateur électrique à accumulation","Électricité","chauffage","Electrique - Radiateur électrique à accumulation",1,,,,,,"Électricité",,,,"installation individuelle","Un seul système d'ECS sans solaire","Ballon électrique à accumulation vertical (catégorie C ou 3 étoiles), contenance ballon 100 L",1,,17.2,"Non affecté",,,,"Ballon électrique à accumulation vertical Catégorie C ou 3 étoiles","Électricité","chauffage","Electrique - Ballon électrique à accumulation vertical (catégorie C ou 3 étoiles)",100,,1,,,,,,,,,,,,0,,,,,,,,"Solaire Photovoltaïque",1,,,0,1
"2675E0072370O","2026-01-12","2026-01-12","2026-01-12","2026-01-12","2036-01-11",,,,,,,"DPE 3CL 2021 méthode logement",2.6,"dpe appartement individuel","G","C","appartement",,"avant 1948","individuel","individuel",2.5,1,,1,,,,27.1,,"Moyenne","inférieur à 400m","H1a","11 Rue Camille Crespin du Gast 75011 Paris","11","Rue Camille Crespin du Gast","Paris","75011","75111","75","11","75111_2434_00011",654658.92,6863046.74,0.69,"adresse géocodée ban à l'adresse","11 Rue Camille Crespin du Gast","11 Rue Camille Crespin du Gast 75011 PARIS","PARIS",75011,0,,,"75011-61022_p01","Bat. B; Etage 4; Porte Droite","insuffisant",0,1,0,0,0,138.9,9.5,75.2,0,0,3.4,9.3,41.4,"insuffisante","insuffisante",,"très bonne",,"très bonne","bonne",2.35,6502.7,864.2,0,989,0,359.2,0,13539.6,500,10697.5,2745,0,97.2,0,7126.1,263,5630.2,1444.7,0,51.2,0,542.2,20,444.8,93.9,0,3.5,0,"Électricité",7126.1,5630.2,1444.7,1524.7,1204.6,309.1,542.2,444.8,93.9,,,,,,,,,,,,,,,,,,,,,1524.7,1204.6,309.1,0,10.9,0,"Électricité","Convecteur électrique NFC, NF** et NF***","installation individuelle","Convecteur électrique NFC, NF** et NF***","Installation de chauffage simple","Convecteur électrique NFC, NF** et NF*** (système individuel)",5630.2,27.1,,,"Convecteur électrique NFC, NF** et NF***","Électricité","chauffage","Electrique - Convecteur électrique NFC, NF** et NF***",5630.2,,,,,,,,,,,,,,,,,,,,,,,,"Électricité","Ballon électrique à accumulation vertical Autres ou inconnue",,,"installation individuelle","Un seul système d'ECS sans solaire","Ballon électrique à accumulation vertical (autres catégorie ou inconnue), contenance ballon 100 L",1444.7,1,27.1,"Non affecté",,,,"Ballon électrique à accumulation vertical Autres ou inconnue","Électricité","ecs","Electrique - Ballon électrique à accumulation vertical (autres catégorie ou inconnue)",100,,1444.7,,,,,,,,,,,,0,,,,,,,,,,,,0,
"2675E0077791B","2026-01-12","2026-01-12","2026-01-12","2026-01-12","2036-01-11","2575E3306318D",,,,,,"DPE 3CL 2021 méthode logement",2.6,"dpe appartement individuel","D","D","appartement",,"1948-1974","collectif","collectif",2.5,1,,1,,,6572,63.3,,"Lourde","inférieur à 400m","H1a","48 Rue de Montreuil 75011 Paris","48","Rue de Montreuil","Paris","75011","75111","75","11","75111_6530_00048",655140.25,6861320.75,0.78,"adresse géocodée ban à l'adresse","48 RUE DE MONTREUIL","48 RUE DE MONTREUIL 75011 PARIS 11, France","PARIS 11, France",75011,0,,,"26/001/0481","Etage 5; Porte Gauche","bon",1,1,0,1,0,110.3,10.2,23.7,0,0,0,32.7,43.8,"insuffisante","insuffisante",,"très bonne",,"très bonne","moyenne",2.39,3404.6,1237.3,0,2065.5,0,1932,0,9971.3,157,5785.8,2647.4,0,227.5,1310.7,9242.7,145,5785.8,2647.4,0,119.7,689.8,1966.7,31,1313.4,601,0,8.3,44.1,"Gaz naturel",8433.2,5785.8,2647.4,784.9,538.5,246.4,1914.3,1313.4,601,"Électricité",809.5,0,0,254.3,0,0,52.4,0,0,,,,,,,,,,,1039.2,538.5,246.4,0,41.6,212.7,"Gaz naturel","Chaudière gaz standard 2001-2015","installation collective","Radiateur monotube sans robinet thermostatique sur réseau collectif eau chaude haute température(sup ou egal 65°C)","Installation de chauffage simple","Chaudière collective gaz standard installée entre 2001 et 2015 régulée, avec équipement d'intermittence central collectif. Emetteur(s): radiateur monotube sans robinet thermostatique",5785.8,63.3,,,"Chaudière gaz standard 2001-2015","Gaz naturel","chauffage + ecs","Gaz Naturel - Chaudière gaz standard installée entre 2001 et 2015",5785.8,,,,,,,,,,,,,,,,,,,,,,,,"Gaz naturel","Chaudière gaz standard 2001-2015",,,"installation collective","Un seul système d'ECS sans solaire","Combiné au système de chauffage",2647.4,1,63.3,"Non affecté",,,,"Chaudière gaz standard 2001-2015","Gaz naturel","chauffage + ecs","Gaz Naturel - Chaudière gaz standard installée entre 2001 et 2015",0,,2647.4,,,,,,,,,,,,0,,,,,,,,,,,,0,
"2675E0068779L","2026-01-11","2026-01-09","2026-01-11","2026-01-11","2036-01-10",,,,,,,"DPE 3CL 2021 méthode logement",2.6,"dpe appartement individuel","E","C","appartement",,"avant 1948","individuel","individuel",2.6,1,,1,,,,28.6,,"Moyenne","inférieur à 400m","H1a","68 Rue de Montreuil 75011 Paris","68","Rue de Montreuil","Paris","75011","75111","75","11","75111_6530_00068",655330.97,6861320.17,0.78,"adresse géocodée ban à l'adresse","68 RUE DE MONTREUIL","68 RUE DE MONTREUIL 75011 PARIS 11","PARIS 11",75011,0,,,"26/01/01360","Etage 6; Porte Face/Droite","insuffisant",0,0,0,0,0,94,3.5,27,27.5,0,0.6,9,26.4,"insuffisante","insuffisante",,"insuffisante",,"très bonne","moyenne",1.19,4105.1,883.3,0,1136.4,0,494.1,0,10027.7,350,7500.5,2424.4,0,102.8,0,5277.8,184,3947.6,1276,0,54.1,0,398.5,13,311.9,82.9,0,3.7,0,"Électricité",5277.8,3947.6,1276,1160.1,867.7,280.5,398.5,311.9,82.9,,,,,,,,,,,,,,,,,,,,,1160.1,867.7,280.5,0,11.9,0,"Électricité","Autres émetteurs à effet joule","installation individuelle","Autres émetteurs à effet joule","Installation de chauffage simple","Autres émetteurs à effet joule (système individuel)",3947.6,28.6,,,"Autres émetteurs à effet joule","Électricité","chauffage","Electrique - Autres émetteurs à effet joule",3947.6,,,,,,,,,,,,,,,,,,,,,,,,"Électricité","Ballon électrique à accumulation vertical Catégorie B ou 2 étoiles",,,"installation individuelle","Un seul système d'ECS sans solaire","Ballon électrique à accumulation vertical (catégorie B ou 2 étoiles), contenance ballon 75 L",1276,1,28.6,"Non affecté",,,,"Ballon électrique à accumulation vertical Catégorie B ou 2 étoiles","Électricité","ecs","Electrique - Ballon électrique à accumulation vertical (catégorie B ou 2 étoiles)",75,,1276,,,,,,,,,,,,0,,,,,,,,,,,,0,
"2675E0068199D","2026-01-11","2026-01-05","2026-01-11","2026-01-11","2036-01-10",,,,,,,"DPE 3CL 2021 méthode logement",2.6,"dpe appartement individuel","G","C","appartement",,"avant 1948","individuel","individuel",2.6,1,,1,,,,21.8,,"Légère","inférieur à 400m","H1a","53 Rue Sedaine 75011 Paris","53","Rue Sedaine","Paris","75011","75111","75","11","75111_8901_00053",654191.79,6862114.57,0.77,"adresse géocodée ban à l'adresse","53 rue Sedaine","53 rue Sedaine 75011 PARIS 11","PARIS 11",75011,0,,,"26/IMO/1369","5ème étage","insuffisant",0,0,0,0,0,106.2,6.1,41.5,26.1,0,5.2,10.1,17.2,"insuffisante","insuffisante","insuffisante",,,"très bonne","insuffisante",1.25,5189.4,799.2,0,944.1,0,333,0,10799.5,495,8675.2,2046,0,78.2,0,5683.9,260,4565.9,1076.9,0,41.2,0,433.5,19,360.7,70,0,2.8,0,"Électricité",5683.9,4565.9,1076.9,1240.2,996.3,235,433.5,360.7,70,,,,,,,,,,,,,,,,,,,,,1240.2,996.3,235,0,9,0,"Électricité","Convecteur électrique NFC, NF** et NF***","installation individuelle","Convecteur électrique NFC, NF** et NF***","Installation de chauffage simple","Convecteur électrique NFC, NF** et NF*** (système individuel)",4565.9,21.8,,,"Convecteur électrique NFC, NF** et NF***","Électricité","chauffage","Electrique - Convecteur électrique NFC, NF** et NF***",4565.9,,,,,,,,,,,,,,,,,,,,,,,,"Électricité","Ballon électrique à accumulation vertical Catégorie B ou 2 étoiles",,,"installation individuelle","Un seul système d'ECS sans solaire","Ballon électrique à accumulation vertical (catégorie B ou 2 étoiles), contenance ballon 50 L",1076.9,1,21.8,"Non affecté",,,,"Ballon électrique à accumulation vertical Catégorie B ou 2 étoiles","Électricité","ecs","Electrique - Ballon électrique à accumulation vertical (catégorie B ou 2 étoiles)",50,,1076.9,,,,,,,,,,,,0,,,,,,,,,,,,0,
"2675E0010831R","2026-01-05","2026-01-05","2026-01-05","2026-01-05","2036-01-04",,,,,,,"DPE 3CL 2021 méthode logement",2.6,"dpe appartement individuel","D","B","appartement",,"avant 1948","individuel","individuel",2.5,1,,1,,,,14.3,,"Légère","inférieur à 400m","H1a","50 Rue de la Fontaine au Roi 75011 Paris","50","Rue de la Fontaine au Roi","Paris","75011","75111","75","11","75111_3717_00050",654020.48,6863291.19,0.77,"adresse géocodée ban à l'adresse","50 RUE DE LA FONTAINE AU ROI","50 RUE DE LA FONTAINE AU ROI 75011 PARIS 11","PARIS 11",75011,0,,,"910428902","Etage 3; Porte fond couloir gauche","moyen",1,0,0,0,0,41.3,8,13.8,0,0,0,7.8,11.8,"très bonne","insuffisante",,"très bonne",,"très bonne","bonne",0.4,1345.6,707.2,0,733.6,0,837.5,0,4211,294,2301.7,1858,0,51.3,0,2216.3,155,1211.4,977.9,0,27,0,161.1,11,95.7,63.6,0,1.9,0,"Électricité",2216.3,1211.4,977.9,578.1,316,255.1,161.1,95.7,63.6,,,,,,,,,,,,,,,,,,,,,578.1,316,255.1,0,7,0,"Électricité",,"installation individuelle","Convecteur électrique NFC, NF** et NF***","Installation de chauffage simple","Convecteur électrique NFC, NF** et NF*** avec programmateur pièce par pièce (système individuel)",1211.4,14.3,,,"Convecteur électrique NFC, NF** et NF***","Électricité","chauffage","Electrique - Convecteur électrique NFC, NF** et NF***",1211.4,,,,,,,,,,,,,,,,,,,,,,,,"Électricité",,,,"installation individuelle","Un seul système d'ECS sans solaire","Ballon électrique à accumulation vertical (catégorie B ou 2 étoiles), contenance ballon 50 L",977.9,1,14.3,"Non affecté",,,,"Ballon électrique à accumulation vertical Catégorie B ou 2 étoiles","Électricité","ecs","Electrique - Ballon électrique à accumulation vertical (catégorie B ou 2 étoiles)",50,,977.9,,,,,,,,,,,,0,,,,,,,,,,,,0,
"2175E0772916L","2026-01-06","2021-11-25","2021-11-25","2021-11-25","2031-11-24",,,"TARVCFVSFNQG","Reprise RNB",,,"DPE 3CL 2021 méthode logement",1.1,"dpe appartement individuel","D","B","appartement",1947,"avant 1948","individuel","individuel",2.7,1,,1,,,,30,,"Moyenne","inférieur à 400m","H1a","74 Rue Jean-Pierre Timbaud 75011 Paris","74","Rue Jean-Pierre Timbaud","Paris","75011","75111","75","11","75111_4939_00074",654205.86,6863198.31,0.78,"adresse géocodée ban à l'adresse","74, rue Jean Pierre Timbaud","74, rue Jean Pierre Timbaud 75011 PARIS - 11EME","PARIS - 11EME",75011,0,,,,"Bat. Rue; Etage 2; Porte Droite",,,,,,,71.1,6.8,24.8,0,0,0,15.9,23.5,"insuffisante","insuffisante",,"très bonne",,"très bonne","moyenne",2.48,2760.9,900.1,0,1174803.8,0,529914.5,0,7515.1,250.5,6147.9,2819,0,130.4,1,3955.3,131,2673,1225.6,0,56.7,0,294.7,9,211.2,79.7,0,3.9,0,"Électricité",3955.3,2673,1225.6,722.3,488.1,223.8,294.7,211.2,79.7,,,,,,,,,,,,,,,,,,,,,722.3,488.1,223.8,0,10.4,0,"Électricité","Convecteur électrique NFC, NF** et NF***","installation individuelle","Convecteur électrique NFC, NF** et NF***","Installation de chauffage simple","Convecteur électrique NFC, NF** et NF*** (système individuel)",1,30,,,"Convecteur électrique NFC, NF** et NF***","Électricité","chauffage","Electrique - Convecteur électrique NFC, NF** et NF***",1,,,,,,,,,,,,,,,,,,,,,,,,"Électricité","Ballon électrique à accumulation vertical Autres ou inconnue",,,"installation individuelle","Un seul système d'ECS sans solaire","Ballon électrique à accumulation vertical (autres catégorie ou inconnue), contenance ballon 50 L",1,,30,"Non affecté",,,,"Ballon électrique à accumulation vertical Autres ou inconnue","Électricité","chauffage","Electrique - Ballon électrique à accumulation vertical (autres catégorie ou inconnue)",50,,1,,,,,,,,,,,,0,,,,,,,,"Solaire Photovoltaïque",1,,,0,1
"2675E0080560O","2026-01-12","2026-01-12","2026-01-12","2026-01-12","2036-01-11",,,,,,,"DPE 3CL 2021 méthode logement",2.6,"dpe appartement individuel","D","C","appartement",,"avant 1948","mixte (collectif-individuel)","individuel",2.8,1,,1,,,1706,76,,"Moyenne","inférieur à 400m","H1a","283 Boulevard Voltaire 75011 Paris","283","Boulevard Voltaire","Paris","75011","75111","75","11","75111_9907_00283",655582.38,6861204.81,0.82,"adresse géocodée ban à l'adresse","283 boulevard Voltaire","283 boulevard Voltaire 75011 PARIS, France","PARIS, France",75011,0,,,"26/01/7527","B, 3ème Étage","insuffisant",0,1,0,0,0,151,3.6,85.8,0,0,0,11.1,50.6,"insuffisante","insuffisante",,"très bonne",,"très bonne","bonne",2.19,6441.3,1324.5,0,2378.5,0,359,0,15691.8,206,10809.8,3899.6,0,273,709.4,10855.5,142,8286,2052.4,0,143.7,373.4,1633.1,21,1465.9,133.4,0,9.9,23.9,"Gaz naturel",5481.8,5481.8,0,521.2,521.2,0,1244.4,1244.4,0,"Électricité",5373.7,2804.2,2052.4,1184.7,617.4,451.9,388.7,221.5,133.4,,,,,,,,,,,1705.9,1138.6,451.9,0,31.6,83.7,"Gaz naturel","Chaudière gaz basse température 2001-2015","installation collective","Radiateur bitube sans robinet thermostatique sur réseau collectif eau chaude basse ou moyenne température(inf 65°C)","Installation de chauffage simple","Chaudière collective gaz basse température installée entre 2001 et 2015 régulée, avec équipement d'intermittence central collectif. Emetteur(s): radiateur bitube sans robinet thermostatique",5481.8,40.1,,,"Chaudière gaz basse température 2001-2015","Gaz naturel","chauffage","Gaz Naturel - Chaudière gaz basse température installée entre 2001 et 2015",5481.8,,,,,,"installation individuelle","radiateur électrique NFC, NF** et NF***","Installation de chauffage simple","Radiateur électrique à inertie (modélisé comme un radiateur NFC, NF** et NF***) avec programmateur pièce par pièce (système individuel)",2804.2,35.9,,,"radiateur électrique NFC, NF** et NF***","Électricité","chauffage","Electrique - Radiateur électrique à inertie (modélisé comme un radiateur NFC, NF** et NF***)",2804.2,,,,,,"Électricité","Ballon électrique à accumulation horizontal",,,"installation individuelle","Un seul système d'ECS sans solaire","Ballon électrique à accumulation horizontal, contenance ballon 100 L",2052.4,1,76,"Non affecté",,,,"Ballon électrique à accumulation horizontal","Électricité","ecs","Electrique - Ballon électrique à accumulation horizontal",100,,2052.4,,,,,,,,,,,,0,,,,,,,,,,,,0,
"2675E0041250Q","2026-01-07","2026-01-06","2026-01-07","2026-01-07","2036-01-06",,,,,,,"DPE 3CL 2021 méthode logement",2.6,"dpe appartement individuel","D","D","appartement",1850,"avant 1948","individuel","individuel",3,,,1,,,,82.8,,"Lourde","inférieur à 400m","H1a","101 Rue de Montreuil 75011 Paris","101","Rue de Montreuil","Paris","75011","75111","75","11","75111_6530_00101",655523.1,6861350.05,0.98,"adresse géocodée ban à l'adresse","101 rue de Montreuil","101 rue de Montreuil 75011 PARIS","PARIS",75011,3,,"Bâtiment",,"A gauche","insuffisant",0,1,1,1,0,212.6,19.5,113.1,0,0,0.8,21.4,57.8,"insuffisante","insuffisante",,,,,"bonne",2.06,8906.9,1371.3,0,2305283.6,0,1108141.3,0,16336.4,197.2,13346,2310.5,0,297.4,382.5,16014.4,193.3,13346,2310.5,0,156.5,201.3,3577.7,43.1,3029.5,524.5,0,10.8,12.9,"Gaz naturel",15656.5,13346,2310.5,1667,1421,246,3554,3029.5,524.5,"Électricité",357.8,0,0,123,0,0,23.7,0,0,,,,,,,,,,,1790,1421,246,0,54,69,"Gaz naturel","Chaudière gaz basse température après 2015","installation individuelle","Radiateur bitube sans robinet thermostatique sur réseau individuel eau chaude basse ou moyenne température(inf 65°C)","Installation de chauffage simple","Chauffage sans solaire",13346,82.8,,,"Chaudière gaz basse température après 2015","Gaz naturel","chauffage + ecs","Chaudière basse température",13346,,,,,,,,,,,,,,,,,,,,,,,,"Gaz naturel","Chaudière gaz basse température après 2015",,,"installation individuelle","Un seul système d'ECS sans solaire","Chaudière basse température Gaz naturel",2310.5,1,82.8,"Non affecté",,,,"Chaudière gaz basse température après 2015","Gaz naturel","chauffage + ecs","Chaudière basse température",0,,2310.5,,,,,,,,,,,,0,,,,,,,,,,,,0,
"2675E0035249V","2026-01-07","2025-04-04","2026-01-07","2026-01-07","2036-01-06",,"2675E0034303L",,,,,"DPE 3CL 2021 méthode logement",2.6,"dpe appartement généré à partir des données DPE immeuble","C","C","appartement",,"2013-2021","mixte (collectif-individuel)","collectif",2.6,63,10,1,,1,4319.5,76.3,,"Légère","inférieur à 400m","H1a","60 Avenue Parmentier 75011 Paris","60","Avenue Parmentier","Paris","75011","75111","75","11","75111_7067_00060",654268.27,6862694.31,0.79,"adresse géocodée ban à l'adresse","58/60 Avenue Parmentier","58/60 Avenue Parmentier 75011 PARIS 11, France","PARIS 11, France",75011,0,,,"2025043188_p03","B501",,,,,,,2949.3,440.6,498,82.4,76,5.6,120.1,1726.8,"très bonne","très bonne",,,"très bonne","très bonne","très bonne",0.36,79690.9,80212.2,0,138250.7,0,11449.8,0,6646.6,87,3781.8,1785.6,0,274,805.3,6135.4,80,3781.8,1785.6,0,144.2,423.8,1300.9,17,858.5,405.3,0,10,27.1,"Gaz naturel",5567.3,3781.8,1785.6,521.4,354.2,167.2,1263.8,858.5,405.3,"Électricité",568,0,0,136.2,0,0,37.1,0,0,,,,,,,,,,,657.6,354.2,167.2,0,50.1,86.1,"Gaz naturel","Chaudière gaz à condensation après 2015","installation hybride collective-individuelle (chauffage base + appoint individuel ou convecteur bi-jonction)","Autres émetteurs à effet joule","Installation de chauffage collectif avec Base + appoint","Chaudière collective gaz à condensation installée à partir de 2016 en cascade avec une chaudière gaz à condensation installée à partir de 2016 avec en appoint un autres émetteurs à effet joule régulée, réseau isolé. Emetteur(s): plancher chauffant",214093.8,4319.5,,,"Chaudière gaz à condensation après 2015","Gaz naturel","chauffage + ecs","Gaz Naturel - Chaudière gaz à condensation installée à partir de 2016",107046.9,"Chaudière gaz à condensation après 2015","Gaz naturel","chauffage + ecs","Gaz Naturel - Chaudière gaz à condensation installée à partir de 2016",107046.9,,,,,,,,,,,,,,,,,,,"Gaz naturel","Chaudière gaz à condensation après 2015",,,"installation collective","Un seul système d'ECS sans solaire","Combiné au système de chauffage, contenance ballon 2860 L",107911,1,4319.5,"Non affecté",,,,"Chaudière gaz à condensation après 2015","Gaz naturel","chauffage + ecs","Gaz Naturel - Chaudière gaz à condensation installée à partir de 2016",2860,,107911,,,,,,,,,,,,0,,,,,,,,,,,,0,
"2675E0081548O","2026-01-12","2025-12-30","2026-01-12","2026-01-12","2036-01-11",,,,,,,"DPE 3CL 2021 méthode logement",2.6,"dpe appartement individuel","F","F","appartement",,"avant 1948","collectif","collectif",2.5,1,,1,,,1125,48.4,,"Moyenne","inférieur à 400m","H1a","39 Rue Pétion 75011 Paris","39","Rue Pétion","Paris","75011","75111","75","11","75111_7312_00039",654538.89,6862400.5,0.74,"adresse géocodée ban à l'adresse","39 Rue Pétion","39 Rue Pétion 75011 Paris, France","Paris, France",75011,0,,,"291225.3734",,"moyen",1,1,0,0,1,136.4,21,34.8,6.8,0,0.3,20.7,52.8,"bonne","insuffisante",,,"très bonne","très bonne","moyenne",0.59,5633.5,1125.7,0,1690.7,0,1360.2,0,12998.6,268,9437.1,3019,0,173.7,368.8,12741.6,263,9437.1,3019,0,91.4,194.1,4054.5,83,3057.6,978.2,0,6.3,12.4,"Fioul domestique",12456.1,9437.1,3019,1846.1,1398.7,447.4,4035.8,3057.6,978.2,"Électricité",285.5,0,0,75.3,0,0,18.7,0,0,,,,,,,,,,,1921.4,1398.7,447.4,0,31.7,43.6,"Fioul domestique","Chaudière fioul standard 1991-2015","installation collective","Radiateur bitube sans robinet thermostatique sur réseau collectif eau chaude haute température(sup ou egal 65°C)","Installation de chauffage simple","Chaudière collective fioul standard installée entre 1991 et 2015 régulée, avec équipement d'intermittence central collectif, réseau isolé. Emetteur(s): radiateur bitube sans robinet thermostatique",9437.1,48.4,,,"Chaudière fioul standard 1991-2015","Fioul domestique","chauffage + ecs","Fioul - Chaudière fioul standard installée entre 1991 et 2015",9437.1,,,,,,,,,,,,,,,,,,,,,,,,"Fioul domestique","Chaudière fioul standard 1991-2015",,,"installation collective","Un seul système d'ECS sans solaire","Combiné au système de chauffage",3019,1,48.4,"Non affecté",,,,"Chaudière fioul standard 1991-2015","Fioul domestique","chauffage + ecs","Fioul - Chaudière fioul standard installée entre 1991 et 2015",0,,3019,,,,,,,,,,,,0,,,,,,,,,,,,0,
"2675E0035321P","2026-01-07","2025-04-04","2026-01-07","2026-01-07","2036-01-06",,"2675E0034303L",,,,,"DPE 3CL 2021 méthode logement",2.6,"dpe appartement généré à partir des données DPE immeuble","C","C","appartement",,"2013-2021","mixte (collectif-individuel)","collectif",2.6,63,10,1,,1,4319.5,53.6,,"Légère","inférieur à 400m","H1a","60 Avenue Parmentier 75011 Paris","60","Avenue Parmentier","Paris","75011","75111","75","11","75111_7067_00060",654268.27,6862694.31,0.79,"adresse géocodée ban à l'adresse","58/60 Avenue Parmentier","58/60 Avenue Parmentier 75011 PARIS 11, France","PARIS 11, France",75011,0,,,"2025043188_p03","A901",,,,,,,2949.3,440.6,498,82.4,76,5.6,120.1,1726.8,"très bonne","très bonne",,,"très bonne","très bonne","très bonne",0.36,79690.9,80212.2,0,138250.7,0,11449.8,0,5054.6,94,2656.7,1575.5,0,192.5,630,4665,87,2656.7,1575.5,0,101.3,331.6,988.9,18,603.1,357.6,0,7,21.2,"Gaz naturel",4232.2,2656.7,1575.5,396.1,248.6,147.4,960.7,603.1,357.6,"Électricité",432.9,0,0,102.5,0,0,28.2,0,0,,,,,,,,,,,498.5,248.6,147.4,0,35.2,67.3,"Gaz naturel","Chaudière gaz à condensation après 2015","installation hybride collective-individuelle (chauffage base + appoint individuel ou convecteur bi-jonction)","Autres émetteurs à effet joule","Installation de chauffage collectif avec Base + appoint","Chaudière collective gaz à condensation installée à partir de 2016 en cascade avec une chaudière gaz à condensation installée à partir de 2016 avec en appoint un autres émetteurs à effet joule régulée, réseau isolé. Emetteur(s): plancher chauffant",214093.8,4319.5,,,"Chaudière gaz à condensation après 2015","Gaz naturel","chauffage + ecs","Gaz Naturel - Chaudière gaz à condensation installée à partir de 2016",107046.9,"Chaudière gaz à condensation après 2015","Gaz naturel","chauffage + ecs","Gaz Naturel - Chaudière gaz à condensation installée à partir de 2016",107046.9,,,,,,,,,,,,,,,,,,,"Gaz naturel","Chaudière gaz à condensation après 2015",,,"installation collective","Un seul système d'ECS sans solaire","Combiné au système de chauffage, contenance ballon 2860 L",107911,1,4319.5,"Non affecté",,,,"Chaudière gaz à condensation après 2015","Gaz naturel","chauffage + ecs","Gaz Naturel - Chaudière gaz à condensation installée à partir de 2016",2860,,107911,,,,,,,,,,,,0,,,,,,,,,,,,0,
"2675E0049932O","2026-01-08","2026-01-05","2026-01-08","2026-01-08","2036-01-07","2575E1819527W",,,,,,"DPE 3CL 2021 méthode logement",2.6,"dpe appartement individuel","C","B","appartement",,"avant 1948","individuel","individuel",2.5,1,,1,,,,15.9,,"Légère","inférieur à 400m","H1a","112 Rue de la Roquette 75011 Paris","112","Rue de la Roquette","Paris","75011","75111","75","11","75111_8358_00112",654389.48,6862051.96,0.81,"adresse géocodée ban à l'adresse","112 Rue de la Roquette","112 Rue de la Roquette 75011 PARIS","PARIS",75011,0,,,"DIA-KRS06-2601-003","Etage : 6e gauche","insuffisant",0,0,0,0,1,30.7,1.9,6.9,4.9,0,1,6.7,9.3,"très bonne","insuffisante","très bonne",,,"très bonne","insuffisante",0.28,966.1,727.1,0,779.1,0,375.5,0,3791.2,238,1682.3,1975.1,0,57.1,76.7,1995.4,125,885.4,1039.5,0,30.1,40.4,142.2,8,69.9,67.6,0,2.1,2.6,"Électricité",1995.4,885.4,1039.5,536.2,237.9,279.3,142.2,69.9,67.6,,,,,,,,,,,,,,,,,,,,,536.2,237.9,279.3,0,8.1,10.9,"Électricité","Panneau rayonnant électrique NFC, NF** et NF***","installation individuelle","Panneau rayonnant NFC, NF** et NF***","Installation de chauffage simple","Panneau rayonnant électrique NFC, NF** et NF*** avec programmateur pièce par pièce (système individuel)",885.4,15.9,,,"Panneau rayonnant électrique NFC, NF** et NF***","Électricité","chauffage","Electrique - Panneau rayonnant électrique NFC, NF** et NF***",885.4,,,,,,,,,,,,,,,,,,,,,,,,"Électricité","Ballon électrique à accumulation vertical Autres ou inconnue",,,"installation individuelle","Un seul système d'ECS sans solaire","Ballon électrique à accumulation vertical (autres catégorie ou inconnue), contenance ballon 50 L",1039.5,1,15.9,"Non affecté",,,,"Ballon électrique à accumulation vertical Autres ou inconnue","Électricité","ecs","Electrique - Ballon électrique à accumulation vertical (autres catégorie ou inconnue)",50,,1039.5,,,,,,,,,,,,0,,,,,,,,,,,,0,
"2675E0030737H","2026-01-07","2026-01-06","2026-01-07","2026-01-07","2036-01-06",,,,,,,"DPE 3CL 2021 méthode logement",2.6,"dpe appartement individuel","G","C","appartement",,"avant 1948","individuel","individuel",2.6,1,,1,,,,21.3,,"Légère","inférieur à 400m","H1a","31 Boulevard de Charonne 75011 Paris","31","Boulevard de Charonne","Paris","75011","75111","75","11","75111_1887_00031",655842.71,6861381.52,0.76,"adresse géocodée ban à l'adresse","31 boulevard de charonne","31 boulevard de charonne 75011 PARIS 11","PARIS 11",75011,0,,,"26/01/006d","Etage 6; Porte Gauche","insuffisant",0,0,0,0,0,170.5,5.8,76.2,52.2,0,1.1,5.1,30.2,"insuffisante","insuffisante",,"insuffisante",,"très bonne","bonne",1.59,8966.6,793.6,0,931.2,0,438.6,0,15239,714,13247.3,1915.1,0,76.6,0,8020.5,376,6972.3,1008,0,40.3,0,619.1,29,550.8,65.5,0,2.8,0,"Électricité",8020.5,6972.3,1008,1701.1,1478.8,213.8,619.1,550.8,65.5,,,,,,,,,,,,,,,,,,,,,1701.1,1478.8,213.8,0,8.5,0,"Électricité","Panneau rayonnant électrique NFC, NF** et NF***","installation individuelle","Panneau rayonnant NFC, NF** et NF***","Installation de chauffage simple","Panneau rayonnant électrique NFC, NF** et NF*** (système individuel)",6972.3,21.3,,,"Panneau rayonnant électrique NFC, NF** et NF***","Électricité","chauffage","Electrique - Panneau rayonnant électrique NFC, NF** et NF***",6972.3,,,,,,,,,,,,,,,,,,,,,,,,"Électricité","Ballon électrique à accumulation vertical Autres ou inconnue",,,"installation individuelle","Un seul système d'ECS sans solaire","Ballon électrique à accumulation vertical (autres catégorie ou inconnue), contenance ballon 30 L",1008,1,21.3,"Non affecté",,,,"Ballon électrique à accumulation vertical Autres ou inconnue","Électricité","ecs","Electrique - Ballon électrique à accumulation vertical (autres catégorie ou inconnue)",30,,1008,,,,,,,,,,,,0,,,,,,,,,,,,0,
"2675E0070314M","2026-01-12","2026-01-09","2026-01-12","2026-01-12","2036-01-11",,,,,,,"DPE 3CL 2021 méthode logement",2.6,"dpe appartement individuel","E","E","appartement",,"avant 1948","individuel","individuel",2.5,1,,2,,,,117.5,,"Légère","inférieur à 400m","H1a","113 Rue du Faubourg Saint-Antoine 75011 Paris","113","Rue du Faubourg Saint-Antoine","Paris","75011","75111","75","11","75111_3514_00113",654256.08,6861428.52,0.79,"adresse géocodée ban à l'adresse","113, rue du Faubourg Saint-Antoine","113, rue du Faubourg Saint-Antoine 75011 PARIS 11","PARIS 11",75011,0,,,"26/IMO/4458","4ème étage, porte gauche","insuffisant",0,1,0,0,1,396.2,26.8,188.3,15.9,0,2.2,57.5,105.6,"insuffisante","insuffisante","bonne",,,"très bonne","insuffisante",1.1,19865.3,1609.8,0,3403.4,0,1095.6,0,32630.5,277,28846.9,2639.9,0,422.1,721.6,32088.7,273,28846.9,2639.9,0,222.1,379.8,7187.1,61,6548.3,599.3,0,15.3,24.3,"Gaz naturel",31486.8,28846.9,2639.9,3169.5,2903.7,265.7,7147.5,6548.3,599.3,"Électricité",601.9,0,0,209,0,0,39.6,0,0,,,,,,,,,,,3378.5,2903.7,265.7,0,77.1,131.9,"Gaz naturel","Chaudière gaz standard après 2015","installation individuelle","Radiateur monotube avec robinet thermostatique sur réseau individuel eau chaude haute température(sup ou egal 65°C)","Installation de chauffage simple","Chaudière individuelle gaz standard installée à partir de 2016. Emetteur(s): radiateur monotube avec robinet thermostatique",28846.9,117.5,,,"Chaudière gaz standard après 2015","Gaz naturel","chauffage + ecs","Gaz Naturel - Chaudière gaz standard installée à partir de 2016",28846.9,,,,,,,,,,,,,,,,,,,,,,,,"Gaz naturel","Chaudière gaz standard après 2015",,,"installation individuelle","Un seul système d'ECS sans solaire","Combiné au système de chauffage",2639.9,1,117.5,"Non affecté",,,,"Chaudière gaz standard après 2015","Gaz naturel","chauffage + ecs","Gaz Naturel - Chaudière gaz standard installée à partir de 2016",0,,2639.9,,,,,,,,,,,,0,,,,,,,,,,,,0,
"2575E0555238J","2026-01-02","2025-02-18","2025-02-18","2025-02-18","2035-02-17",,,"MPX77R24874R","Reprise RNB",,,"DPE 3CL 2021 méthode logement",2.4,"dpe appartement individuel","F","C","appartement",1945,"avant 1948","mixte (collectif-individuel)","individuel",2.6,1,1,1,,0,27.1,27.1,,"Moyenne","inférieur à 400m","H1a","156 Rue de Charonne 75011 Paris","156","Rue de Charonne","Paris","75011","75111","75","11","75111_1888_00156",655286.56,6861898.96,0.82,"adresse non géocodée ban car aucune correspondance trouvée","156 RUE DE CHARONNE","156 RUE DE CHARONNE 75011 PARIS 11","PARIS 11",75011,,,"Lot : 21 / Étage : 05 / Porte : DROITE",,"1-Bâtiment n°1-1-LogZone","insuffisant",0,1,0,0,1,105.1,8.2,46.5,12.9,0,1.9,10.4,25.2,"insuffisante","insuffisante",,"insuffisante",,"très bonne","très bonne",1.45,4675.2,864.4,0,1093128,0,583420.1,0,10271.3,379.1,9177.7,3138.2,0,117.8,0,5406,199.6,3990.3,1364.4,0,51.2,0,406.4,15,315.2,88.7,0,3.5,0,"Électricité",5406,3990.3,1364.4,1185,875,299,407.5,315.2,88.7,,,,,,,,,,,,,,,,,,,,,1185,875,299,0,11,0,"Électricité",,"installation individuelle","radiateur électrique NFC, NF** et NF***","Installation de chauffage simple","Emission n°1",3990.3,27.1,,,"radiateur électrique NFC, NF** et NF***","Électricité","chauffage","Generateur Effet joule",3990.3,,,,,,,,,,,,,,,,,,,,,,,,"Électricité",,,,"installation individuelle","Un seul système d'ECS sans solaire","ECS Electrique, Volume du ballon 100 L",1364.4,1,27.1,"Non affecté",,,,"Ballon électrique à accumulation vertical Catégorie B ou 2 étoiles","Électricité","ecs",,100,,1364.4,"Avant 2010",,,,,,,,,"Ventilation par ouverture des fenêtres",27.1,0,,,,,,,,"Solaire Photovoltaïque",0,,,0,
"2675E0035261H","2026-01-07","2025-04-04","2026-01-07","2026-01-07","2036-01-06",,"2675E0034303L",,,,,"DPE 3CL 2021 méthode logement",2.6,"dpe appartement généré à partir des données DPE immeuble","C","C","appartement",,"2013-2021","mixte (collectif-individuel)","collectif",2.6,63,10,1,,1,4319.5,51.5,,"Légère","inférieur à 400m","H1a","60 Avenue Parmentier 75011 Paris","60","Avenue Parmentier","Paris","75011","75111","75","11","75111_7067_00060",654268.27,6862694.31,0.79,"adresse géocodée ban à l'adresse","58/60 Avenue Parmentier","58/60 Avenue Parmentier 75011 PARIS 11, France","PARIS 11, France",75011,0,,,"2025043188_p03","A601",,,,,,,2949.3,440.6,498,82.4,76,5.6,120.1,1726.8,"très bonne","très bonne",,,"très bonne","très bonne","très bonne",0.36,79690.9,80212.2,0,138250.7,0,11449.8,0,4907.4,95,2552.6,1556.1,0,184.9,613.8,4529,87,2552.6,1556.1,0,97.3,323,960.1,18,579.4,353.2,0,6.7,20.7,"Gaz naturel",4108.6,2552.6,1556.1,384.5,238.9,145.6,932.7,579.4,353.2,"Électricité",420.4,0,0,99.3,0,0,27.4,0,0,,,,,,,,,,,483.8,238.9,145.6,0,33.8,65.5,"Gaz naturel","Chaudière gaz à condensation après 2015","installation hybride collective-individuelle (chauffage base + appoint individuel ou convecteur bi-jonction)","Autres émetteurs à effet joule","Installation de chauffage collectif avec Base + appoint","Chaudière collective gaz à condensation installée à partir de 2016 en cascade avec une chaudière gaz à condensation installée à partir de 2016 avec en appoint un autres émetteurs à effet joule régulée, réseau isolé. Emetteur(s): plancher chauffant",214093.8,4319.5,,,"Chaudière gaz à condensation après 2015","Gaz naturel","chauffage + ecs","Gaz Naturel - Chaudière gaz à condensation installée à partir de 2016",107046.9,"Chaudière gaz à condensation après 2015","Gaz naturel","chauffage + ecs","Gaz Naturel - Chaudière gaz à condensation installée à partir de 2016",107046.9,,,,,,,,,,,,,,,,,,,"Gaz naturel","Chaudière gaz à condensation après 2015",,,"installation collective","Un seul système d'ECS sans solaire","Combiné au système de chauffage, contenance ballon 2860 L",107911,1,4319.5,"Non affecté",,,,"Chaudière gaz à condensation après 2015","Gaz naturel","chauffage + ecs","Gaz Naturel - Chaudière gaz à condensation installée à partir de 2016",2860,,107911,,,,,,,,,,,,0,,,,,,,,,,,,0,
"2675E0035068W","2026-01-07","2025-04-04","2026-01-07","2026-01-07","2036-01-06",,"2675E0034303L",,,,,"DPE 3CL 2021 méthode logement",2.6,"dpe appartement généré à partir des données DPE immeuble","C","C","appartement",,"2013-2021","mixte (collectif-individuel)","collectif",2.6,63,10,1,,1,4319.5,63.4,,"Légère","inférieur à 400m","H1a","60 Avenue Parmentier 75011 Paris","60","Avenue Parmentier","Paris","75011","75111","75","11","75111_7067_00060",654268.27,6862694.31,0.79,"adresse géocodée ban à l'adresse","58/60 Avenue Parmentier","58/60 Avenue Parmentier 75011 PARIS 11, France","PARIS 11, France",75011,0,,,"2025043188_p03","C101",,,,,,,2949.3,440.6,498,82.4,76,5.6,120.1,1726.8,"très bonne","très bonne",,,"très bonne","très bonne","très bonne",0.36,79690.9,80212.2,0,138250.7,0,11449.8,0,5741.9,90,3142.4,1666.2,0,227.7,705.7,5299.8,83,3142.4,1666.2,0,119.8,371.4,1123.6,17,713.3,378.2,0,8.3,23.8,"Gaz naturel",4808.6,3142.4,1666.2,450.2,294.2,156,1091.5,713.3,378.2,"Électricité",491.2,0,0,117,0,0,32,0,0,,,,,,,,,,,567.2,294.2,156,0,41.6,75.4,"Gaz naturel","Chaudière gaz à condensation après 2015","installation hybride collective-individuelle (chauffage base + appoint individuel ou convecteur bi-jonction)","Autres émetteurs à effet joule","Installation de chauffage collectif avec Base + appoint","Chaudière collective gaz à condensation installée à partir de 2016 en cascade avec une chaudière gaz à condensation installée à partir de 2016 avec en appoint un autres émetteurs à effet joule régulée, réseau isolé. Emetteur(s): plancher chauffant",214093.8,4319.5,,,"Chaudière gaz à condensation après 2015","Gaz naturel","chauffage + ecs","Gaz Naturel - Chaudière gaz à condensation installée à partir de 2016",107046.9,"Chaudière gaz à condensation après 2015","Gaz naturel","chauffage + ecs","Gaz Naturel - Chaudière gaz à condensation installée à partir de 2016",107046.9,,,,,,,,,,,,,,,,,,,"Gaz naturel","Chaudière gaz à condensation après 2015",,,"installation collective","Un seul système d'ECS sans solaire","Combiné au système de chauffage, contenance ballon 2860 L",107911,1,4319.5,"Non affecté",,,,"Chaudière gaz à condensation après 2015","Gaz naturel","chauffage + ecs","Gaz Naturel - Chaudière gaz à condensation installée à partir de 2016",2860,,107911,,,,,,,,,,,,0,,,,,,,,,,,,0,
"2675E0035350S","2026-01-07","2025-04-04","2026-01-07","2026-01-07","2036-01-06",,"2675E0034303L",,,,,"DPE 3CL 2021 méthode logement",2.6,"dpe appartement généré à partir des données DPE immeuble","C","C","appartement",,"2013-2021","mixte (collectif-individuel)","collectif",2.6,63,10,1,,1,4319.5,53.3,,"Légère","inférieur à 400m","H1a","60 Avenue Parmentier 75011 Paris","60","Avenue Parmentier","Paris","75011","75111","75","11","75111_7067_00060",654268.27,6862694.31,0.79,"adresse géocodée ban à l'adresse","58/60 Avenue Parmentier","58/60 Avenue Parmentier 75011 PARIS 11, France","PARIS 11, France",75011,0,,,"2025043188_p03","A905",,,,,,,2949.3,440.6,498,82.4,76,5.6,120.1,1726.8,"très bonne","très bonne",,,"très bonne","très bonne","très bonne",0.36,79690.9,80212.2,0,138250.7,0,11449.8,0,5033.6,94,2641.8,1572.7,0,191.4,627.7,4645.6,87,2641.8,1572.7,0,100.7,330.3,984.8,18,599.7,357,0,7,21.1,"Gaz naturel",4214.5,2641.8,1572.7,394.4,247.2,147.2,956.7,599.7,357,"Électricité",431.1,0,0,102,0,0,28.1,0,0,,,,,,,,,,,496.4,247.2,147.2,0,35,67,"Gaz naturel","Chaudière gaz à condensation après 2015","installation hybride collective-individuelle (chauffage base + appoint individuel ou convecteur bi-jonction)","Autres émetteurs à effet joule","Installation de chauffage collectif avec Base + appoint","Chaudière collective gaz à condensation installée à partir de 2016 en cascade avec une chaudière gaz à condensation installée à partir de 2016 avec en appoint un autres émetteurs à effet joule régulée, réseau isolé. Emetteur(s): plancher chauffant",214093.8,4319.5,,,"Chaudière gaz à condensation après 2015","Gaz naturel","chauffage + ecs","Gaz Naturel - Chaudière gaz à condensation installée à partir de 2016",107046.9,"Chaudière gaz à condensation après 2015","Gaz naturel","chauffage + ecs","Gaz Naturel - Chaudière gaz à condensation installée à partir de 2016",107046.9,,,,,,,,,,,,,,,,,,,"Gaz naturel","Chaudière gaz à condensation après 2015",,,"installation collective","Un seul système d'ECS sans solaire","Combiné au système de chauffage, contenance ballon 2860 L",107911,1,4319.5,"Non affecté",,,,"Chaudière gaz à condensation après 2015","Gaz naturel","chauffage + ecs","Gaz Naturel - Chaudière gaz à condensation installée à partir de 2016",2860,,107911,,,,,,,,,,,,0,,,,,,,,,,,,0,
"2675E0005476S","2026-01-03","2025-12-31","2026-01-03","2026-01-03","2036-01-02",,,,,,,"DPE 3CL 2021 méthode logement",2.6,"dpe appartement individuel","E","B","appartement",,"avant 1948","individuel","individuel",2.5,1,,1,,,,51.6,,"Légère","inférieur à 400m","H1a","86 Rue de la Folie-Méricourt 75011 Paris","86","Rue de la Folie-Méricourt","Paris","75011","75111","75","11","75111_3700_00086",653770.27,6863137.61,0.77,"adresse géocodée ban à l'adresse","86 rue de la Folie Méricourt","86 rue de la Folie Méricourt 75011 PARIS","PARIS",75011,0,,,"26/IMO/1152","Bat. A; Etage 3; Porte Droite","insuffisant",0,0,0,0,1,136.4,8.2,47.8,10.1,0,1.1,21.6,47.7,"insuffisante","insuffisante","très bonne",,,"très bonne","moyenne",0.85,5680.7,1156.3,0,1774.4,0,1087.4,0,13557.8,263,9610.1,3762.6,0,185.1,0,7135.7,138,5057.9,1980.3,0,97.4,0,535,10,399.6,128.7,0,6.7,0,"Électricité",7135.7,5057.9,1980.3,1526.6,1082.1,423.7,535,399.6,128.7,,,,,,,,,,,,,,,,,,,,,1526.6,1082.1,423.7,0,20.8,0,"Électricité",,"installation individuelle","Panneau rayonnant NFC, NF** et NF***","Installation de chauffage simple","Panneau rayonnant électrique NFC, NF** et NF*** avec programmateur pièce par pièce (système individuel)",5057.9,51.6,,,"Panneau rayonnant électrique NFC, NF** et NF***","Électricité","chauffage","Electrique - Panneau rayonnant électrique NFC, NF** et NF***",5057.9,,,,,,,,,,,,,,,,,,,,,,,,"Électricité",,,,"installation individuelle","Un seul système d'ECS sans solaire","Ballon électrique à accumulation horizontal, contenance ballon 100 L",1249.9,1,25.8,"Non affecté",,,,"Ballon électrique à accumulation horizontal","Électricité","ecs","Electrique - Ballon électrique à accumulation horizontal",100,,1249.9,,,,,,,,,,,,0,,,,,,,,,,,,0,
"2675E0070074G","2026-01-12","2025-12-03","2026-01-12","2026-01-12","2036-01-11",,,,,,,"DPE 3CL 2021 méthode logement",2.6,"dpe appartement individuel","G","C","appartement",,"avant 1948","individuel","individuel",2.6,1,,1,,,,23.4,,"Moyenne","inférieur à 400m","H1a","14 Rue Guénot 75011 Paris","14","Rue Guénot","Paris","75011","75111","75","11","75111_4370_00014",655404.8,6861436.02,0.7,"adresse géocodée ban à l'adresse","14 RUE GUENOT","14 RUE GUENOT 75011 PARIS 11","PARIS 11",75011,0,,,"LC/IMO/2460","4EME ETAGE PORTE GAUCHE","insuffisant",0,0,0,0,0,148.4,7,84.1,0,0,1.8,17.6,37.9,"insuffisante","insuffisante",,"très bonne",,"très bonne","insuffisante",2.3,7001.8,818.7,0,988.7,0,1015.5,0,12830.5,549,10412.8,2333.9,0,83.9,0,6752.9,288,5480.4,1228.3,0,44.2,0,515.8,22,433,79.8,0,3,0,"Électricité",6752.9,5480.4,1228.3,1451.1,1177.6,263.9,515.8,433,79.8,,,,,,,,,,,,,,,,,,,,,1451.1,1177.6,263.9,0,9.5,0,"Électricité","radiateur électrique NFC, NF** et NF***","installation individuelle","radiateur électrique NFC, NF** et NF***","Installation de chauffage simple","Radiateur électrique à inertie (modélisé comme un radiateur NFC, NF** et NF***) avec programmateur pièce par pièce (système individuel)",5480.4,23.4,,,"radiateur électrique NFC, NF** et NF***","Électricité","chauffage","Electrique - Radiateur électrique à inertie (modélisé comme un radiateur NFC, NF** et NF***)",5480.4,,,,,,,,,,,,,,,,,,,,,,,,"Électricité","Ballon électrique à accumulation vertical Catégorie B ou 2 étoiles",,,"installation individuelle","Un seul système d'ECS sans solaire","Ballon électrique à accumulation vertical (catégorie B ou 2 étoiles), contenance ballon 80 L",1228.3,1,23.4,"Non affecté",,,,"Ballon électrique à accumulation vertical Catégorie B ou 2 étoiles","Électricité","ecs","Electrique - Ballon électrique à accumulation vertical (catégorie B ou 2 étoiles)",80,,1228.3,,,,,,,,,,,,0,,,,,,,,,,,,0,
"2675E0040302E","2026-01-07","2026-01-07","2026-01-07","2026-01-07","2036-01-06",,,,,,,"DPE 3CL 2021 méthode logement",2.6,"dpe appartement individuel","F","C","appartement",,"avant 1948","individuel","individuel",2.9,1,,1,,,,16.7,,"Légère","inférieur à 400m","H1a","16 Rue Daval 75011 Paris","16","Rue Daval","Paris","75011","75111","75","11","75111_2599_00016",653836.96,6861812.37,0.67,"adresse géocodée ban à l'adresse","16,RUE DAVAL","16,RUE DAVAL 75011 PARIS 11","PARIS 11",75011,0,,,"2026-01-7189","Esc. B; Etage 1","insuffisant",0,0,0,0,0,86.6,5.6,35.8,0,10.2,0.9,13.6,20.6,"insuffisante","insuffisante",,"très bonne",,"insuffisante","insuffisante",1,3736.8,736.9,0,801.5,0,974.7,0,8110.8,485,6297.5,1753.4,0,60,0,4268.9,255,3314.5,922.8,0,31.6,0,324,19,261.8,60,0,2.2,0,"Électricité",4268.9,3314.5,922.8,966.9,750.7,209,324,261.8,60,,,,,,,,,,,,,,,,,,,,,966.9,750.7,209,0,7.1,0,"Électricité","Convecteur électrique NFC, NF** et NF***","installation individuelle","Convecteur électrique NFC, NF** et NF***","Installation de chauffage simple","Convecteur électrique NFC, NF** et NF*** (système individuel)",3314.5,16.7,,,"Convecteur électrique NFC, NF** et NF***","Électricité","chauffage","Electrique - Convecteur électrique NFC, NF** et NF***",3314.5,,,,,,,,,,,,,,,,,,,,,,,,"Électricité","Ballon électrique à accumulation vertical Catégorie B ou 2 étoiles",,,"installation individuelle","Un seul système d'ECS sans solaire","Ballon électrique à accumulation vertical (catégorie B ou 2 étoiles), contenance ballon 30 L",922.8,1,16.7,"Non affecté",,,,"Ballon électrique à accumulation vertical Catégorie B ou 2 étoiles","Électricité","ecs","Electrique - Ballon électrique à accumulation vertical (catégorie B ou 2 étoiles)",30,,922.8,,,,,,,,,,,,0,,,,,,,,,,,,0,
"2175E0680639I","2026-01-05","2021-11-10","2021-11-13","2021-11-13","2031-11-12",,,"RFDZQGPEYDG1","Reprise RNB",,,"DPE 3CL 2021 méthode logement",1.1,"dpe appartement individuel","E","C","appartement",1947,"avant 1948","individuel","individuel",2.7,1,,1,,,,32,,"Moyenne","inférieur à 400m","H1a","88 Rue de la Folie-Méricourt 75011 Paris","88","Rue de la Folie-Méricourt","Paris","75011","75111","75","11","75111_3700_00088",653761.22,6863153.47,0.78,"adresse géocodée ban à l'adresse","88, rue de la Folie Méricourt","88, rue de la Folie Méricourt 75011 PARIS 11, France","PARIS 11, France",75011,0,,,,"4ème Etage - Bâtiment D",,,,,,,100.5,8.4,39.6,0,0,1.8,22.2,28.7,"insuffisante","insuffisante",,"très bonne",,"très bonne","insuffisante",2.71,4151.9,924.9,0,1231499.9,0,680982.8,0,10840.4,338.5,8991.5,3991.9,0,139.2,1,5705.5,178,3909.3,1735.6,0,60.5,0,425.8,13,308.8,112.8,0,4.2,0,"Électricité",5705.5,3909.3,1735.6,991.8,679.5,301.7,425.8,308.8,112.8,,,,,,,,,,,,,,,,,,,,,991.8,679.5,301.7,0,10.5,0,"Électricité",,"installation individuelle","radiateur électrique NFC, NF** et NF***","Installation de chauffage simple","Radiateur électrique NFC, NF** et NF*** (système individuel)",1,32,,,"radiateur électrique NFC, NF** et NF***","Électricité","chauffage","Electrique - Radiateur électrique NFC, NF** et NF***",1,,,,,,,,,,,,,,,,,,,,,,,,"Électricité",,,,"installation individuelle","Un seul système d'ECS sans solaire","Ballon électrique à accumulation vertical (autres catégorie ou inconnue), contenance ballon 200 L",1,,32,"Non affecté",,,,"Ballon électrique à accumulation vertical Autres ou inconnue","Électricité","chauffage","Electrique - Ballon électrique à accumulation vertical (autres catégorie ou inconnue)",200,,1,,,,,,,,,,,,0,,,,,,,,"Solaire Photovoltaïque",1,,,0,1
"2675E0036764C","2026-01-07","2026-01-07","2026-01-07","2026-01-07","2036-01-06","2675E0032556G",,,,,,"DPE 3CL 2021 méthode logement",2.6,"dpe appartement individuel","C","B","appartement",1992,"1989-2000","individuel","individuel",2.5,1,,1,,,,25.5,,"Lourde","inférieur à 400m","H1a","121 Rue Saint-Maur 75011 Paris","121","Rue Saint-Maur","Paris","75011","75111","75","11","75111_8699_00121",654253.25,6863133.55,0.8,"adresse géocodée ban à l'adresse","121 Rue Saint-Maur","121 Rue Saint-Maur 75011 Paris, France","Paris, France",75011,0,,,"DDT26-1218","BAT B- 1ER ETAGE","moyen",0,0,0,1,0,38.9,4.3,2.5,0,2.9,0,14.8,14.3,"moyenne","moyenne",,"très bonne",,"moyenne","insuffisante",0.7,1206.4,844.6,0,1047.9,0,76.9,0,4855.6,190,2135.9,2306.3,0,91.5,321.9,2555.6,100,1124.2,1213.9,0,48.2,169.4,181.9,7,88.8,78.9,0,3.3,10.8,"Électricité",2555.6,1124.2,1213.9,642.3,282.5,305.1,181.9,88.8,78.9,,,,,,,,,,,,,,,,,,,,,642.3,282.5,305.1,0,12.1,42.6,"Électricité","radiateur électrique NFC, NF** et NF***","installation individuelle","radiateur électrique NFC, NF** et NF***","Installation de chauffage simple","Radiateur électrique à fluide caloporteur (modélisé comme un radiateur NFC, NF** et NF***) avec programmateur pièce par pièce (système individuel)",1124.2,25.5,,,"radiateur électrique NFC, NF** et NF***","Électricité","chauffage","Electrique - Radiateur électrique à inertie (modélisé comme un radiateur NFC, NF** et NF***)",1124.2,,,,,,,,,,,,,,,,,,,,,,,,"Électricité","Ballon électrique à accumulation vertical Catégorie C ou 3 étoiles",,,"installation individuelle","Un seul système d'ECS sans solaire","Ballon électrique à accumulation vertical (catégorie C ou 3 étoiles), contenance ballon 100 L",1213.9,1,25.5,"Non affecté",,,,"Ballon électrique à accumulation vertical Catégorie C ou 3 étoiles","Électricité","ecs","Electrique - Ballon électrique à accumulation vertical (catégorie C ou 3 étoiles)",100,,1213.9,,,,,,,,,,,,0,,,,,,,,,,,,0,
"2675E0036671N","2026-01-07","2025-04-04","2026-01-07","2026-01-07","2036-01-06",,"2675E0034303L",,,,,"DPE 3CL 2021 méthode logement",2.6,"dpe appartement généré à partir des données DPE immeuble","C","C","appartement",,"2013-2021","mixte (collectif-individuel)","collectif",2.6,63,10,1,,1,4319.5,95.3,,"Légère","inférieur à 400m","H1a","60 Avenue Parmentier 75011 Paris","60","Avenue Parmentier","Paris","75011","75111","75","11","75111_7067_00060",654268.27,6862694.31,0.79,"adresse géocodée ban à l'adresse","58/60 Avenue Parmentier","58/60 Avenue Parmentier 75011 PARIS 11, France","PARIS 11, France",75011,0,,,"2025043188_p03","B002",,,,,,,2949.3,440.6,498,82.4,76,5.6,120.1,1726.8,"très bonne","très bonne",,,"très bonne","très bonne","très bonne",0.36,79690.9,80212.2,0,138250.7,0,11449.8,0,7979.1,83,4723.5,1961.4,0,342.2,952,7366,77,4723.5,1961.4,0,180.1,501,1562,16,1072.2,445.2,0,12.4,32.1,"Gaz naturel",6684.9,4723.5,1961.4,626.3,442.5,183.8,1517.5,1072.2,445.2,"Électricité",681.2,0,0,164.5,0,0,44.5,0,0,,,,,,,,,,,790.8,442.5,183.8,0,62.5,101.9,"Gaz naturel","Chaudière gaz à condensation après 2015","installation hybride collective-individuelle (chauffage base + appoint individuel ou convecteur bi-jonction)","Autres émetteurs à effet joule","Installation de chauffage collectif avec Base + appoint","Chaudière collective gaz à condensation installée à partir de 2016 en cascade avec une chaudière gaz à condensation installée à partir de 2016 avec en appoint un autres émetteurs à effet joule régulée, réseau isolé. Emetteur(s): plancher chauffant",214093.8,4319.5,,,"Chaudière gaz à condensation après 2015","Gaz naturel","chauffage + ecs","Gaz Naturel - Chaudière gaz à condensation installée à partir de 2016",107046.9,"Chaudière gaz à condensation après 2015","Gaz naturel","chauffage + ecs","Gaz Naturel - Chaudière gaz à condensation installée à partir de 2016",107046.9,,,,,,,,,,,,,,,,,,,"Gaz naturel","Chaudière gaz à condensation après 2015",,,"installation collective","Un seul système d'ECS sans solaire","Combiné au système de chauffage, contenance ballon 2860 L",107911,1,4319.5,"Non affecté",,,,"Chaudière gaz à condensation après 2015","Gaz naturel","chauffage + ecs","Gaz Naturel - Chaudière gaz à condensation installée à partir de 2016",2860,,107911,,,,,,,,,,,,0,,,,,,,,,,,,0,
"2675E0065411X","2026-01-10","2026-01-08","2026-01-10","2026-01-10","2036-01-09",,,,,,"AA6035489","DPE 3CL 2021 méthode logement",2.6,"dpe appartement individuel","E","C","appartement",,"avant 1948","individuel","individuel",2.8,1,,1,,,,37.9,,"Moyenne","inférieur à 400m","H1a","1 Boulevard de Belleville 75011 Paris","1","Boulevard de Belleville","Paris","75011","75111","75","11","75111_0832_00001",654701.78,6863207.87,0.82,"adresse non géocodée ban car aucune correspondance trouvée","1 Boulevard de Belleville","1 Boulevard de Belleville 75011 PARIS 11","PARIS 11",75011,0,,,"2026-01-007-D0","Etage : 3ème Gauche","insuffisant",0,0,0,0,0,117.2,7.9,46.6,0,0,2.1,22.9,37.8,"insuffisante","insuffisante",,"très bonne",,"très bonne","moyenne",1.94,5030.5,997.2,0,1396.8,0,837.4,0,11539.6,304,8848.2,2347,0,136.1,208.2,6073.5,160,4657,1235.2,0,71.6,109.6,460.1,12,367.9,80.3,0,4.9,7,"Électricité",6073.5,4657,1235.2,1317,1009.9,267.9,460.1,367.9,80.3,,,,,,,,,,,,,,,,,,,,,1317,1009.9,267.9,0,15.5,23.8,"Électricité","radiateur électrique NFC, NF** et NF***","installation individuelle","radiateur électrique NFC, NF** et NF***","Installation de chauffage simple","Radiateur électrique à fluide caloporteur (modélisé comme un radiateur NFC, NF** et NF***) (système individuel)",4657,37.9,,,"radiateur électrique NFC, NF** et NF***","Électricité","chauffage","Electrique - Radiateur électrique à inertie (modélisé comme un radiateur NFC, NF** et NF***)",4657,,,,,,,,,,,,,,,,,,,,,,,,"Électricité","Ballon électrique à accumulation vertical Catégorie C ou 3 étoiles",,,"installation individuelle","Un seul système d'ECS sans solaire","Ballon électrique à accumulation vertical (catégorie C ou 3 étoiles), contenance ballon 65 L",1235.2,1,37.9,"Non affecté",,,,"Ballon électrique à accumulation vertical Catégorie C ou 3 étoiles","Électricité","ecs","Electrique - Ballon électrique à accumulation vertical (catégorie C ou 3 étoiles)",65,,1235.2,,,,,,,,,,,,0,,,,,,,,,,,,0,
"2575E0819850T","2026-01-07","2025-03-11","2025-03-11","2025-03-11","2035-03-10",,,,,,,"DPE 3CL 2021 méthode logement",2.4,"dpe appartement individuel","E","C","appartement",1945,"avant 1948","mixte (collectif-individuel)","individuel",2.8,1,1,1,,0,29.4,29.4,,"Moyenne","inférieur à 400m","H1a","7 Rue Camille Crespin du Gast 75011 Paris","7","Rue Camille Crespin du Gast","Paris","75011","75111","75","11","75111_2434_00007",654647.09,6863072.08,0.67,"adresse non géocodée ban car aucune correspondance trouvée","7 RUE CRESPIN DU GAST","7 RUE CRESPIN DU GAST 75011 PARIS 11","PARIS 11",75011,,,"Lot : 325 / Étage : 04 / Porte : GAUCHE FACE ASC",,"1-Bâtiment n°1-1-LogZone","insuffisant",0,0,0,0,0,87.8,10,44.2,0,0,2.2,10.6,20.7,"insuffisante","insuffisante",,,,"très bonne","très bonne",2.46,3733.5,892.3,0,1156841,0,337407.9,0,9552.4,325.3,7784.1,3651.7,0,127.6,0,5027.6,171.2,3384.4,1587.7,0,55.5,0,352.3,12,267.4,103.2,0,3.8,0,"Électricité",5027.6,3384.4,1587.7,1111,748,351,374.4,267.4,103.2,,,,,,,,,,,,,,,,,,,,,1111,748,351,0,12,0,"Électricité","Convecteur électrique NFC, NF** et NF***","installation individuelle","Convecteur électrique NFC, NF** et NF***","Installation de chauffage simple","Emission n°1",3384.4,29.4,,,"Convecteur électrique NFC, NF** et NF***","Électricité","chauffage","Generateur Effet joule",3384.4,,,,,,,,,,,,,,,,,,,,,,,,"Électricité","Ballon électrique à accumulation horizontal",,,"installation individuelle","Un seul système d'ECS sans solaire","ECS Electrique, Volume du ballon 100 L",1587.7,1,29.4,"Non affecté",,,,"Ballon électrique à accumulation horizontal","Électricité","ecs",,100,,1587.7,"Avant 2010",,,,,,,,,"Ventilation par ouverture des fenêtres",29.4,0,,,,,,,,"Solaire Photovoltaïque",0,,,0,
"2475E1502266M","2026-01-09","2024-04-23","2024-04-23","2024-04-25","2034-04-22",,,,,,,"DPE 3CL 2021 méthode logement",2.3,"dpe appartement individuel","D","B","appartement",1945,"avant 1948","mixte (collectif-individuel)","individuel",2.5,20,1,1,,0,31.4,31.4,,"Moyenne","inférieur à 400m","H1a","22 Rue du Faubourg du Temple 75011 Paris","22","Rue du Faubourg du Temple","Paris","75011","75111","75","11","75111_3508_00022",653524.23,6863341.74,0.74,"adresse non géocodée ban car aucune correspondance trouvée","22 RUE DU FAUBOURG DU TEMPLE","22 RUE DU FAUBOURG DU TEMPLE75005 PARIS","PARIS",75005,,,"escalier 6 étage 3 porte DROITE",,"1-Bâtiment n°1-1-LogZone","bon",0,1,0,0,0,75.6,4.8,27.1,0,0,1.5,18.8,23.5,"insuffisante","insuffisante",,,,"très bonne","moyenne",1.56,2786,916.8,0,1212976,0,753218.7,0,7999,255,6122.4,3424.2,0,136.3,0,4210,134.2,2661.9,1488.8,0,59.3,0,282.2,9,210.3,96.8,0,4.1,0,"Électricité",4210,2661.9,1488.8,761,481,269,311.2,210.3,96.8,,,,,,,,,,,,,,,,,,,,,761,481,269,0,11,0,"Électricité","Convecteur électrique NFC, NF** et NF***","installation individuelle","Convecteur électrique NFC, NF** et NF***","Installation de chauffage simple","Emission n°1",2020.2,23.7,,,"Convecteur électrique NFC, NF** et NF***","Électricité","chauffage","Generateur Effet joule",2020.2,,,,,,"installation individuelle","radiateur électrique NFC, NF** et NF***","Installation de chauffage simple","Emission n°2",324.2,3.9,,,"radiateur électrique NFC, NF** et NF***","Électricité","chauffage","Generateur Effet joule",324.2,,,,,,"Électricité","Ballon électrique à accumulation vertical Catégorie B ou 2 étoiles",,,"installation individuelle","Un seul système d'ECS sans solaire","ECS Electrique, Volume du ballon 100 L",1488.8,20,31.4,"Non affecté",,,,"Ballon électrique à accumulation vertical Catégorie B ou 2 étoiles","Électricité","ecs",,100,,1488.8,"Avant 2010",,,,,,,,,"Ventilation par ouverture des fenêtres",31.4,0,,,,,,,,"Solaire Photovoltaïque",0,,,0,
"2675E0035055J","2026-01-07","2025-04-04","2026-01-07","2026-01-07","2036-01-06",,"2675E0034303L",,,,,"DPE 3CL 2021 méthode logement",2.6,"dpe appartement généré à partir des données DPE immeuble","C","C","appartement",,"2013-2021","mixte (collectif-individuel)","collectif",2.6,63,10,1,,1,4319.5,99.7,,"Légère","inférieur à 400m","H1a","60 Avenue Parmentier 75011 Paris","60","Avenue Parmentier","Paris","75011","75111","75","11","75111_7067_00060",654268.27,6862694.31,0.79,"adresse géocodée ban à l'adresse","58/60 Avenue Parmentier","58/60 Avenue Parmentier 75011 PARIS 11, France","PARIS 11, France",75011,0,,,"2025043188_p03","B101",,,,,,,2949.3,440.6,498,82.4,76,5.6,120.1,1726.8,"très bonne","très bonne",,,"très bonne","très bonne","très bonne",0.36,79690.9,80212.2,0,138250.7,0,11449.8,0,8287.6,83,4941.6,2002.1,0,358,985.9,7651,76,4941.6,2002.1,0,188.4,518.9,1622.4,16,1121.7,454.5,0,13,33.2,"Gaz naturel",6943.7,4941.6,2002.1,650.6,463,187.6,1576.2,1121.7,454.5,"Électricité",707.4,0,0,171,0,0,46.2,0,0,,,,,,,,,,,821.6,463,187.6,0,65.4,105.6,"Gaz naturel","Chaudière gaz à condensation après 2015","installation hybride collective-individuelle (chauffage base + appoint individuel ou convecteur bi-jonction)","Autres émetteurs à effet joule","Installation de chauffage collectif avec Base + appoint","Chaudière collective gaz à condensation installée à partir de 2016 en cascade avec une chaudière gaz à condensation installée à partir de 2016 avec en appoint un autres émetteurs à effet joule régulée, réseau isolé. Emetteur(s): plancher chauffant",214093.8,4319.5,,,"Chaudière gaz à condensation après 2015","Gaz naturel","chauffage + ecs","Gaz Naturel - Chaudière gaz à condensation installée à partir de 2016",107046.9,"Chaudière gaz à condensation après 2015","Gaz naturel","chauffage + ecs","Gaz Naturel - Chaudière gaz à condensation installée à partir de 2016",107046.9,,,,,,,,,,,,,,,,,,,"Gaz naturel","Chaudière gaz à condensation après 2015",,,"installation collective","Un seul système d'ECS sans solaire","Combiné au système de chauffage, contenance ballon 2860 L",107911,1,4319.5,"Non affecté",,,,"Chaudière gaz à condensation après 2015","Gaz naturel","chauffage + ecs","Gaz Naturel - Chaudière gaz à condensation installée à partir de 2016",2860,,107911,,,,,,,,,,,,0,,,,,,,,,,,,0,
"2675E0068452W","2026-01-11","2026-01-09","2026-01-11","2026-01-11","2036-01-10",,,"BRAVQJ378YZ3","Logiciel",,,"DPE 3CL 2021 méthode logement",2.6,"dpe appartement individuel","E","C","appartement",,"avant 1948","individuel","individuel",2.7,1,,1,,,,30.5,,"Moyenne","inférieur à 400m","H1a","10 Passage Rochebrune 75011 Paris","10","Passage Rochebrune","Paris","75011","75111","75","11","75111_8285_00010",654507.6,6862611.25,0.67,"adresse géocodée ban à l'adresse","10 passage Rochebrune","10 passage Rochebrune 75011 PARIS 11","PARIS 11",75011,0,,,"AKR/260109/VIDAL","Bat. A; Etage 2; Porte droite","insuffisant",0,0,0,0,0,89.6,8.3,35.9,0,0,1,15.4,29,"moyenne","insuffisante",,"très bonne",,"très bonne","moyenne",0.68,3832,906.6,0,1189.7,0,324.2,0,10350.6,339,7195,3046,0,109.6,0,5447.7,178,3786.8,1603.2,0,57.7,0,407.3,13,299.2,104.2,0,4,0,"Électricité",5447.7,3786.8,1603.2,1193.6,829.7,351.3,407.3,299.2,104.2,,,,,,,,,,,,,,,,,,,,,1193.6,829.7,351.3,0,12.6,0,"Électricité","Radiateur électrique à accumulation","installation individuelle","Radiateur électrique à accumulation","Installation de chauffage simple","Radiateur électrique à fluide caloporteur (modélisé comme un radiateur à accumulation) (système individuel)",3786.8,30.5,,,"Radiateur électrique à accumulation","Électricité","chauffage","Electrique - Radiateur électrique à accumulation",3786.8,,,,,,,,,,,,,,,,,,,,,,,,"Électricité","Ballon électrique à accumulation horizontal",,,"installation individuelle","Un seul système d'ECS sans solaire","Ballon électrique à accumulation horizontal, contenance ballon 100 L",1603.2,1,30.5,"Non affecté",,,,"Ballon électrique à accumulation horizontal","Électricité","ecs","Electrique - Ballon électrique à accumulation horizontal",100,,1603.2,,,,,,,,,,,,0,,,,,,,,,,,,0,
"2675E0052655H","2026-01-08","2026-01-08","2026-01-08","2026-01-08","2036-01-07",,,,,,,"DPE 3CL 2021 méthode logement",2.6,"dpe appartement individuel","F","C","appartement",,"avant 1948","individuel","individuel",2.4,1,,1,,,,29.8,,"Légère","inférieur à 400m","H1a","84 Rue de la Folie-Méricourt 75011 Paris","84","Rue de la Folie-Méricourt","Paris","75011","75111","75","11","75111_3700_00084",653778.01,6863124.2,0.77,"adresse géocodée ban à l'adresse","84 RUE DE LA FOLIE-MERICOURT","84 RUE DE LA FOLIE-MERICOURT 75011 PARIS","PARIS",75011,0,,,"2026-01-013","Etage : 6","insuffisant",0,0,0,0,0,119.9,6.1,30.5,37.7,0,0.5,5.6,39.5,"moyenne","insuffisante",,"insuffisante",,"très bonne","bonne",0.83,5947.5,897.8,0,1169.5,0,87.8,0,12380,415,9704.2,2568.8,0,107,0,6515.8,218,5107.5,1352,0,56.3,0,495.3,16,403.5,87.9,0,3.9,0,"Électricité",6515.8,5107.5,1352,1404.3,1100.8,291.4,495.3,403.5,87.9,,,,,,,,,,,,,,,,,,,,,1404.3,1100.8,291.4,0,12.1,0,"Électricité","Convecteur électrique NFC, NF** et NF***","installation individuelle","Convecteur électrique NFC, NF** et NF***","Installation de chauffage simple","Convecteur électrique NFC, NF** et NF*** avec programmateur pièce par pièce (système individuel)",5107.5,29.8,,,"Convecteur électrique NFC, NF** et NF***","Électricité","chauffage","Electrique - Convecteur électrique NFC, NF** et NF***",5107.5,,,,,,,,,,,,,,,,,,,,,,,,"Électricité","Ballon électrique à accumulation vertical Autres ou inconnue",,,"installation individuelle","Un seul système d'ECS sans solaire","Ballon électrique à accumulation vertical (autres catégorie ou inconnue), contenance ballon 75 L",1352,1,29.8,"Non affecté",,,,"Ballon électrique à accumulation vertical Autres ou inconnue","Électricité","ecs","Electrique - Ballon électrique à accumulation vertical (autres catégorie ou inconnue)",75,,1352,,,,,,,,,,,,0,,,,,,,,,,,,0,
"2675E0069402K","2026-01-11","2026-01-09","2026-01-11","2026-01-11","2036-01-10",,,"A4F75DYETB5J","Logiciel",,,"DPE 3CL 2021 méthode logement",2.6,"dpe appartement individuel","D","B","appartement",,"avant 1948","individuel","individuel",2.7,1,,1,,,,61.4,,"Légère","inférieur à 400m","H1a","8 Rue Paul Bert 75011 Paris","8","Rue Paul Bert","Paris","75011","75111","75","11","75111_7123_00008",654846.07,6861446.47,0.7,"adresse géocodée ban à l'adresse","8 rue Paul Bert","8 rue Paul Bert 75011 PARIS 11","PARIS 11",75011,0,,,"26/01/007MBG","Bat. Rue; Etage 3; Porte Gauche","insuffisant",0,1,0,0,0,132.5,14.9,65.2,0,0,1.2,11.9,39.3,"insuffisante","insuffisante",,"très bonne",,"très bonne","bonne",2.1,5757.6,1223.8,0,2017.1,0,457.6,0,14546.9,236,10999.8,3326.7,0,220.4,0,7656.3,124,5789.3,1750.9,0,116,0,579.2,9,457.4,113.8,0,8,0,"Électricité",7656.3,5789.3,1750.9,1629.3,1232,372.6,579.2,457.4,113.8,,,,,,,,,,,,,,,,,,,,,1629.3,1232,372.6,0,24.7,0,"Électricité","Autres émetteurs à effet joule","installation individuelle","Autres émetteurs à effet joule","Installation de chauffage simple","Autres émetteurs à effet joule (système individuel)",5789.3,61.4,,,"Autres émetteurs à effet joule","Électricité","chauffage","Electrique - Autres émetteurs à effet joule",5789.3,,,,,,,,,,,,,,,,,,,,,,,,"Électricité","Ballon électrique à accumulation vertical Catégorie B ou 2 étoiles",,,"installation individuelle","Un seul système d'ECS sans solaire","Ballon électrique à accumulation vertical (catégorie B ou 2 étoiles), contenance ballon 100 L",1750.9,1,61.4,"Non affecté",,,,"Ballon électrique à accumulation vertical Catégorie B ou 2 étoiles","Électricité","ecs","Electrique - Ballon électrique à accumulation vertical (catégorie B ou 2 étoiles)",100,,1750.9,,,,,,,,,,,,0,,,,,,,,,,,,0,
"2675E0052704E","2026-01-08","2026-01-08","2026-01-08","2026-01-08","2036-01-07",,,,,,,"DPE 3CL 2021 méthode logement",2.6,"dpe appartement individuel","C","A","appartement",1992,"1989-2000","individuel","individuel",2.5,1,,1,,,,23,,"Lourde","inférieur à 400m","H1a","121 Rue Saint-Maur 75011 Paris","121","Rue Saint-Maur","Paris","75011","75111","75","11","75111_8699_00121",654253.25,6863133.55,0.8,"adresse géocodée ban à l'adresse","121 rue Saint-Maur","121 rue Saint-Maur 75011 PARIS 11","PARIS 11",75011,0,,,"26/01/011d","Bat. B; Etage 4; Porte Droite fond du couloir gauc","moyen",1,0,0,1,0,33.4,5.9,8.3,0,0,0,6.9,12.4,"très bonne","insuffisante",,"très bonne",,"très bonne","moyenne",0.22,803.8,814.6,0,979.2,0,333.7,0,4362.9,189,1525.1,2490.6,0,82.7,264.5,2296.3,99,802.7,1310.9,0,43.5,139.2,160.5,6,63.4,85.2,0,3,8.9,"Électricité",2296.3,802.7,1310.9,593.2,207.4,338.7,160.5,63.4,85.2,,,,,,,,,,,,,,,,,,,,,593.2,207.4,338.7,0,11.2,36,"Électricité","Convecteur électrique NFC, NF** et NF***","installation individuelle","Convecteur électrique NFC, NF** et NF***","Installation de chauffage simple","Convecteur électrique NFC, NF** et NF*** (système individuel)",802.7,23,,,"Convecteur électrique NFC, NF** et NF***","Électricité","chauffage","Electrique - Convecteur électrique NFC, NF** et NF***",802.7,,,,,,,,,,,,,,,,,,,,,,,,"Électricité","Ballon électrique à accumulation vertical Catégorie B ou 2 étoiles",,,"installation individuelle","Un seul système d'ECS sans solaire","Ballon électrique à accumulation vertical (catégorie B ou 2 étoiles), contenance ballon 100 L",1310.9,1,23,"Non affecté",,,,"Ballon électrique à accumulation vertical Catégorie B ou 2 étoiles","Électricité","ecs","Electrique - Ballon électrique à accumulation vertical (catégorie B ou 2 étoiles)",100,,1310.9,,,,,,,,,,,,0,,,,,,,,,,,,0,
"2675E0030225P","2026-01-07","2026-01-06","2026-01-07","2026-01-07","2036-01-06",,,,,,,"DPE 3CL 2021 méthode logement",2.6,"dpe appartement individuel","C","C","appartement",,"1975-1977","collectif","collectif",2.5,1,,1,,,7871,44.6,,"Lourde","inférieur à 400m","H1a","6 Rue Guillaume Bertrand 75011 Paris","6","Rue Guillaume Bertrand","Paris","75011","75111","75","11","75111_4390_00006",654495.95,6862753.45,0.68,"adresse géocodée ban à l'adresse","6 RUE GUILLAUME BERTRAND","6 RUE GUILLAUME BERTRAND 75011 PARIS","PARIS",75011,0,,,"2026-01-004","Etage : 7","insuffisant",0,0,0,1,0,70.5,9.6,17.9,0,0,0,12.1,30.9,"très bonne","insuffisante",,"très bonne",,"très bonne","très bonne",0.34,2643.8,1079.3,0,1584.6,0,107.2,0,6803.8,152,3567.5,2053.6,0,160.2,1022.6,6243.5,139,3567.5,2053.6,0,84.3,538.2,1316.2,29,809.8,466.2,0,5.8,34.4,"Gaz naturel",5621.1,3567.5,2053.6,522.9,331.9,191,1276,809.8,466.2,"Électricité",622.5,0,0,189.5,0,0,40.3,0,0,,,,,,,,,,,712.4,331.9,191,0,29.3,160.2,"Gaz naturel","Chaudière gaz à condensation après 2015","installation collective","Radiateur bitube avec robinet thermostatique sur réseau collectif eau chaude haute température(sup ou egal 65°C)","Installation de chauffage simple","Chaudière collective gaz à condensation installée à partir de 2016 régulée, avec équipement d'intermittence central collectif. Emetteur(s): radiateur bitube avec robinet thermostatique",3567.5,44.6,,,"Chaudière gaz à condensation après 2015","Gaz naturel","chauffage + ecs","Gaz Naturel - Chaudière gaz à condensation installée à partir de 2016",3567.5,,,,,,,,,,,,,,,,,,,,,,,,"Gaz naturel","Chaudière gaz à condensation après 2015",,,"installation collective","Un seul système d'ECS sans solaire","Combiné au système de chauffage",2053.6,1,44.6,"Non affecté",,,,"Chaudière gaz à condensation après 2015","Gaz naturel","chauffage + ecs","Gaz Naturel - Chaudière gaz à condensation installée à partir de 2016",0,,2053.6,,,,,,,,,,,,0,,,,,,,,,,,,0,
"2675E0035332A","2026-01-07","2025-04-04","2026-01-07","2026-01-07","2036-01-06",,"2675E0034303L",,,,,"DPE 3CL 2021 méthode logement",2.6,"dpe appartement généré à partir des données DPE immeuble","C","C","appartement",,"2013-2021","mixte (collectif-individuel)","collectif",2.6,63,10,1,,1,4319.5,51.2,,"Légère","inférieur à 400m","H1a","60 Avenue Parmentier 75011 Paris","60","Avenue Parmentier","Paris","75011","75111","75","11","75111_7067_00060",654268.27,6862694.31,0.79,"adresse géocodée ban à l'adresse","58/60 Avenue Parmentier","58/60 Avenue Parmentier 75011 PARIS 11, France","PARIS 11, France",75011,0,,,"2025043188_p03","A903",,,,,,,2949.3,440.6,498,82.4,76,5.6,120.1,1726.8,"très bonne","très bonne",,,"très bonne","très bonne","très bonne",0.36,79690.9,80212.2,0,138250.7,0,11449.8,0,4886.3,95,2537.7,1553.3,0,183.9,611.4,4509.6,88,2537.7,1553.3,0,96.8,321.8,955.9,18,576.1,352.6,0,6.7,20.6,"Gaz naturel",4091,2537.7,1553.3,382.8,237.5,145.3,928.7,576.1,352.6,"Électricité",418.6,0,0,98.9,0,0,27.3,0,0,,,,,,,,,,,481.7,237.5,145.3,0,33.6,65.3,"Gaz naturel","Chaudière gaz à condensation après 2015","installation hybride collective-individuelle (chauffage base + appoint individuel ou convecteur bi-jonction)","Autres émetteurs à effet joule","Installation de chauffage collectif avec Base + appoint","Chaudière collective gaz à condensation installée à partir de 2016 en cascade avec une chaudière gaz à condensation installée à partir de 2016 avec en appoint un autres émetteurs à effet joule régulée, réseau isolé. Emetteur(s): plancher chauffant",214093.8,4319.5,,,"Chaudière gaz à condensation après 2015","Gaz naturel","chauffage + ecs","Gaz Naturel - Chaudière gaz à condensation installée à partir de 2016",107046.9,"Chaudière gaz à condensation après 2015","Gaz naturel","chauffage + ecs","Gaz Naturel - Chaudière gaz à condensation installée à partir de 2016",107046.9,,,,,,,,,,,,,,,,,,,"Gaz naturel","Chaudière gaz à condensation après 2015",,,"installation collective","Un seul système d'ECS sans solaire","Combiné au système de chauffage, contenance ballon 2860 L",107911,1,4319.5,"Non affecté",,,,"Chaudière gaz à condensation après 2015","Gaz naturel","chauffage + ecs","Gaz Naturel - Chaudière gaz à condensation installée à partir de 2016",2860,,107911,,,,,,,,,,,,0,,,,,,,,,,,,0,
"2675E0007068Y","2026-01-04","2026-01-04","2026-01-04","2026-01-04","2036-01-03",,,"X7GG2TT759MP","Logiciel",,,"DPE 3CL 2021 méthode logement",2.6,"dpe appartement individuel","E","B","appartement",,"avant 1948","individuel","individuel",2.7,1,,1,,,,33.5,,"Légère","inférieur à 400m","H1a","45 Rue Alexandre Dumas 75011 Paris","45","Rue Alexandre Dumas","Paris","75011","75111","75","11","75111_0155_00045",655544.04,6861717.06,0.75,"adresse géocodée ban à l'adresse","45 Rue Alexandre Dumas","45 Rue Alexandre Dumas 75011 PARIS 11","PARIS 11",75011,0,,,"26010401220","Bat. A; Esc. A; Etage 6; Porte Gauche","insuffisant",0,1,0,0,1,100.2,7.3,49,3.5,0,1,8,31.3,"moyenne","insuffisante",,"bonne",,"très bonne","moyenne",0.66,4201.5,942.5,0,1151.1,0,450.7,0,9998.2,298,7057.3,2820.8,0,120.1,0,5262.2,157,3714.4,1484.6,0,63.2,0,394.3,11,293.4,96.5,0,4.4,0,"Électricité",5262.2,3714.4,1484.6,1157,816.7,326.4,394.3,293.4,96.5,,,,,,,,,,,,,,,,,,,,,1157,816.7,326.4,0,13.9,0,"Électricité",,"installation individuelle","Panneau rayonnant NFC, NF** et NF***","Installation de chauffage simple","Panneau rayonnant électrique NFC, NF** et NF*** avec programmateur pièce par pièce (système individuel)",3714.4,33.5,,,"Panneau rayonnant électrique NFC, NF** et NF***","Électricité","chauffage","Electrique - Panneau rayonnant électrique NFC, NF** et NF***",3714.4,,,,,,,,,,,,,,,,,,,,,,,,"Électricité",,,,"installation individuelle","Un seul système d'ECS sans solaire","Ballon électrique à accumulation horizontal, contenance ballon 75 L",1484.6,1,33.5,"Non affecté",,,,"Ballon électrique à accumulation horizontal","Électricité","ecs","Electrique - Ballon électrique à accumulation horizontal",75,,1484.6,,,,,,,,,,,,0,,,,,,,,,,,,0,
"2175E0693261U","2026-01-06","2021-11-15","2021-11-16","2021-11-16","2031-11-15",,,"HE9R5DRNM7F8","Reprise RNB",,,"DPE 3CL 2021 méthode logement",1.1,"dpe appartement individuel","C","A","appartement",1990,"1989-2000","individuel","individuel",2.5,1,,1,,,,21.8,,"Lourde","inférieur à 400m","H1a","6 Cité de Phalsbourg 75011 Paris","6","Cité de Phalsbourg","Paris","75011","75111","75","11","75111_7370_00006",654880.14,6861900.78,0.69,"adresse géocodée ban à l'adresse","6 CITE PHALSBOURG","6 CITE PHALSBOURG 75011 PARIS 11","PARIS 11",75011,0,,,,"1ER ETAGE",,,,,,,25.8,2.6,1.9,0,0,0,9.1,12.3,"insuffisante","moyenne",,"très bonne",,"très bonne","insuffisante",1.93,532,799.5,0,944651,0,86504.7,0,4096,187.8,1274.6,3255.5,0,94.8,333.4,2155.8,98,554.2,1415.4,0,41.2,144.9,147.9,6,43.8,92,0,2.8,9.3,"Électricité",2155.8,554.2,1415.4,607.1,160.8,410.6,147.9,43.8,92,,,,,,,,,,,,,,,,,,,,,607.1,160.8,410.6,0,12,23.8,"Électricité","Autres émetteurs à effet joule","installation individuelle","Autres émetteurs à effet joule","Installation de chauffage simple","Autres émetteurs à effet joule (système individuel)",1,21.8,,,"Autres émetteurs à effet joule","Électricité","chauffage","Electrique - Autres émetteurs à effet joule",1,,,,,,,,,,,,,,,,,,,,,,,,"Électricité","Ballon électrique à accumulation vertical Autres ou inconnue",,,"installation individuelle","Un seul système d'ECS sans solaire","Ballon électrique à accumulation vertical (autres catégorie ou inconnue), contenance ballon 150 L",1,,21.8,"Non affecté",,,,"Ballon électrique à accumulation vertical Autres ou inconnue","Électricité","chauffage","Electrique - Ballon électrique à accumulation vertical (autres catégorie ou inconnue)",150,,1,,,,,,,,,,,,0,,,,,,,,"Solaire Photovoltaïque",1,,,0,1
"2675E0076276U","2026-01-12","2025-12-09","2026-01-12","2026-01-12","2036-01-11","2575E3875511E",,"TAPR5VXFK273","Logiciel",,,"DPE 3CL 2021 méthode logement",2.6,"dpe appartement individuel","G","C","appartement",,"avant 1948","individuel","individuel",2.2,1,,1,,,,27.5,,"Moyenne","inférieur à 400m","H1a","120 Rue Saint-Maur 75011 Paris","120","Rue Saint-Maur","Paris","75011","75111","75","11","75111_8699_00120",654217.22,6863225.02,0.8,"adresse géocodée ban à l'adresse","120 rue Saint-Maur","120 rue Saint-Maur 75011 PARIS 11","PARIS 11",75011,0,,,"25/IMO/4720/AUE","5ème étage 1ère porte droite escalier","insuffisant",0,1,0,0,0,178.4,8.5,48.2,65.3,0,0.8,8.9,46.7,"insuffisante","insuffisante",,,"insuffisante","très bonne","bonne",2.19,9485.2,869.4,0,1104.6,0,112.5,0,15802.6,574,13492.3,2211.5,0,98.8,0,8317.2,302,7101.2,1164,0,52,0,640.2,23,561,75.7,0,3.6,0,"Électricité",8317.2,7101.2,1164,1759.6,1502.4,246.3,640.2,561,75.7,,,,,,,,,,,,,,,,,,,,,1759.6,1502.4,246.3,0,11,0,"Électricité","Panneau rayonnant électrique NFC, NF** et NF***","installation individuelle","Panneau rayonnant NFC, NF** et NF***","Installation de chauffage simple","Panneau rayonnant électrique NFC, NF** et NF*** avec programmateur pièce par pièce (système individuel)",7101.2,27.5,,,"Panneau rayonnant électrique NFC, NF** et NF***","Électricité","chauffage","Electrique - Panneau rayonnant électrique NFC, NF** et NF***",7101.2,,,,,,,,,,,,,,,,,,,,,,,,"Électricité","Ballon électrique à accumulation vertical Catégorie C ou 3 étoiles",,,"installation individuelle","Un seul système d'ECS sans solaire","Ballon électrique à accumulation vertical (catégorie C ou 3 étoiles), contenance ballon 80 L",1164,1,27.5,"Non affecté",,,,"Ballon électrique à accumulation vertical Catégorie C ou 3 étoiles","Électricité","ecs","Electrique - Ballon électrique à accumulation vertical (catégorie C ou 3 étoiles)",80,,1164,,,,,,,,,,,,0,,,,,,,,,,,,0,
"2675E0077000Q","2026-01-12","2026-01-12","2026-01-12","2026-01-12","2036-01-11",,,"754RNFEBG7AT","Logiciel",,,"DPE 3CL 2021 méthode logement",2.6,"dpe appartement individuel","C","A","appartement",,"2006-2012","individuel","individuel",2.5,1,,1,,,,25.6,,"Très lourde","inférieur à 400m","H1a","2t Passage Saint-Antoine 75011 Paris","2t","Passage Saint-Antoine","Paris","75011","75111","75","11","75111_8489_00002_t",654232.75,6861606.07,0.65,"adresse géocodée ban à l'adresse","2 Ter Passage Saint Antoine","2 Ter Passage Saint Antoine 75011 PARIS 11","PARIS 11",75011,0,,,"910301837","Etage 2; Porte Face","moyen",1,0,0,1,0,21.3,2.7,1.7,0,0,0,6,10.8,"très bonne","bonne",,"très bonne",,"très bonne","moyenne",0.1,298.9,845.6,0,1050.2,0,68.6,0,3617.1,141,544.9,2737.7,0,91.8,242.7,1903.7,74,286.8,1440.9,0,48.3,127.7,127.8,5,22.7,93.7,0,3.3,8.2,"Électricité",1903.7,286.8,1440.9,518.8,78.2,392.7,127.8,22.7,93.7,,,,,,,,,,,,,,,,,,,,,518.8,78.2,392.7,0,13.2,34.8,"Électricité","Panneau rayonnant électrique NFC, NF** et NF***","installation individuelle","Panneau rayonnant NFC, NF** et NF***","Installation de chauffage simple","Panneau rayonnant électrique NFC, NF** et NF*** avec programmateur pièce par pièce (système individuel)",286.8,25.6,,,"Panneau rayonnant électrique NFC, NF** et NF***","Électricité","chauffage","Electrique - Panneau rayonnant électrique NFC, NF** et NF***",286.8,,,,,,,,,,,,,,,,,,,,,,,,"Électricité","Ballon électrique à accumulation vertical Catégorie B ou 2 étoiles",,,"installation individuelle","Un seul système d'ECS sans solaire","Ballon électrique à accumulation vertical (catégorie B ou 2 étoiles), contenance ballon 150 L",1440.9,1,25.6,"Non affecté",,,,"Ballon électrique à accumulation vertical Catégorie B ou 2 étoiles","Électricité","ecs","Electrique - Ballon électrique à accumulation vertical (catégorie B ou 2 étoiles)",150,,1440.9,,,,,,,,,,,,0,,,,,,,,,,,,0,
"2675E0039678E","2026-01-07","2025-12-05","2026-01-07","2026-01-07","2036-01-06",,,"H5JBYQQKM1KB","Logiciel",,"AB3097326","DPE 3CL 2021 méthode logement",2.6,"dpe appartement individuel","E","C","appartement",,"avant 1948","individuel","individuel",2.8,1,,1,,,,54.5,,"Légère","inférieur à 400m","H1a","30 Boulevard du Temple 75011 Paris","30","Boulevard du Temple","Paris","75011","75111","75","11","75111_9190_00030",653481.23,6862965.79,0.71,"adresse géocodée ban à l'adresse","30 boulevard du Temple","30 boulevard du Temple 75011 PARIS 11","PARIS 11",75011,0,,,"9571-05.12.25","Bat. B; Etage 3; Porte Gauche","insuffisant",0,1,0,0,0,148,20.4,64.8,0.4,0,2,19.8,40.6,"insuffisante","insuffisante",,,"insuffisante","très bonne","bonne",1.88,6511.4,1176.7,0,1848,0,841.8,0,15409.8,282,11830.3,3383.6,0,195.8,0,8110.4,148,6226.5,1780.8,0,103.1,0,614.8,11,491.9,115.8,0,7.1,0,"Électricité",8110.4,6226.5,1780.8,1718.9,1319.6,377.4,614.8,491.9,115.8,,,,,,,,,,,,,,,,,,,,,1718.9,1319.6,377.4,0,21.8,0,"Électricité","Radiateur électrique à accumulation","installation individuelle","Radiateur électrique à accumulation","Installation de chauffage simple","Radiateur électrique à inertie (modélisé comme un radiateur à accumulation) avec programmateur pièce par pièce (système individuel)",5916.5,51.9,,,"Radiateur électrique à accumulation","Électricité","chauffage","Electrique - Radiateur électrique à accumulation",5916.5,,,,,,"installation individuelle","Radiateur électrique à accumulation","Installation de chauffage simple","Radiateur électrique à fluide caloporteur (modélisé comme un radiateur à accumulation) (système individuel)",310,2.6,,,"Radiateur électrique à accumulation","Électricité","chauffage","Electrique - Radiateur électrique à accumulation",310,,,,,,"Électricité","Ballon électrique à accumulation vertical Autres ou inconnue",,,"installation individuelle","Un seul système d'ECS sans solaire","Ballon électrique à accumulation vertical (autres catégorie ou inconnue), contenance ballon 100 L",1780.8,1,54.5,"Non affecté",,,,"Ballon électrique à accumulation vertical Autres ou inconnue","Électricité","ecs","Electrique - Ballon électrique à accumulation vertical (autres catégorie ou inconnue)",100,,1780.8,,,,,,,,,,,,0,,,,,,,,,,,,0,
"2375E3407787S","2026-01-02","2023-10-04","2023-10-04","2023-10-11","2033-10-03",,,"EHV1WV5BXQJ6","Reprise RNB",,,"DPE 3CL 2021 méthode logement",2.3,"dpe appartement individuel","E","C","appartement",1945,"avant 1948","mixte (collectif-individuel)","individuel",2.5,1,1,1,,0,26.3,26.3,,"Lourde","inférieur à 400m","H1a","42 Rue de l'Orillon 75011 Paris","42","Rue de l'Orillon","Paris","75011","75111","75","11","75111_6932_00042",654377.9,6863582.26,0.6,"adresse non géocodée ban car aucune correspondance trouvée","42 rue lorion","42 rue lorion75011 PARIS","PARIS",75011,,,,,"1-Bâtiment n°1-1-LogZone","moyen",0,0,0,0,0,78.7,10.2,34.7,0,0,6,10,17.9,"insuffisante","insuffisante",,,,"très bonne","bonne",2.7,3269.6,854.7,0,1070954,0,393578.8,0,8083,307.3,7027,2643.4,0,114.3,0,4254.2,161.8,3055.2,1149.3,0,49.7,0,315.6,12,241.4,74.7,0,3.4,0,"Électricité",4254.2,3055.2,1149.3,767,551,207,319.5,241.4,74.7,,,,,,,,,,,,,,,,,,,,,767,551,207,0,9,0,"Électricité",,"installation individuelle","Radiateur électrique à accumulation","Installation de chauffage simple","Emission n°1",3055.2,26.3,,,"Radiateur électrique à accumulation","Électricité","chauffage","Generateur Effet joule",3055.2,,,,,,,,,,,,,,,,,,,,,,,,"Électricité",,,,"installation individuelle","Un seul système d'ECS sans solaire","ECS Electrique",1149.3,1,26.3,"Non affecté",,,,"Ballon électrique à accumulation vertical Catégorie C ou 3 étoiles","Électricité","ecs",,80,,1149.3,"Avant 2010",,,,,,,,,"Ventilation par ouverture des fenêtres",26.3,0,,,,,,,,"Solaire Photovoltaïque",0,,,0,
"2675E0068891T","2026-01-11","2026-01-09","2026-01-11","2026-01-11","2036-01-10",,,,,,,"DPE 3CL 2021 méthode logement",2.6,"dpe appartement individuel","E","C","appartement",,"avant 1948","individuel","individuel",2.7,1,,1,,,,10.8,,"Moyenne","inférieur à 400m","H1a","68 Rue de Montreuil 75011 Paris","68","Rue de Montreuil","Paris","75011","75111","75","11","75111_6530_00068",655330.97,6861320.17,0.78,"adresse géocodée ban à l'adresse","68 RUE DE MONTREUIL","68 RUE DE MONTREUIL 75011 PARIS 11","PARIS 11",75011,0,,,"26/01/01361","Etage 6; Porte Face/Droite","insuffisant",0,0,0,0,0,41,2.6,12.6,9.1,0,0.6,4,12.1,"insuffisante","insuffisante",,"insuffisante",,"très bonne","insuffisante",0.86,1725.5,664.3,0,635.6,0,107.1,0,5094.9,472,3100.6,1770.5,0,38.7,185,2681.5,248,1631.9,931.8,0,20.4,97.4,197.1,18,128.9,60.6,0,1.4,6.2,"Électricité",2681.5,1631.9,931.8,666.1,405.4,231.5,197.1,128.9,60.6,,,,,,,,,,,,,,,,,,,,,666.1,405.4,231.5,0,5.1,24.2,"Électricité","Autres émetteurs à effet joule","installation individuelle","Autres émetteurs à effet joule","Installation de chauffage simple","Autres émetteurs à effet joule (système individuel)",1631.9,10.8,,,"Autres émetteurs à effet joule","Électricité","chauffage","Electrique - Autres émetteurs à effet joule",1631.9,,,,,,,,,,,,,,,,,,,,,,,,"Électricité","Ballon électrique à accumulation vertical Catégorie B ou 2 étoiles",,,"installation individuelle","Un seul système d'ECS sans solaire","Ballon électrique à accumulation vertical (catégorie B ou 2 étoiles), contenance ballon 50 L",931.8,1,10.8,"Non affecté",,,,"Ballon électrique à accumulation vertical Catégorie B ou 2 étoiles","Électricité","ecs","Electrique - Ballon électrique à accumulation vertical (catégorie B ou 2 étoiles)",50,,931.8,,,,,,,,,,,,0,,,,,,,,,,,,0,
"2675E0041651B","2026-01-08","2026-01-07","2026-01-08","2026-01-08","2036-01-07",,,,,,"AB0628776","DPE 3CL 2021 méthode logement",2.6,"dpe appartement individuel","D","B","appartement",,"avant 1948","individuel","individuel",2.8,1,,1,,,,93.5,,"Moyenne","inférieur à 400m","H1a","8 Impasse Saint-Sébastien 75011 Paris","8","Impasse Saint-Sébastien","Paris","75011","75111","75","11","75111_8754_00008",653844.85,6862526.09,0.66,"adresse géocodée ban à l'adresse","8 Impasse Saint-Sébastien","8 Impasse Saint-Sébastien 75011 PARIS 11","PARIS 11",75011,0,,,"2601.006 Sebastien8","Bat A 1er étage droite Lots 7;8;15;16","insuffisant",0,1,0,0,0,241.2,16.9,110.4,0,3.7,2.1,39.9,68.1,"insuffisante","insuffisante",,"très bonne",,"insuffisante","moyenne",1.79,10612.9,1444.4,0,2809.4,0,1293.9,0,22972.2,245,18170.5,4466.1,0,335.7,0,12090.6,129,9563.4,2350.6,0,176.7,0,920.5,9,755.5,152.8,0,12.2,0,"Électricité",12090.6,9563.4,2350.6,2504,1980.6,486.8,920.5,755.5,152.8,,,,,,,,,,,,,,,,,,,,,2504,1980.6,486.8,0,36.6,0,"Électricité","radiateur électrique NFC, NF** et NF***","installation individuelle","radiateur électrique NFC, NF** et NF***","Installation de chauffage simple","Radiateur électrique NFC, NF** et NF*** avec programmateur pièce par pièce (système individuel)",9563.4,93.5,,,"radiateur électrique NFC, NF** et NF***","Électricité","chauffage","Electrique - Radiateur électrique à inertie (modélisé comme un radiateur NFC, NF** et NF***)",9563.4,,,,,,,,,,,,,,,,,,,,,,,,"Électricité","Ballon électrique à accumulation horizontal",,,"installation individuelle","Un seul système d'ECS sans solaire","Ballon électrique à accumulation horizontal, contenance ballon 150 L",2350.6,1,93.5,"Non affecté",,,,"Ballon électrique à accumulation horizontal","Électricité","ecs","Electrique - Ballon électrique à accumulation horizontal",150,,2350.6,,,,,,,,,,,,0,,,,,,,,,,,,0,
"2675E0066086W","2026-01-10","2023-08-06","2026-01-10","2026-01-10","2036-01-09",,,,,,,"DPE 3CL 2021 méthode logement",2.6,"dpe appartement individuel","B","A","appartement",,"avant 1948","individuel","individuel",2.9,1,,1,,,,44.8,,"Très lourde","inférieur à 400m","H1a","6 Rue Popincourt 75011 Paris","6","Rue Popincourt","Paris","75011","75111","75","11","75111_7626_00006",654340.8,6862076.14,0.75,"adresse géocodée ban à l'adresse","6 Rue Popincourt","6 Rue Popincourt 75011 PARIS 11","PARIS 11",75011,0,,,"2023-08-006","Etage : 2ème Edgar Degas","insuffisant",0,0,0,1,1,42.3,8,2.9,6.2,0,0,4.1,21.1,"très bonne","très bonne","très bonne",,,"très bonne","très bonne",0.2,917.8,1081.8,56.1,1439.5,25.5,208.9,24.3,4257.1,95,614.9,3220.2,15.1,160.9,246.1,2240.6,50,323.6,1694.8,7.9,84.7,129.5,150.4,3,25.6,110.2,0.5,5.8,8.3,"Électricité",2240.6,323.6,1694.8,582.7,84.2,440.8,150.4,25.6,110.2,,,,,,,,,,,,,,,,,,,,,582.7,84.2,440.8,2.1,22,33.7,"Électricité","PAC air/air installée à partir de 2015","installation individuelle","Soufflage d'air chaud (air soufflé) avec distribution par fluide frigorigène","Installation de chauffage simple","PAC air/air sans réseau de distribution installée à partir de 2015 (système individuel)",323.6,44.8,,,"PAC air/air installée à partir de 2015","Électricité","chauffage","Electrique - PAC air/air sans réseau de distribution installée à partir de 2015",323.6,,,,,,,,,,,,,,,,,,,,,,,,"Électricité","Ballon électrique à accumulation vertical Catégorie B ou 2 étoiles",,,"installation individuelle","Un seul système d'ECS sans solaire","Ballon électrique à accumulation vertical (catégorie B ou 2 étoiles), contenance ballon 150 L",1694.8,1,44.8,"Non affecté",,,,"Ballon électrique à accumulation vertical Catégorie B ou 2 étoiles","Électricité","ecs","Electrique - Ballon électrique à accumulation vertical (catégorie B ou 2 étoiles)",150,,1694.8,,,,,,,,,,,,0,"PAC air/air installée à partir de 2015","Électricité","A partir de 2015","Refroidissement - Electrique - Pompe à chaleur air/air",44.8,7.9,"pompe à chaleur",,,,,0,
"2575E4044395S","2026-01-12","2023-11-20","2025-11-26","2026-01-12","2035-11-25",,,,,,,"DPE 3CL 2021 méthode logement",2.6,"dpe immeuble collectif","D","D","immeuble",1890,"avant 1948","mixte (collectif-individuel)","mixte (collectif-individuel)",2.5,6,2,,"T3",,225,,,"Lourde","inférieur à 400m","H1a","57 Rue de la Fontaine au Roi 75011 Paris","57","Rue de la Fontaine au Roi","Paris","75011","75111","75","11","75111_3717_00057",654074.78,6863321.45,0.98,"adresse non géocodée ban car aucune correspondance trouvée","57 Rue de la Fontaine au Roi","57 Rue de la Fontaine au Roi 75011 Paris","Paris",75011,,"dernier étage",,,"1-Bâtiment n°1-1-LogZone","bon",1,1,0,0,1,700.9,42.6,37.6,41.7,386.2,6.6,16.9,169.3,"insuffisante","très bonne",,,"très bonne","insuffisante","bonne",0.9,32918.8,5953.1,0,8311856,0,1323933,0,50565.4,224,37269.5,9091.5,0,808,3396.4,48573.8,215.9,37269.5,9091.5,0,425.3,1787.6,10575,47,8460.2,2063.8,0,29.3,114.4,"Gaz naturel",46361,37269.5,9091.5,5491,4414,1077,10524,8460.2,2063.8,"Électricité",2212.8,0,0,467,0,0,143.7,0,0,,,,,,,,,,,5958,4414,1077,0,148,319,"Gaz naturel","Chaudière gaz à condensation après 2015","installation individuelle","Radiateur bitube avec robinet thermostatique sur réseau individuel eau chaude haute température(sup ou egal 65°C)","Installation de chauffage simple","Emission n°1",6211.6,225,,,"Chaudière gaz à condensation après 2015","Gaz naturel","chauffage + ecs","Chaudière gaz condensation depuis 2016",6211.6,,,,,,,,,,,,,,,,,,,,,,,,"Gaz naturel","Chaudière gaz à condensation après 2015",,,"installation individuelle","Un seul système d'ECS sans solaire","Générateur mixte (chauffage + ecs)",1515.3,6,37.5,"Non affecté",,,,"Chaudière gaz à condensation après 2015","Gaz naturel","chauffage + ecs",,0,,1515.3,"A partir de 2015",,,,,,,,,,,0,,,,,,,,,,,,0,
"2675E0034990W","2026-01-07","2025-04-04","2026-01-07","2026-01-07","2036-01-06",,"2675E0034303L",,,,,"DPE 3CL 2021 méthode logement",2.6,"dpe appartement généré à partir des données DPE immeuble","C","C","appartement",,"2013-2021","mixte (collectif-individuel)","collectif",2.6,63,10,1,,1,4319.5,97.9,,"Légère","inférieur à 400m","H1a","60 Avenue Parmentier 75011 Paris","60","Avenue Parmentier","Paris","75011","75111","75","11","75111_7067_00060",654268.27,6862694.31,0.79,"adresse géocodée ban à l'adresse","58/60 Avenue Parmentier","58/60 Avenue Parmentier 75011 PARIS 11, France","PARIS 11, France",75011,0,,,"2025043188_p03","B001",,,,,,,2949.3,440.6,498,82.4,76,5.6,120.1,1726.8,"très bonne","très bonne",,,"très bonne","très bonne","très bonne",0.36,79690.9,80212.2,0,138250.7,0,11449.8,0,8161.4,83,4852.4,1985.4,0,351.6,972,7534.4,76,4852.4,1985.4,0,185,511.6,1597.7,16,1101.5,450.7,0,12.8,32.7,"Gaz naturel",6837.8,4852.4,1985.4,640.7,454.6,186,1552.2,1101.5,450.7,"Électricité",696.6,0,0,168.3,0,0,45.5,0,0,,,,,,,,,,,809,454.6,186,0,64.2,104.1,"Gaz naturel","Chaudière gaz à condensation après 2015","installation hybride collective-individuelle (chauffage base + appoint individuel ou convecteur bi-jonction)","Plancher chauffant sur réseau collectif eau chaude basse ou moyenne température(inf 65°C)","Installation de chauffage collectif avec Base + appoint","Chaudière collective gaz à condensation installée à partir de 2016 en cascade avec une chaudière gaz à condensation installée à partir de 2016 avec en appoint un autres émetteurs à effet joule régulée, réseau isolé. Emetteur(s): plancher chauffant",214093.8,4319.5,,,"Chaudière gaz à condensation après 2015","Gaz naturel","chauffage + ecs","Gaz Naturel - Chaudière gaz à condensation installée à partir de 2016",107046.9,"Chaudière gaz à condensation après 2015","Gaz naturel","chauffage + ecs","Gaz Naturel - Chaudière gaz à condensation installée à partir de 2016",107046.9,,,,,,,,,,,,,,,,,,,"Gaz naturel","Chaudière gaz à condensation après 2015",,,"installation collective","Un seul système d'ECS sans solaire","Combiné au système de chauffage, contenance ballon 2860 L",107911,1,4319.5,"Non affecté",,,,"Chaudière gaz à condensation après 2015","Gaz naturel","chauffage + ecs","Gaz Naturel - Chaudière gaz à condensation installée à partir de 2016",2860,,107911,,,,,,,,,,,,0,,,,,,,,,,,,0,
"2175E0389891S","2026-01-06","2021-09-25","2021-09-25","2021-09-25","2031-09-24",,,"TSYMN33BW9NC","Reprise RNB",,,"DPE 3CL 2021 méthode logement",1,"dpe appartement individuel","D","D","appartement",1978,"1978-1982","collectif","collectif",2.5,1,,1,,,,37.2,,"Lourde","inférieur à 400m","H1a","54 Rue de la Folie-Regnault 75011 Paris","54","Rue de la Folie-Regnault","Paris","75011","75111","75","11","75111_3703_00054",655002.17,6862374.42,0.76,"adresse géocodée ban à l'adresse","54, rue de la Folie Regnault","54, rue de la Folie Regnault 75011 PARIS - 11EME","PARIS - 11EME",75011,0,,,,"Bat. Rue; Etage 8",,,,,,,86.9,15.7,8.3,0,0,0,34.7,28.3,"insuffisante","insuffisante",,"très bonne",,"très bonne","insuffisante",3.69,2852.6,988,0,1375766.4,0,1664374.9,0,6828.7,183.7,4740.3,1350,0,161.5,732.4,6479,174,4740.3,1350,0,70.2,318.4,1407.7,37,1076,306.5,0,4.8,20.4,"Électricité",6479,4740.3,1350,454.8,293.8,83.7,1407.7,1076,306.5,"Gaz naturel",6479,4740.3,1350,454.8,293.8,83.7,1407.7,1076,306.5,,,,,,,,,,,454.8,293.8,83.7,0,25.6,51.7,"Électricité",,,,,,,,,,,,,,,,,,,,,,,,,,,,,,,,,,,,,,"Non affecté",,,,,,,,,,,,,,,,,,,,,,,,,,,,,,,,0,,,,,,,,,,,,0,
"2175E0548579C","2026-01-07","2021-10-21","2021-10-21","2021-10-21","2031-10-20",,,"MXC9PQRGH57V","Reprise RNB",,,"DPE 3CL 2021 méthode logement",1,"dpe appartement individuel","F","C","appartement",1947,"avant 1948","individuel","individuel",2.7,1,,1,,,,16.4,,"Légère","inférieur à 400m","H1a","94 Boulevard Richard Lenoir 75011 Paris","94","Boulevard Richard Lenoir","Paris","75011","75111","75","11","75111_8208_00094",653951.79,6862725.28,0.79,"adresse géocodée ban à l'adresse","94, boulevard Richard Lenoir","94, boulevard Richard Lenoir 75011 PARIS 11","PARIS 11",75011,0,,,,"Etage 5; Porte 8",,,,,,,75.9,0,18.2,32.7,0,1.5,10.3,13.3,"insuffisante","insuffisante",,"insuffisante",,"très bonne","moyenne",1.54,3677.6,732.6,0,791683.6,0,104302.2,0,8154.3,498.7,7395.3,2404.6,0,71.1,1,4291.7,262,3215.4,1045.5,0,30.9,0,324.1,19,254,68,0,2.1,0,"Électricité",4291.7,3215.4,1045.5,773.3,579.4,188.4,324.1,254,68,,,,,,,,,,,,,,,,,,,,,773.3,579.4,188.4,0,5.6,0,"Électricité",,,,,,,,,,,,,,,,,,,,,,,,,,,,,,,,,,,,,,"Non affecté",,,,,,,,,,,,,,,,,,,,,,,,,,,,,,,,0,,,,,,,,,,,,0,
"2675E0057650K","2026-01-09","2026-01-05","2026-01-09","2026-01-09","2036-01-08",,,,,,,"DPE 3CL 2021 méthode logement",2.6,"dpe appartement individuel","C","B","appartement",,"1948-1974","individuel","individuel",2.7,1,,1,,,,53.7,,"Lourde","inférieur à 400m","H1a","133 Rue Saint-Maur 75011 Paris","133","Rue Saint-Maur","Paris","75011","75111","75","11","75111_8699_00133",654205.57,6863217.33,0.8,"adresse géocodée ban à l'adresse","133, Rue Saint-Maur","133, Rue Saint-Maur 75011 PARIS 11","PARIS 11",75011,0,,,"26/IMO/5145","2ème étage","insuffisant",0,1,0,1,0,87.3,27.2,16.8,0,0,1,7.9,34.4,"insuffisante","insuffisante",,"très bonne",,"très bonne","très bonne",0.91,2944.3,1170.8,0,1826.5,0,568.5,0,9542.6,177,5456.2,3277.5,0,192.7,616.3,5022.4,93,2871.7,1725,0,101.4,324.3,366.7,6,226.9,112.1,0,7,20.8,"Électricité",5022.4,2871.7,1725,1109.7,634.5,381.1,366.7,226.9,112.1,,,,,,,,,,,,,,,,,,,,,1109.7,634.5,381.1,0,22.4,71.7,"Électricité","Panneau rayonnant électrique NFC, NF** et NF***","installation individuelle","Panneau rayonnant NFC, NF** et NF***","Installation de chauffage simple","Panneau rayonnant électrique NFC, NF** et NF*** (système individuel)",2871.7,53.7,,,"Panneau rayonnant électrique NFC, NF** et NF***","Électricité","chauffage","Electrique - Panneau rayonnant électrique NFC, NF** et NF***",2871.7,,,,,,,,,,,,,,,,,,,,,,,,"Électricité","Ballon électrique à accumulation vertical Catégorie C ou 3 étoiles",,,"installation individuelle","Un seul système d'ECS sans solaire","Ballon électrique à accumulation vertical (catégorie C ou 3 étoiles), contenance ballon 150 L",1030.3,1,26.8,"Non affecté",,,,"Ballon électrique à accumulation vertical Catégorie C ou 3 étoiles","Électricité","ecs","Electrique - Ballon électrique à accumulation vertical (catégorie C ou 3 étoiles)",150,,1030.3,,,,,,,,,,,,0,,,,,,,,,,,,0,
"2575E4044346V","2026-01-12","2023-11-20","2025-11-26","2026-01-12","2035-11-25",,,,,,,"DPE 3CL 2021 méthode logement",2.6,"dpe immeuble collectif","F","C","immeuble",1890,"avant 1948","mixte (collectif-individuel)","mixte (collectif-individuel)",2.5,25,5,,,,505,,,"Lourde","inférieur à 400m","H1a","57 Rue de la Fontaine au Roi 75011 Paris","57","Rue de la Fontaine au Roi","Paris","75011","75111","75","11","75111_3717_00057",654074.78,6863321.45,0.98,"adresse non géocodée ban car aucune correspondance trouvée","57 Rue de la Fontaine au Roi","57 Rue de la Fontaine au Roi 75011 Paris","Paris",75011,,,,,"1-Bâtiment n°1-1-LogZone","insuffisant",0,1,0,0,0,1469.1,66.1,377.7,322.1,257.7,0,25.7,419.7,"insuffisante","insuffisante",,"insuffisante",,"insuffisante","très bonne",2.33,62299.4,19505.3,0,22515190,0,2692846,0,167494.4,331,102602,52571.6,0,1816.2,10504.6,106231,210,66295.9,33450.5,0,955.9,5528.7,13150,26,9078.8,4151.4,0,66,353.8,"Électricité",68070.5,40340.1,21245.7,16608,10030,5282,4987.6,3186.9,1381,"Gaz naturel",38160.5,25955.8,12204.7,5006,3405,1601,8662.4,5892,2770.5,,,,,,,,,,,21614,13435,6883,0,238,1058,"Électricité","Chaudière gaz à condensation 2001-2015","installation individuelle","Radiateur bitube avec robinet thermostatique sur réseau individuel eau chaude haute température(sup ou egal 65°C)","Installation de chauffage simple","Emission n°1",3115.9,168.6,,,"Chaudière gaz à condensation 2001-2015","Gaz naturel","chauffage + ecs","Chaudière gaz condensation entre 2001 et 2015",3115.9,,,,,,"installation individuelle","Autres émetteurs à effet joule","Installation de chauffage simple","Emission n°2",2419.9,337.2,,,"Autres émetteurs à effet joule","Électricité","chauffage","Generateur Effet joule",2419.9,,,,,,"Gaz naturel","Ballon électrique à accumulation vertical Autres ou inconnue",,,"installation individuelle","Un seul système d'ECS sans solaire","Générateur mixte (chauffage + ecs)",1464.6,8.3,20.2,"Non affecté",,,,"Chaudière gaz à condensation 2001-2015","Gaz naturel","chauffage + ecs",,0,,1464.6,"Avant 2010",,,,,,,,,,,0,,,,,,,,,,,,0,
"2675E0035089R","2026-01-07","2025-04-04","2026-01-07","2026-01-07","2036-01-06",,"2675E0034303L",,,,,"DPE 3CL 2021 méthode logement",2.6,"dpe appartement généré à partir des données DPE immeuble","C","C","appartement",,"2013-2021","mixte (collectif-individuel)","collectif",2.6,63,10,1,,1,4319.5,65.8,,"Légère","inférieur à 400m","H1a","60 Avenue Parmentier 75011 Paris","60","Avenue Parmentier","Paris","75011","75111","75","11","75111_7067_00060",654268.27,6862694.31,0.79,"adresse géocodée ban à l'adresse","58/60 Avenue Parmentier","58/60 Avenue Parmentier 75011 PARIS 11, France","PARIS 11, France",75011,0,,,"2025043188_p03","A201",,,,,,,2949.3,440.6,498,82.4,76,5.6,120.1,1726.8,"très bonne","très bonne",,,"très bonne","très bonne","très bonne",0.36,79690.9,80212.2,0,138250.7,0,11449.8,0,5910.2,89,3261.3,1688.4,0,236.3,724.2,5455.3,82,3261.3,1688.4,0,124.4,381.1,1156.6,17,740.3,383.3,0,8.6,24.4,"Gaz naturel",4949.7,3261.3,1688.4,463.4,305.3,158.1,1123.6,740.3,383.3,"Électricité",505.5,0,0,120.6,0,0,33,0,0,,,,,,,,,,,584,305.3,158.1,0,43.2,77.4,"Gaz naturel","Chaudière gaz à condensation après 2015","installation hybride collective-individuelle (chauffage base + appoint individuel ou convecteur bi-jonction)","Autres émetteurs à effet joule","Installation de chauffage collectif avec Base + appoint","Chaudière collective gaz à condensation installée à partir de 2016 en cascade avec une chaudière gaz à condensation installée à partir de 2016 avec en appoint un autres émetteurs à effet joule régulée, réseau isolé. Emetteur(s): plancher chauffant",214093.8,4319.5,,,"Chaudière gaz à condensation après 2015","Gaz naturel","chauffage + ecs","Gaz Naturel - Chaudière gaz à condensation installée à partir de 2016",107046.9,"Chaudière gaz à condensation après 2015","Gaz naturel","chauffage + ecs","Gaz Naturel - Chaudière gaz à condensation installée à partir de 2016",107046.9,,,,,,,,,,,,,,,,,,,"Gaz naturel","Chaudière gaz à condensation après 2015",,,"installation collective","Un seul système d'ECS sans solaire","Combiné au système de chauffage, contenance ballon 2860 L",107911,1,4319.5,"Non affecté",,,,"Chaudière gaz à condensation après 2015","Gaz naturel","chauffage + ecs","Gaz Naturel - Chaudière gaz à condensation installée à partir de 2016",2860,,107911,,,,,,,,,,,,0,,,,,,,,,,,,0,
"2675E0053133R","2026-01-08","2026-01-08","2026-01-08","2026-01-08","2036-01-07",,,,,,,"DPE 3CL 2021 méthode logement",2.6,"dpe appartement individuel","F","C","appartement",,"avant 1948","individuel","individuel",2.5,1,,1,,,,37,,"Moyenne","inférieur à 400m","H1a","71 Rue Saint-Maur 75011 Paris","71","Rue Saint-Maur","Paris","75011","75111","75","11","75111_8699_00071",654443.09,6862758.32,0.8,"adresse géocodée ban à l'adresse","71 RUE SAINT MAUR","71 RUE SAINT MAUR 75011 PARIS 11","PARIS 11",75011,0,,,"26-01-08/EL/6699","Etage 1; Porte Face","insuffisant",0,0,0,0,0,126.3,10.6,59.7,0,8.1,3.5,8.5,35.9,"insuffisante","insuffisante",,"très bonne",,"insuffisante","moyenne",1.25,5531.6,986.5,0,1372.4,0,725.3,0,12424.1,335,9081.8,3209.2,0,133,0,6539,176,4779.9,1689.1,0,70,0,492.2,13,377.6,109.8,0,4.8,0,"Électricité",6539,4779.9,1689.1,1408.9,1029.9,363.9,492.2,377.6,109.8,,,,,,,,,,,,,,,,,,,,,1408.9,1029.9,363.9,0,15.1,0,"Électricité","radiateur électrique NFC, NF** et NF***","installation individuelle","radiateur électrique NFC, NF** et NF***","Installation de chauffage simple","Radiateur électrique NFC, NF** et NF*** avec programmateur pièce par pièce (système individuel)",4779.9,37,,,"radiateur électrique NFC, NF** et NF***","Électricité","chauffage","Electrique - Radiateur électrique à inertie (modélisé comme un radiateur NFC, NF** et NF***)",4779.9,,,,,,,,,,,,,,,,,,,,,,,,"Électricité","Ballon électrique à accumulation horizontal",,,"installation individuelle","Un seul système d'ECS sans solaire","Ballon électrique à accumulation horizontal, contenance ballon 100 L",1689.1,1,37,"Non affecté",,,,"Ballon électrique à accumulation horizontal","Électricité","ecs","Electrique - Ballon électrique à accumulation horizontal",100,,1689.1,,,,,,,,,,,,0,,,,,,,,,,,,0,
"2175E0712744D","2026-01-06","2021-11-18","2021-11-18","2021-11-18","2031-11-17",,,,,,,"DPE 3CL 2021 méthode logement",1.1,"dpe appartement individuel","E","E","appartement",1978,"1978-1982","collectif","collectif",2.5,1,,1,,,,30,,"Très lourde","inférieur à 400m","H1a","11 Rue du Chemin Vert 75011 Paris","11","Rue du Chemin Vert","Paris","75011","75111","75","11","75111_1966_00011",653793.1,6862146.31,0.79,"adresse géocodée ban à l'adresse","11 RUE DU CHEMIN VERT","11 RUE DU CHEMIN VERT 75011 PARIS 11","PARIS 11",75011,0,,,,"Etage 4",,,,,,,69.4,6.9,20.3,0,0,0,22.1,20.1,"insuffisante","insuffisante",,"très bonne",,"très bonne","insuffisante",3.3,2710.1,900.1,0,1174803.8,0,395405,0,9410,313.6,4597.7,3910.6,0,130.4,961.1,8982.9,299,4597.7,3910.6,0,56.7,417.9,1962,65,1043.7,887.7,0,3.9,26.7,"Électricité",8982.9,4597.7,3910.6,640.1,284.1,241.6,1962,1043.7,887.7,"Gaz naturel",8982.9,4597.7,3910.6,640.1,284.1,241.6,1962,1043.7,887.7,,,,,,,,,,,640.1,284.1,241.6,0,16.4,98,"Électricité","Chaudière gaz classique avant 1981","installation collective","Radiateur monotube sans robinet thermostatique sur réseau collectif eau chaude haute température(sup ou egal 65°C)","Installation de chauffage simple","Chaudière collective gaz classique installée avant 1981. Emetteur(s): radiateur monotube sans robinet thermostatique",1,30,,,"Chaudière gaz classique avant 1981","Gaz naturel","chauffage","Gaz Naturel - Chaudière gaz classique installée avant 1981",1,,,,,,,,,,,,,,,,,,,,,,,,"Gaz naturel","Chaudière gaz classique avant 1981",,,"installation collective","Un seul système d'ECS sans solaire","Combiné au système de chauffage",1,,30,"Non affecté",,,,"Chaudière gaz classique avant 1981","Gaz naturel","chauffage","Gaz Naturel - Chaudière gaz classique installée avant 1981",0,,1,,,,,,,,,,,,0,,,,,,,,"Solaire Photovoltaïque",1,,,0,1
"2675E0021463P","2026-01-06","2026-01-06","2026-01-06","2026-01-06","2036-01-05",,,"YFNG5S1RG5EY","Logiciel",,,"DPE 3CL 2021 méthode logement",2.6,"dpe appartement individuel","E","B","appartement",,"avant 1948","individuel","individuel",2.6,1,,1,,,,55.7,,"Moyenne","inférieur à 400m","H1a","93 Rue du Chemin Vert 75011 Paris","93","Rue du Chemin Vert","Paris","75011","75111","75","11","75111_1966_00093",654524.94,6862492.57,0.79,"adresse géocodée ban à l'adresse","93 RUE DU CHEMIN VERT","93 RUE DU CHEMIN VERT 75011 PARIS 11","PARIS 11",75011,0,,,"26/IMO/0957","Etage 3","insuffisant",0,1,0,0,0,149.2,15.7,46.2,0,0,0.7,30,56.7,"bonne","insuffisante",,"très bonne",,"très bonne","moyenne",0.62,5943.4,1184.7,0,1876.6,0,1739.8,0,14252.7,255,11244.8,2807.9,0,200,0,7501.4,134,5918.3,1477.9,0,105.3,0,570.9,10,467.5,96.1,0,7.3,0,"Électricité",7501.4,5918.3,1477.9,1598.7,1261.3,315,570.9,467.5,96.1,,,,,,,,,,,,,,,,,,,,,1598.7,1261.3,315,0,22.4,0,"Électricité","Radiateur électrique à accumulation","installation individuelle","Radiateur électrique à accumulation","Installation de chauffage simple","Radiateur électrique à accumulation (système individuel)",5918.3,55.7,,,"Radiateur électrique à accumulation","Électricité","chauffage","Electrique - Radiateur électrique à accumulation",5918.3,,,,,,,,,,,,,,,,,,,,,,,,"Électricité","Ballon électrique à accumulation vertical Catégorie C ou 3 étoiles",,,"installation individuelle","Un seul système d'ECS sans solaire","Ballon électrique à accumulation vertical (catégorie C ou 3 étoiles), contenance ballon 80 L",1477.9,1,55.7,"Non affecté",,,,"Ballon électrique à accumulation vertical Catégorie C ou 3 étoiles","Électricité","ecs","Electrique - Ballon électrique à accumulation vertical (catégorie C ou 3 étoiles)",80,,1477.9,,,,,,,,,,,,0,,,,,,,,,,,,0,
"2675E0058712G","2026-01-09","2026-01-08","2026-01-09","2026-01-09","2036-01-08",,,,,,,"DPE 3CL 2021 méthode logement",2.6,"dpe appartement individuel","E","E","appartement",,"avant 1948","individuel","collectif",2.5,1,,1,,,393.5,25.6,,"Lourde","inférieur à 400m","H1a","6 Cité d'Angoulême 75011 Paris","6","Cité d'Angoulême","Paris","75011","75111","75","11","75111_0348_00006",654126.6,6863129.88,0.66,"adresse géocodée ban à l'adresse","6 Cité d'Angoulême","6 Cité d'Angoulême 75011 PARIS 11, France","PARIS 11, France",75011,0,,,"26/IMO/0608","2e Étage / Appartement 203","moyen",0,0,0,1,0,53.4,4.7,11.7,0,0,0.3,9.9,26.9,"insuffisante","insuffisante",,"très bonne",,"très bonne","moyenne",0.87,1896.5,845.7,0,1050.5,0,417.7,0,7551.7,295,3278.5,4055.2,0,91.8,126.1,5895.5,230,1725.5,4055.2,0,48.3,66.4,1457.8,57,136.3,1313.9,0,3.3,4.2,"Fioul domestique",4055.2,0,4055.2,601,0,601,1313.9,0,1313.9,"Électricité",1840.2,1725.5,0,507,475.3,0,143.9,136.3,0,,,,,,,,,,,1108,475.3,601,0,13.3,18.4,"Électricité","Panneau rayonnant électrique NFC, NF** et NF***","installation individuelle","Panneau rayonnant NFC, NF** et NF***","Installation de chauffage simple","Panneau rayonnant électrique NFC, NF** et NF*** avec programmateur pièce par pièce (système individuel)",1725.5,25.6,,,"Panneau rayonnant électrique NFC, NF** et NF***","Électricité","chauffage","Electrique - Panneau rayonnant électrique NFC, NF** et NF***",1725.5,,,,,,,,,,,,,,,,,,,,,,,,"Fioul domestique","Chaudière fioul standard après 2015",,,"installation collective","Un seul système d'ECS sans solaire","Chaudière collective fioul standard installée à partir de 2016",4055.2,1,25.6,"Non affecté",,,,"Chaudière fioul standard après 2015","Fioul domestique","ecs","Fioul - Chaudière fioul standard installée à partir de 2016",0,,4055.2,,,,,,,,,,,,0,,,,,,,,,,,,0,
"2675E0012123J","2026-01-05","2025-11-21","2026-01-05","2026-01-05","2036-01-04","2575E3736830H",,,,,,"DPE 3CL 2021 méthode logement",2.6,"dpe appartement individuel","G","C","appartement",,"avant 1948","individuel","individuel",2.8,1,,1,,,,14.5,,"Moyenne","inférieur à 400m","H1a","146 Boulevard Voltaire 75011 Paris","146","Boulevard Voltaire","Paris","75011","75111","75","11","75111_9907_00146",654663.55,6861997.66,0.82,"adresse géocodée ban à l'adresse","146 boulevard Voltaire","146 boulevard Voltaire 75011 PARIS, France","PARIS, France",75011,0,,,"25/11/7223",,"insuffisant",0,0,0,0,0,98.4,8.2,39.5,9.5,5.2,2.8,8.3,24.9,"insuffisante","insuffisante",,,"insuffisante","insuffisante","moyenne",1.58,4993.6,709.7,0,739.5,0,93.5,0,10274.7,709,7946.2,2276.5,0,52,0,5407.7,373,4182.2,1198.1,0,27.4,0,410.2,28,330.4,77.9,0,1.9,0,"Électricité",5407.7,4182.2,1198.1,1185.7,917,262.7,410.2,330.4,77.9,,,,,,,,,,,,,,,,,,,,,1185.7,917,262.7,0,6,0,"Électricité",,"installation individuelle","Convecteur électrique NFC, NF** et NF***","Installation de chauffage simple","Convecteur électrique NFC, NF** et NF*** (système individuel)",4182.2,14.5,,,"Convecteur électrique NFC, NF** et NF***","Électricité","chauffage","Electrique - Convecteur électrique NFC, NF** et NF***",4182.2,,,,,,,,,,,,,,,,,,,,,,,,"Électricité",,,,"installation individuelle","Un seul système d'ECS sans solaire","Ballon électrique à accumulation vertical (catégorie B ou 2 étoiles), contenance ballon 100 L",1198.1,1,14.5,"Non affecté",,,,"Ballon électrique à accumulation vertical Catégorie B ou 2 étoiles","Électricité","ecs","Electrique - Ballon électrique à accumulation vertical (catégorie B ou 2 étoiles)",100,,1198.1,,,,,,,,,,,,0,,,,,,,,,,,,0,
"2675E0007960G","2026-01-05","2022-07-12","2026-01-05","2026-01-05","2036-01-04",,,,,,,"DPE 3CL 2021 méthode logement",2.6,"dpe appartement individuel","G","C","appartement",,"avant 1948","individuel","individuel",2.4,1,,1,,,,17,,"Moyenne","inférieur à 400m","H1a","11b Impasse Daunay 75011 Paris","11b","Impasse Daunay","Paris","75011","75111","75","11","75111_2588_00011_b",655065.29,6862443.1,0.67,"adresse géocodée ban à l'adresse","11bis Impasse Daunay","11bis Impasse Daunay 75011 PARIS 11","PARIS 11",75011,0,,,"120722.1550",,"insuffisant",1,0,0,0,0,89.1,5.2,33.4,13.6,0,5.9,6.9,24.1,"insuffisante","insuffisante",,"insuffisante",,"très bonne","moyenne",0.85,4440.6,740.6,0,809.9,0,121.9,0,9034.1,531,7212.2,1760.9,0,61,0,4754.8,279,3795.9,926.8,0,32.1,0,362.3,21,299.9,60.2,0,2.2,0,"Électricité",4754.8,3795.9,926.8,1059,845.4,206.4,362.3,299.9,60.2,,,,,,,,,,,,,,,,,,,,,1059,845.4,206.4,0,7.2,0,"Électricité",,"installation individuelle","Radiateur électrique à accumulation","Installation de chauffage simple","Radiateur électrique à inertie (modélisé comme un radiateur à accumulation) avec programmateur pièce par pièce (système individuel)",3795.9,17,,,"Radiateur électrique à accumulation","Électricité","chauffage","Electrique - Radiateur électrique à accumulation",3795.9,,,,,,,,,,,,,,,,,,,,,,,,"Électricité",,,,"installation individuelle","Un seul système d'ECS sans solaire","Ballon électrique à accumulation vertical (catégorie B ou 2 étoiles), contenance ballon 30 L",926.8,1,17,"Non affecté",,,,"Ballon électrique à accumulation vertical Catégorie B ou 2 étoiles","Électricité","ecs","Electrique - Ballon électrique à accumulation vertical (catégorie B ou 2 étoiles)",30,,926.8,,,,,,,,,,,,0,,,,,,,,,,,,0,
"2675E0063189L","2026-01-09","2025-10-22","2026-01-09","2026-01-09","2036-01-08",,,"H9YT1REC6TBC","Logiciel",,,"DPE 3CL 2021 méthode logement",2.6,"dpe appartement individuel","D","B","appartement",,"avant 1948","individuel","individuel",2.7,1,,1,,,,20.2,,"Légère","inférieur à 400m","H1a","125 Rue de Charonne 75011 Paris","125","Rue de Charonne","Paris","75011","75111","75","11","75111_1888_00125",654965.18,6861834.4,0.8,"adresse géocodée ban à l'adresse","125 Rue de Charonne","125 Rue de Charonne 75011 PARIS 11","PARIS 11",75011,0,,,"25/EXP/3566","Etage 3; Porte 1 Droite","insuffisant",0,0,0,0,0,45.5,1.2,18.8,0,0,1.9,5.9,17.8,"bonne","insuffisante",,"très bonne",,"très bonne","bonne",0.64,1681.9,779.3,0,898.6,0,354.9,0,5083.1,252,2907.7,2005.7,0,72.4,97.3,2675.3,132,1530.4,1055.6,0,38.1,51.2,195.4,9,120.9,68.6,0,2.6,3.3,"Électricité",2675.3,1530.4,1055.6,664.9,380.4,262.4,195.4,120.9,68.6,,,,,,,,,,,,,,,,,,,,,664.9,380.4,262.4,0,9.5,12.7,"Électricité","radiateur électrique NFC, NF** et NF***","installation individuelle","radiateur électrique NFC, NF** et NF***","Installation de chauffage simple","Radiateur électrique NFC, NF** et NF*** avec programmateur pièce par pièce (système individuel)",1530.4,20.2,,,"radiateur électrique NFC, NF** et NF***","Électricité","chauffage","Electrique - Radiateur électrique à inertie (modélisé comme un radiateur NFC, NF** et NF***)",1530.4,,,,,,,,,,,,,,,,,,,,,,,,"Électricité","Ballon électrique à accumulation vertical Catégorie C ou 3 étoiles",,,"installation individuelle","Un seul système d'ECS sans solaire","Ballon électrique à accumulation vertical (catégorie C ou 3 étoiles), contenance ballon 75 L",1055.6,1,20.2,"Non affecté",,,,"Ballon électrique à accumulation vertical Catégorie C ou 3 étoiles","Électricité","ecs","Electrique - Ballon électrique à accumulation vertical (catégorie C ou 3 étoiles)",75,,1055.6,,,,,,,,,,,,0,,,,,,,,,,,,0,
"2675E0032375H","2026-01-07","2026-01-06","2026-01-07","2026-01-07","2036-01-06",,,,,,,"DPE 3CL 2021 méthode logement",2.6,"dpe appartement individuel","G","C","appartement",,"avant 1948","individuel","individuel",2.7,1,,1,,,,46.1,,"Moyenne","inférieur à 400m","H1a","162 Rue Saint-Maur 75011 Paris","162","Rue Saint-Maur","Paris","75011","75111","75","11","75111_8699_00162",654063.02,6863484.78,0.8,"adresse géocodée ban à l'adresse","162 RUE SAINT-MAUR","162 RUE SAINT-MAUR 75011 PARIS 11","PARIS 11",75011,0,,,"260105LASSERRE3338",,"insuffisant",0,1,0,0,1,228.6,13.7,90.7,7.7,0,5.9,18.8,91.9,"insuffisante","insuffisante",,,"très bonne","très bonne","bonne",1.1,10916.5,1097.7,0,1626.7,0,1513.7,0,20684.2,448,18276,2242.7,0,165.5,0,10886.4,236,9618.9,1180.4,0,87.1,0,842.6,18,759.9,76.7,0,6,0,"Électricité",10886.4,9618.9,1180.4,2266.5,2002.6,245.7,842.6,759.9,76.7,,,,,,,,,,,,,,,,,,,,,2266.5,2002.6,245.7,0,18.1,0,"Électricité","Convecteur électrique NFC, NF** et NF***","installation individuelle","Convecteur électrique NFC, NF** et NF***","Installation de chauffage simple","Convecteur électrique NFC, NF** et NF*** (système individuel)",9199.6,44.1,,,"Convecteur électrique NFC, NF** et NF***","Électricité","chauffage","Electrique - Convecteur électrique NFC, NF** et NF***",9199.6,,,,,,"installation individuelle","radiateur électrique NFC, NF** et NF***","Installation de chauffage simple","Radiateur électrique à fluide caloporteur (modélisé comme un radiateur NFC, NF** et NF***) (système individuel)",419.3,2.1,,,"radiateur électrique NFC, NF** et NF***","Électricité","chauffage","Electrique - Radiateur électrique à inertie (modélisé comme un radiateur NFC, NF** et NF***)",419.3,,,,,,"Électricité","chauffe-eau électrique instantané",,,"installation individuelle","Un seul système d'ECS sans solaire","Chauffe eau électrique instantané",1180.4,1,46.1,"Non affecté",,,,"chauffe-eau électrique instantané","Électricité","ecs","Electrique - Chauffe eau électrique instantané",0,,1180.4,,,,,,,,,,,,0,,,,,,,,,,,,0,
"2675E0067263D","2026-01-10","2026-01-09","2026-01-10","2026-01-10","2036-01-09",,,,,,,"DPE 3CL 2021 méthode logement",2.6,"dpe appartement individuel","E","B","appartement",1880,"avant 1948","individuel","individuel",2.7,,,1,,,,23,,"Lourde","inférieur à 400m","H1a","73 Boulevard Voltaire 75011 Paris","73","Boulevard Voltaire","Paris","75011","75111","75","11","75111_9907_00073",654191.62,6862474.07,0.98,"adresse géocodée ban à l'adresse","73 boulevard Voltaire","73 boulevard Voltaire 75011 PARIS","PARIS",75011,6,,"Immeuble",,"En face en sortant de l'ascenseur","insuffisant",0,0,0,1,0,72.3,0,21.6,26,0,1,9,14.8,"insuffisante","insuffisante",,"insuffisante","insuffisante",,"bonne",0.97,2703.6,813.6,0,884329.5,0,577543.1,0,6721.8,292.8,4357.4,2282,0,82.4,0,3537.8,154.2,2293.4,1201.1,0,43.4,0,262.2,11.4,181.2,78.1,0,3,0,"Électricité",3537.8,2293.4,1201.1,828,537,281,262.2,181.2,78.1,,,,,,,,,,,,,,,,,,,,,828,537,281,0,10,0,"Électricité","radiateur électrique NFC, NF** et NF***","installation individuelle","radiateur électrique NFC, NF** et NF***","Installation de chauffage simple","Chauffage sans solaire",2293.4,23,,,"radiateur électrique NFC, NF** et NF***","Électricité","chauffage","Radiateur électrique NFC",2293.4,,,,,,,,,,,,,,,,,,,,,,,,"Électricité","Ballon électrique à accumulation vertical Catégorie B ou 2 étoiles",,,"installation individuelle","Un seul système d'ECS sans solaire","Chauffe-eau vertical Electrique",1201.1,1,23,"Non affecté",,,,"Ballon électrique à accumulation vertical Catégorie B ou 2 étoiles","Électricité","ecs","Chauffe-eau vertical",75,,1201.1,,,,,,,,,,,,0,,,,,,,,,,,,0,
"2675E0035298S","2026-01-07","2025-04-04","2026-01-07","2026-01-07","2036-01-06",,"2675E0034303L",,,,,"DPE 3CL 2021 méthode logement",2.6,"dpe appartement généré à partir des données DPE immeuble","C","C","appartement",,"2013-2021","mixte (collectif-individuel)","collectif",2.6,63,10,1,,1,4319.5,53.3,,"Légère","inférieur à 400m","H1a","60 Avenue Parmentier 75011 Paris","60","Avenue Parmentier","Paris","75011","75111","75","11","75111_7067_00060",654268.27,6862694.31,0.79,"adresse géocodée ban à l'adresse","58/60 Avenue Parmentier","58/60 Avenue Parmentier 75011 PARIS 11, France","PARIS 11, France",75011,0,,,"2025043188_p03","A705",,,,,,,2949.3,440.6,498,82.4,76,5.6,120.1,1726.8,"très bonne","très bonne",,,"très bonne","très bonne","très bonne",0.36,79690.9,80212.2,0,138250.7,0,11449.8,0,5033.6,94,2641.8,1572.7,0,191.4,627.7,4645.6,87,2641.8,1572.7,0,100.7,330.3,984.8,18,599.7,357,0,7,21.1,"Gaz naturel",4214.5,2641.8,1572.7,394.4,247.2,147.2,956.7,599.7,357,"Électricité",431.1,0,0,102,0,0,28.1,0,0,,,,,,,,,,,496.4,247.2,147.2,0,35,67,"Gaz naturel","Chaudière gaz à condensation après 2015","installation hybride collective-individuelle (chauffage base + appoint individuel ou convecteur bi-jonction)","Autres émetteurs à effet joule","Installation de chauffage collectif avec Base + appoint","Chaudière collective gaz à condensation installée à partir de 2016 en cascade avec une chaudière gaz à condensation installée à partir de 2016 avec en appoint un autres émetteurs à effet joule régulée, réseau isolé. Emetteur(s): plancher chauffant",214093.8,4319.5,,,"Chaudière gaz à condensation après 2015","Gaz naturel","chauffage + ecs","Gaz Naturel - Chaudière gaz à condensation installée à partir de 2016",107046.9,"Chaudière gaz à condensation après 2015","Gaz naturel","chauffage + ecs","Gaz Naturel - Chaudière gaz à condensation installée à partir de 2016",107046.9,,,,,,,,,,,,,,,,,,,"Gaz naturel","Chaudière gaz à condensation après 2015",,,"installation collective","Un seul système d'ECS sans solaire","Combiné au système de chauffage, contenance ballon 2860 L",107911,1,4319.5,"Non affecté",,,,"Chaudière gaz à condensation après 2015","Gaz naturel","chauffage + ecs","Gaz Naturel - Chaudière gaz à condensation installée à partir de 2016",2860,,107911,,,,,,,,,,,,0,,,,,,,,,,,,0,
"2675E0035310E","2026-01-07","2025-04-04","2026-01-07","2026-01-07","2036-01-06",,"2675E0034303L",,,,,"DPE 3CL 2021 méthode logement",2.6,"dpe appartement généré à partir des données DPE immeuble","C","C","appartement",,"2013-2021","mixte (collectif-individuel)","collectif",2.6,63,10,1,,1,4319.5,60.4,,"Légère","inférieur à 400m","H1a","60 Avenue Parmentier 75011 Paris","60","Avenue Parmentier","Paris","75011","75111","75","11","75111_7067_00060",654268.27,6862694.31,0.79,"adresse géocodée ban à l'adresse","58/60 Avenue Parmentier","58/60 Avenue Parmentier 75011 PARIS 11, France","PARIS 11, France",75011,0,,,"2025043188_p03","A803",,,,,,,2949.3,440.6,498,82.4,76,5.6,120.1,1726.8,"très bonne","très bonne",,,"très bonne","très bonne","très bonne",0.36,79690.9,80212.2,0,138250.7,0,11449.8,0,5531.5,91,2993.7,1638.4,0,216.9,682.5,5105.5,84,2993.7,1638.4,0,114.2,359.2,1082.4,17,679.6,371.9,0,7.9,23,"Gaz naturel",4632.1,2993.7,1638.4,433.6,280.2,153.4,1051.5,679.6,371.9,"Électricité",473.4,0,0,112.6,0,0,30.9,0,0,,,,,,,,,,,546.2,280.2,153.4,0,39.6,72.9,"Gaz naturel","Chaudière gaz à condensation après 2015","installation hybride collective-individuelle (chauffage base + appoint individuel ou convecteur bi-jonction)","Autres émetteurs à effet joule","Installation de chauffage collectif avec Base + appoint","Chaudière collective gaz à condensation installée à partir de 2016 en cascade avec une chaudière gaz à condensation installée à partir de 2016 avec en appoint un autres émetteurs à effet joule régulée, réseau isolé. Emetteur(s): plancher chauffant",214093.8,4319.5,,,"Chaudière gaz à condensation après 2015","Gaz naturel","chauffage + ecs","Gaz Naturel - Chaudière gaz à condensation installée à partir de 2016",107046.9,"Chaudière gaz à condensation après 2015","Gaz naturel","chauffage + ecs","Gaz Naturel - Chaudière gaz à condensation installée à partir de 2016",107046.9,,,,,,,,,,,,,,,,,,,"Gaz naturel","Chaudière gaz à condensation après 2015",,,"installation collective","Un seul système d'ECS sans solaire","Combiné au système de chauffage, contenance ballon 2860 L",107911,1,4319.5,"Non affecté",,,,"Chaudière gaz à condensation après 2015","Gaz naturel","chauffage + ecs","Gaz Naturel - Chaudière gaz à condensation installée à partir de 2016",2860,,107911,,,,,,,,,,,,0,,,,,,,,,,,,0,
"2675E0075675R","2026-01-12","2024-07-29","2026-01-12","2026-01-12","2036-01-11",,,,,,,"DPE 3CL 2021 méthode logement",2.6,"dpe appartement individuel","E","C","appartement",,"avant 1948","individuel","individuel",2.7,1,,1,,,,22.8,,"Légère","inférieur à 400m","H1a","233 Boulevard Voltaire 75011 Paris","233","Boulevard Voltaire","Paris","75011","75111","75","11","75111_9907_00233",655342.15,6861418.6,0.83,"adresse géocodée ban à l'adresse","232 boulevard Voltaire","232 boulevard Voltaire 75011 PARIS 11, France","PARIS 11, France",75011,0,,,"24/08/6450/ESQUERRE","Etage 1","insuffisant",0,1,0,0,0,79.7,8.4,30.6,0,5.1,1.4,14.9,19.4,"bonne","insuffisante",,"très bonne",,"insuffisante","insuffisante",0.53,3342.2,811.5,0,972.2,0,718.1,0,7732.1,339,5331.3,2319.1,0,81.8,0,4069.5,178,2805.9,1220.6,0,43.1,0,304,13,221.7,79.3,0,3,0,"Électricité",4069.5,2805.9,1220.6,929.1,640.6,278.7,304,221.7,79.3,,,,,,,,,,,,,,,,,,,,,929.1,640.6,278.7,0,9.8,0,"Électricité","radiateur électrique NFC, NF** et NF***","installation individuelle","radiateur électrique NFC, NF** et NF***","Installation de chauffage simple","Radiateur électrique NFC, NF** et NF*** avec programmateur pièce par pièce (système individuel)",2805.9,22.8,,,"radiateur électrique NFC, NF** et NF***","Électricité","chauffage","Electrique - Radiateur électrique à inertie (modélisé comme un radiateur NFC, NF** et NF***)",2805.9,,,,,,,,,,,,,,,,,,,,,,,,"Électricité","Ballon électrique à accumulation vertical Catégorie B ou 2 étoiles",,,"installation individuelle","Un seul système d'ECS sans solaire","Ballon électrique à accumulation vertical (catégorie B ou 2 étoiles), contenance ballon 80 L",1220.6,1,22.8,"Non affecté",,,,"Ballon électrique à accumulation vertical Catégorie B ou 2 étoiles","Électricité","ecs","Electrique - Ballon électrique à accumulation vertical (catégorie B ou 2 étoiles)",80,,1220.6,,,,,,,,,,,,0,,,,,,,,,,,,0,
"2675E0014375Z","2026-01-05","2025-12-23","2026-01-05","2026-01-05","2036-01-04",,,,,,"AB2257632","DPE 3CL 2021 méthode logement",2.6,"dpe appartement individuel","E","B","appartement",,"avant 1948","individuel","individuel",2.5,1,,1,,,,20.3,,"Légère","inférieur à 400m","H1a","14 Rue Gambey 75011 Paris","14","Rue Gambey","Paris","75011","75111","75","11","75111_3938_00014",653915.97,6863009.13,0.97,"adresse non géocodée ban car aucune correspondance trouvée","14 Rue Gambey","14 Rue Gambey 75011 Paris","Paris",75011,0,,,"2025-12-054-D2","Etage : 2ème FACE","insuffisant",0,0,0,0,0,56.5,5.5,20.5,0,0,0.3,10,20.3,"insuffisante","insuffisante",,"très bonne",,"très bonne","moyenne",1.78,2393.7,781.3,0,903.1,0,85.5,0,6592.5,324,4028,2491.5,0,73,0,3469.8,170,2120,1311.3,0,38.4,0,255.4,12,167.5,85.2,0,2.6,0,"Électricité",3469.8,2120,1311.3,815.5,498.3,308.2,255.4,167.5,85.2,,,,,,,,,,,,,,,,,,,,,815.5,498.3,308.2,0,9,0,"Électricité",,"installation individuelle","radiateur électrique NFC, NF** et NF***","Installation de chauffage simple","Radiateur électrique NFC, NF** et NF*** avec programmateur pièce par pièce (système individuel)",2120,20.3,,,"radiateur électrique NFC, NF** et NF***","Électricité","chauffage","Electrique - Radiateur électrique à inertie (modélisé comme un radiateur NFC, NF** et NF***)",2120,,,,,,,,,,,,,,,,,,,,,,,,"Électricité",,,,"installation individuelle","Un seul système d'ECS sans solaire","Ballon électrique à accumulation horizontal, contenance ballon 75 L",1311.3,1,20.3,"Non affecté",,,,"Ballon électrique à accumulation horizontal","Électricité","ecs","Electrique - Ballon électrique à accumulation horizontal",75,,1311.3,,,,,,,,,,,,0,,,,,,,,,,,,0,
"2675E0029769B","2026-01-07","2026-01-06","2026-01-07","2026-01-07","2036-01-06","2675E0028002C",,,,,"AB3159035","DPE 3CL 2021 méthode logement",2.6,"dpe appartement individuel","E","E","appartement",,"avant 1948","individuel","individuel",2.6,1,,1,,,,82.5,,"Moyenne","inférieur à 400m","H1a","90 Boulevard Richard Lenoir 75011 Paris","90","Boulevard Richard Lenoir","Paris","75011","75111","75","11","75111_8208_00090",653966.22,6862694.59,0.79,"adresse géocodée ban à l'adresse","90 Boulevard Richard Lenoir","90 Boulevard Richard Lenoir 75011 PARIS 11","PARIS 11",75011,0,,,"2601.003 Lenoir90","1er étage face lot 2","insuffisant",0,1,0,0,0,240.4,19.7,80.2,0,0,2.1,57.7,80.7,"insuffisante","insuffisante",,"très bonne",,"très bonne","insuffisante",2,11024.9,1368.7,0,2537.3,0,1351.7,0,21054.3,255,18063.8,2307,0,296.1,387.4,20730.6,251,18063.8,2307,0,155.8,203.9,4648,56,4100.5,523.7,0,10.8,13.1,"Gaz naturel",20370.8,18063.8,2307,2114.8,1875.3,239.5,4624.2,4100.5,523.7,"Électricité",359.7,0,0,124.9,0,0,23.8,0,0,,,,,,,,,,,2239.7,1875.3,239.5,0,54.1,70.8,"Gaz naturel","Chaudière gaz standard 2001-2015","installation individuelle","Radiateur bitube sans robinet thermostatique sur réseau individuel eau chaude haute température(sup ou egal 65°C)","Installation de chauffage simple","Chaudière individuelle gaz standard installée entre 2001 et 2015. Emetteur(s): radiateur bitube sans robinet thermostatique",18063.8,82.5,,,"Chaudière gaz standard 2001-2015","Gaz naturel","chauffage + ecs","Gaz Naturel - Chaudière gaz standard installée entre 2001 et 2015",18063.8,,,,,,,,,,,,,,,,,,,,,,,,"Gaz naturel","Chaudière gaz standard 2001-2015",,,"installation individuelle","Un seul système d'ECS sans solaire","Combiné au système de chauffage",2307,1,82.5,"Non affecté",,,,"Chaudière gaz standard 2001-2015","Gaz naturel","chauffage + ecs","Gaz Naturel - Chaudière gaz standard installée entre 2001 et 2015",0,,2307,,,,,,,,,,,,0,,,,,,,,,,,,0,
"2675E0033978Y","2026-01-07","2026-01-06","2026-01-07","2026-01-07","2036-01-06",,,,,,,"DPE 3CL 2021 méthode logement",2.6,"dpe appartement individuel","D","B","appartement",,"avant 1948","individuel","individuel",2.8,1,,1,,,,23.2,,"Moyenne","inférieur à 400m","H1a","72 Rue Jean-Pierre Timbaud 75011 Paris","72","Rue Jean-Pierre Timbaud","Paris","75011","75111","75","11","75111_4939_00072",654175.02,6863186.44,0.78,"adresse géocodée ban à l'adresse","72 RUE JEAN PIERRE TIMBAUD","72 RUE JEAN PIERRE TIMBAUD 75011 PARIS 11","PARIS 11",75011,0,,,"26/IMO/0008","Etage 1","insuffisant",0,0,0,0,0,64.5,10.6,24.2,0,5.4,1.8,6.6,16,"moyenne","insuffisante",,"très bonne",,"insuffisante","bonne",0.7,2501.2,816.8,0,890.9,0,391.9,0,6402.8,275,4259,2060.5,0,83.3,0,3369.9,145,2241.6,1084.5,0,43.9,0,250.6,10,177.1,70.5,0,3,0,"Électricité",3369.9,2241.6,1084.5,796.6,529.9,256.3,250.6,177.1,70.5,,,,,,,,,,,,,,,,,,,,,796.6,529.9,256.3,0,10.4,0,"Électricité","radiateur électrique NFC, NF** et NF***","installation individuelle","radiateur électrique NFC, NF** et NF***","Installation de chauffage simple","Radiateur électrique à fluide caloporteur (modélisé comme un radiateur NFC, NF** et NF***) avec programmateur pièce par pièce (système individuel)",2241.6,23.2,,,"radiateur électrique NFC, NF** et NF***","Électricité","chauffage","Electrique - Radiateur électrique à inertie (modélisé comme un radiateur NFC, NF** et NF***)",2241.6,,,,,,,,,,,,,,,,,,,,,,,,"Électricité","Ballon électrique à accumulation vertical Autres ou inconnue",,,"installation individuelle","Un seul système d'ECS sans solaire","Ballon électrique à accumulation vertical (autres catégorie ou inconnue), contenance ballon 40 L",1084.5,1,23.2,"Non affecté",,,,"Ballon électrique à accumulation vertical Autres ou inconnue","Électricité","ecs","Electrique - Ballon électrique à accumulation vertical (autres catégorie ou inconnue)",40,,1084.5,,,,,,,,,,,,0,,,,,,,,,,,,0,
"2675E0028181Z","2026-01-06","2026-01-05","2026-01-06","2026-01-06","2036-01-05",,,,,,,"DPE 3CL 2021 méthode logement",2.6,"dpe appartement individuel","E","E","appartement",,"avant 1948","individuel","individuel",2.5,1,,1,,,,59.1,,"Très lourde","inférieur à 400m","H1a","13 Avenue de Taillebourg 75011 Paris","13","Avenue de Taillebourg","Paris","75011","75111","75","11","75111_9151_00013",655830.23,6861294.88,0.69,"adresse géocodée ban à l'adresse","13 Avenue Taillebourg","13 Avenue Taillebourg 75011 PARIS 11","PARIS 11",75011,0,,,"0251047","Etage : 2ème Droite","moyen",0,0,0,1,0,185.5,22.3,76.7,0,0,1.8,24.2,60.5,"insuffisante","insuffisante",,"très bonne",,"très bonne","moyenne",2.02,9050,1207.8,0,1959.6,0,238.7,0,17418.6,294,14840.6,1958.8,0,212,407,17125.3,290,14840.6,1958.8,0,111.6,214.2,3834.9,64,3368.8,444.7,0,7.7,13.7,"Gaz naturel",16799.5,14840.6,1958.8,1775.9,1568.9,207.1,3813.5,3368.8,444.7,"Électricité",325.8,0,0,113.1,0,0,21.4,0,0,,,,,,,,,,,1889.1,1568.9,207.1,0,38.8,74.4,"Gaz naturel","Chaudière gaz standard 2001-2015","installation individuelle","Radiateur monotube sans robinet thermostatique sur réseau individuel eau chaude haute température(sup ou egal 65°C)","Installation de chauffage simple","Chaudière individuelle gaz standard installée entre 2001 et 2015. Emetteur(s): radiateur monotube sans robinet thermostatique",14840.6,59.1,,,"Chaudière gaz standard 2001-2015","Gaz naturel","chauffage + ecs","Gaz Naturel - Chaudière gaz standard installée entre 2001 et 2015",14840.6,,,,,,,,,,,,,,,,,,,,,,,,"Gaz naturel","Chaudière gaz standard 2001-2015",,,"installation individuelle","Un seul système d'ECS sans solaire","Combiné au système de chauffage",1958.8,1,59.1,"Non affecté",,,,"Chaudière gaz standard 2001-2015","Gaz naturel","chauffage + ecs","Gaz Naturel - Chaudière gaz standard installée entre 2001 et 2015",0,,1958.8,,,,,,,,,,,,0,,,,,,,,,,,,0,
"2475E0796672G","2026-01-07","2024-03-04","2024-03-04","2024-03-04","2034-03-03",,,,,,,"DPE 3CL 2021 méthode logement",2.3,"dpe appartement individuel","E","B","appartement",1945,"avant 1948","mixte (collectif-individuel)","individuel",2.6,1,1,1,,0,32.2,32.2,,"Légère","inférieur à 400m","H1a","11 Rue du Chemin Vert 75011 Paris","11","Rue du Chemin Vert","Paris","75011","75111","75","11","75111_1966_00011",653793.1,6862146.31,0.46,"adresse non géocodée ban car aucune correspondance trouvée","9/11 RUE CRESPIN DU GAST","9/11 RUE CRESPIN DU GAST75011 PARIS 11","PARIS 11",75011,,,"Lot : NC / Étage : 01 / Porte : DROITE FACE",,"1-Bâtiment n°1-1-LogZone","bon",0,1,0,0,0,91.1,10.3,35.1,0,3.7,5.8,12.2,24.1,"insuffisante","insuffisante",,,,"insuffisante","bonne",1.48,3754.5,926.8,0,1235710,0,851195.6,0,9422.8,292.9,7664.8,3014.5,0,139.8,0,4959.4,154.2,3332.5,1310.7,0,60.8,0,353.9,11,263.3,85.2,0,4.2,0,"Électricité",4959.4,3332.5,1310.7,875,588,231,369,263.3,85.2,,,,,,,,,,,,,,,,,,,,,875,588,231,0,11,0,"Électricité","Panneau rayonnant électrique NFC, NF** et NF***","installation individuelle","Panneau rayonnant NFC, NF** et NF***","Installation de chauffage simple","Emission n°1",3332.5,32.2,,,"Panneau rayonnant électrique NFC, NF** et NF***","Électricité","chauffage","Generateur Effet joule",3332.5,,,,,,,,,,,,,,,,,,,,,,,,"Électricité","Ballon électrique à accumulation horizontal",,,"installation individuelle","Un seul système d'ECS sans solaire","ECS Electrique, Volume du ballon 50 L",1310.7,1,32.2,"Non affecté",,,,"Ballon électrique à accumulation horizontal","Électricité","ecs",,50,,1310.7,"Avant 2010",,,,,,,,,"VMC SF Auto réglable avant 1982",32.2,0,,,,,,,,"Solaire Photovoltaïque",0,,,0,
"2675E0035239L","2026-01-07","2025-04-04","2026-01-07","2026-01-07","2036-01-06",,"2675E0034303L",,,,,"DPE 3CL 2021 méthode logement",2.6,"dpe appartement généré à partir des données DPE immeuble","C","C","appartement",,"2013-2021","mixte (collectif-individuel)","collectif",2.6,63,10,1,,1,4319.5,82.5,,"Légère","inférieur à 400m","H1a","60 Avenue Parmentier 75011 Paris","60","Avenue Parmentier","Paris","75011","75111","75","11","75111_7067_00060",654268.27,6862694.31,0.79,"adresse géocodée ban à l'adresse","58/60 Avenue Parmentier","58/60 Avenue Parmentier 75011 PARIS 11, France","PARIS 11, France",75011,0,,,"2025043188_p03","A504",,,,,,,2949.3,440.6,498,82.4,76,5.6,120.1,1726.8,"très bonne","très bonne",,,"très bonne","très bonne","très bonne",0.36,79690.9,80212.2,0,138250.7,0,11449.8,0,7081.4,85,4089.1,1842.9,0,296.3,853.1,6536.9,79,4089.1,1842.9,0,155.9,449,1386.1,16,928.2,418.3,0,10.8,28.7,"Gaz naturel",5932,4089.1,1842.9,555.6,383,172.6,1346.6,928.2,418.3,"Électricité",604.9,0,0,145.4,0,0,39.5,0,0,,,,,,,,,,,701.1,383,172.6,0,54.1,91.3,"Gaz naturel","Chaudière gaz à condensation après 2015","installation hybride collective-individuelle (chauffage base + appoint individuel ou convecteur bi-jonction)","Plancher chauffant sur réseau collectif eau chaude basse ou moyenne température(inf 65°C)","Installation de chauffage collectif avec Base + appoint","Chaudière collective gaz à condensation installée à partir de 2016 en cascade avec une chaudière gaz à condensation installée à partir de 2016 avec en appoint un autres émetteurs à effet joule régulée, réseau isolé. Emetteur(s): plancher chauffant",214093.8,4319.5,,,"Chaudière gaz à condensation après 2015","Gaz naturel","chauffage + ecs","Gaz Naturel - Chaudière gaz à condensation installée à partir de 2016",107046.9,"Chaudière gaz à condensation après 2015","Gaz naturel","chauffage + ecs","Gaz Naturel - Chaudière gaz à condensation installée à partir de 2016",107046.9,,,,,,,,,,,,,,,,,,,"Gaz naturel","Chaudière gaz à condensation après 2015",,,"installation collective","Un seul système d'ECS sans solaire","Combiné au système de chauffage, contenance ballon 2860 L",107911,1,4319.5,"Non affecté",,,,"Chaudière gaz à condensation après 2015","Gaz naturel","chauffage + ecs","Gaz Naturel - Chaudière gaz à condensation installée à partir de 2016",2860,,107911,,,,,,,,,,,,0,,,,,,,,,,,,0,
"2675E0035183H","2026-01-07","2025-04-04","2026-01-07","2026-01-07","2036-01-06",,"2675E0034303L",,,,,"DPE 3CL 2021 méthode logement",2.6,"dpe appartement généré à partir des données DPE immeuble","C","C","appartement",,"2013-2021","mixte (collectif-individuel)","collectif",2.6,63,10,1,,1,4319.5,60.5,,"Légère","inférieur à 400m","H1a","60 Avenue Parmentier 75011 Paris","60","Avenue Parmentier","Paris","75011","75111","75","11","75111_7067_00060",654268.27,6862694.31,0.79,"adresse géocodée ban à l'adresse","58/60 Avenue Parmentier","58/60 Avenue Parmentier 75011 PARIS 11, France","PARIS 11, France",75011,0,,,"2025043188_p03","A403",,,,,,,2949.3,440.6,498,82.4,76,5.6,120.1,1726.8,"très bonne","très bonne",,,"très bonne","très bonne","très bonne",0.36,79690.9,80212.2,0,138250.7,0,11449.8,0,5538.5,91,2998.7,1639.4,0,217.3,683.3,5112,84,2998.7,1639.4,0,114.3,359.6,1083.7,17,680.7,372.1,0,7.9,23,"Gaz naturel",4638,2998.7,1639.4,434.2,280.7,153.5,1052.8,680.7,372.1,"Électricité",474,0,0,112.7,0,0,30.9,0,0,,,,,,,,,,,546.9,280.7,153.5,0,39.7,73,"Gaz naturel","Chaudière gaz à condensation après 2015","installation hybride collective-individuelle (chauffage base + appoint individuel ou convecteur bi-jonction)","Autres émetteurs à effet joule","Installation de chauffage collectif avec Base + appoint","Chaudière collective gaz à condensation installée à partir de 2016 en cascade avec une chaudière gaz à condensation installée à partir de 2016 avec en appoint un autres émetteurs à effet joule régulée, réseau isolé. Emetteur(s): plancher chauffant",214093.8,4319.5,,,"Chaudière gaz à condensation après 2015","Gaz naturel","chauffage + ecs","Gaz Naturel - Chaudière gaz à condensation installée à partir de 2016",107046.9,"Chaudière gaz à condensation après 2015","Gaz naturel","chauffage + ecs","Gaz Naturel - Chaudière gaz à condensation installée à partir de 2016",107046.9,,,,,,,,,,,,,,,,,,,"Gaz naturel","Chaudière gaz à condensation après 2015",,,"installation collective","Un seul système d'ECS sans solaire","Combiné au système de chauffage, contenance ballon 2860 L",107911,1,4319.5,"Non affecté",,,,"Chaudière gaz à condensation après 2015","Gaz naturel","chauffage + ecs","Gaz Naturel - Chaudière gaz à condensation installée à partir de 2016",2860,,107911,,,,,,,,,,,,0,,,,,,,,,,,,0,
"2675E0052076A","2026-01-08","2026-01-08","2026-01-08","2026-01-08","2036-01-07",,,,,,,"DPE 3CL 2021 méthode logement",2.6,"dpe appartement individuel","G","C","appartement",,"avant 1948","individuel","individuel",2.5,1,,1,,,,36.9,,"Très lourde","inférieur à 400m","H1a","12 Rue Saint-Bernard 75011 Paris","12","Rue Saint-Bernard","Paris","75011","75111","75","11","75111_8500_00012",654629.05,6861433.26,0.72,"adresse géocodée ban à l'adresse","12 Rue Saint BERNARD","12 Rue Saint BERNARD 75011 PARIS 11","PARIS 11",75011,0,,,"OSTW71194","Etage 4; Porte Droite","bon",1,1,0,1,0,188.7,26.2,86.2,0,0,2.9,19,54.4,"insuffisante","insuffisante",,"très bonne",,"très bonne","moyenne",1.06,9126.4,984.6,0,1367.9,0,895.7,0,16809.2,455,14353.7,2323,0,132.4,0,8846.9,239,7554.6,1222.7,0,69.7,0,681.1,18,596.8,79.5,0,4.8,0,"Électricité",8846.9,7554.6,1222.7,1864.1,1591.8,257.6,681.1,596.8,79.5,,,,,,,,,,,,,,,,,,,,,1864.1,1591.8,257.6,0,14.7,0,"Électricité","Convecteur électrique NFC, NF** et NF***","installation individuelle","Convecteur électrique NFC, NF** et NF***","Installation de chauffage simple","Convecteur électrique NFC, NF** et NF*** avec programmateur pièce par pièce (système individuel)",7554.6,36.9,,,"Convecteur électrique NFC, NF** et NF***","Électricité","chauffage","Electrique - Convecteur électrique NFC, NF** et NF***",7554.6,,,,,,,,,,,,,,,,,,,,,,,,"Électricité","Ballon électrique à accumulation vertical Catégorie C ou 3 étoiles",,,"installation individuelle","Un seul système d'ECS sans solaire","Ballon électrique à accumulation vertical (catégorie C ou 3 étoiles), contenance ballon 65 L",1222.7,1,36.9,"Non affecté",,,,"Ballon électrique à accumulation vertical Catégorie C ou 3 étoiles","Électricité","ecs","Electrique - Ballon électrique à accumulation vertical (catégorie C ou 3 étoiles)",65,,1222.7,,,,,,,,,,,,0,,,,,,,,,,,,0,
"2675E0079732S","2026-01-12","2026-01-12","2026-01-12","2026-01-12","2036-01-11",,,,,,,"DPE 3CL 2021 méthode logement",2.6,"dpe appartement individuel","D","B","appartement",,"avant 1948","individuel","individuel",2.5,1,,1,,,,22.9,,"Légère","inférieur à 400m","H1a","88 Rue Oberkampf 75011 Paris","88","Rue Oberkampf","Paris","75011","75111","75","11","75111_6858_00088",654275.03,6863001.83,0.79,"adresse géocodée ban à l'adresse","88 RUE OBERKAMPF","88 RUE OBERKAMPF 75011 PARIS 11","PARIS 11",75011,0,,,"26/IMO/3154","Bat. B; Etage 4; Porte Droite","insuffisant",0,0,0,0,0,51,5.9,22.6,0,0,1.2,6.7,14.5,"insuffisante","insuffisante",,"très bonne",,"très bonne","moyenne",1.19,2068.2,812.6,0,974.7,0,0,0,6274.3,274,3552.5,2639.6,0,82.1,0,3302.3,144,1869.8,1389.3,0,43.2,0,241,10,147.7,90.3,0,3,0,"Électricité",3302.3,1869.8,1389.3,783.7,443.8,329.7,241,147.7,90.3,,,,,,,,,,,,,,,,,,,,,783.7,443.8,329.7,0,10.3,0,"Électricité","radiateur électrique NFC, NF** et NF***","installation individuelle","radiateur électrique NFC, NF** et NF***","Installation de chauffage simple","Radiateur électrique à inertie (modélisé comme un radiateur NFC, NF** et NF***) avec programmateur pièce par pièce (système individuel)",1869.8,22.9,,,"radiateur électrique NFC, NF** et NF***","Électricité","chauffage","Electrique - Radiateur électrique à inertie (modélisé comme un radiateur NFC, NF** et NF***)",1869.8,,,,,,,,,,,,,,,,,,,,,,,,"Électricité","Ballon électrique à accumulation vertical Autres ou inconnue",,,"installation individuelle","Un seul système d'ECS sans solaire","Ballon électrique à accumulation vertical (autres catégorie ou inconnue), contenance ballon 100 L",1389.3,1,22.9,"Non affecté",,,,"Ballon électrique à accumulation vertical Autres ou inconnue","Électricité","ecs","Electrique - Ballon électrique à accumulation vertical (autres catégorie ou inconnue)",100,,1389.3,,,,,,,,,,,,0,,,,,,,,,,,,0,
"2675E0035289J","2026-01-07","2025-04-04","2026-01-07","2026-01-07","2036-01-06",,"2675E0034303L",,,,,"DPE 3CL 2021 méthode logement",2.6,"dpe appartement généré à partir des données DPE immeuble","C","C","appartement",,"2013-2021","mixte (collectif-individuel)","collectif",2.6,63,10,1,,1,4319.5,60.4,,"Légère","inférieur à 400m","H1a","60 Avenue Parmentier 75011 Paris","60","Avenue Parmentier","Paris","75011","75111","75","11","75111_7067_00060",654268.27,6862694.31,0.79,"adresse géocodée ban à l'adresse","58/60 Avenue Parmentier","58/60 Avenue Parmentier 75011 PARIS 11, France","PARIS 11, France",75011,0,,,"2025043188_p03","A703",,,,,,,2949.3,440.6,498,82.4,76,5.6,120.1,1726.8,"très bonne","très bonne",,,"très bonne","très bonne","très bonne",0.36,79690.9,80212.2,0,138250.7,0,11449.8,0,5531.5,91,2993.7,1638.4,0,216.9,682.5,5105.5,84,2993.7,1638.4,0,114.2,359.2,1082.4,17,679.6,371.9,0,7.9,23,"Gaz naturel",4632.1,2993.7,1638.4,433.6,280.2,153.4,1051.5,679.6,371.9,"Électricité",473.4,0,0,112.6,0,0,30.9,0,0,,,,,,,,,,,546.2,280.2,153.4,0,39.6,72.9,"Gaz naturel","Chaudière gaz à condensation après 2015","installation hybride collective-individuelle (chauffage base + appoint individuel ou convecteur bi-jonction)","Autres émetteurs à effet joule","Installation de chauffage collectif avec Base + appoint","Chaudière collective gaz à condensation installée à partir de 2016 en cascade avec une chaudière gaz à condensation installée à partir de 2016 avec en appoint un autres émetteurs à effet joule régulée, réseau isolé. Emetteur(s): plancher chauffant",214093.8,4319.5,,,"Chaudière gaz à condensation après 2015","Gaz naturel","chauffage + ecs","Gaz Naturel - Chaudière gaz à condensation installée à partir de 2016",107046.9,"Chaudière gaz à condensation après 2015","Gaz naturel","chauffage + ecs","Gaz Naturel - Chaudière gaz à condensation installée à partir de 2016",107046.9,,,,,,,,,,,,,,,,,,,"Gaz naturel","Chaudière gaz à condensation après 2015",,,"installation collective","Un seul système d'ECS sans solaire","Combiné au système de chauffage, contenance ballon 2860 L",107911,1,4319.5,"Non affecté",,,,"Chaudière gaz à condensation après 2015","Gaz naturel","chauffage + ecs","Gaz Naturel - Chaudière gaz à condensation installée à partir de 2016",2860,,107911,,,,,,,,,,,,0,,,,,,,,,,,,0,
"2675E0035010Q","2026-01-07","2025-04-04","2026-01-07","2026-01-07","2036-01-06",,"2675E0034303L",,,,,"DPE 3CL 2021 méthode logement",2.6,"dpe appartement généré à partir des données DPE immeuble","C","C","appartement",,"2013-2021","mixte (collectif-individuel)","collectif",2.6,63,10,1,,1,4319.5,65.8,,"Légère","inférieur à 400m","H1a","60 Avenue Parmentier 75011 Paris","60","Avenue Parmentier","Paris","75011","75111","75","11","75111_7067_00060",654268.27,6862694.31,0.79,"adresse géocodée ban à l'adresse","58/60 Avenue Parmentier","58/60 Avenue Parmentier 75011 PARIS 11, France","PARIS 11, France",75011,0,,,"2025043188_p03","A101",,,,,,,2949.3,440.6,498,82.4,76,5.6,120.1,1726.8,"très bonne","très bonne",,,"très bonne","très bonne","très bonne",0.36,79690.9,80212.2,0,138250.7,0,11449.8,0,5910.2,89,3261.3,1688.4,0,236.3,724.2,5455.3,82,3261.3,1688.4,0,124.4,381.1,1156.6,17,740.3,383.3,0,8.6,24.4,"Gaz naturel",4949.7,3261.3,1688.4,463.4,305.3,158.1,1123.6,740.3,383.3,"Électricité",505.5,0,0,120.6,0,0,33,0,0,,,,,,,,,,,584,305.3,158.1,0,43.2,77.4,"Gaz naturel","Chaudière gaz à condensation après 2015","installation hybride collective-individuelle (chauffage base + appoint individuel ou convecteur bi-jonction)","Plancher chauffant sur réseau collectif eau chaude basse ou moyenne température(inf 65°C)","Installation de chauffage collectif avec Base + appoint","Chaudière collective gaz à condensation installée à partir de 2016 en cascade avec une chaudière gaz à condensation installée à partir de 2016 avec en appoint un autres émetteurs à effet joule régulée, réseau isolé. Emetteur(s): plancher chauffant",214093.8,4319.5,,,"Chaudière gaz à condensation après 2015","Gaz naturel","chauffage + ecs","Gaz Naturel - Chaudière gaz à condensation installée à partir de 2016",107046.9,"Chaudière gaz à condensation après 2015","Gaz naturel","chauffage + ecs","Gaz Naturel - Chaudière gaz à condensation installée à partir de 2016",107046.9,,,,,,,,,,,,,,,,,,,"Gaz naturel","Chaudière gaz à condensation après 2015",,,"installation collective","Un seul système d'ECS sans solaire","Combiné au système de chauffage, contenance ballon 2860 L",107911,1,4319.5,"Non affecté",,,,"Chaudière gaz à condensation après 2015","Gaz naturel","chauffage + ecs","Gaz Naturel - Chaudière gaz à condensation installée à partir de 2016",2860,,107911,,,,,,,,,,,,0,,,,,,,,,,,,0,
"2675E0052745T","2026-01-08","2026-01-08","2026-01-08","2026-01-08","2036-01-07","2675E0052732G",,,,,,"DPE 3CL 2021 méthode logement",2.6,"dpe appartement individuel","F","C","appartement",1900,"avant 1948","individuel","individuel",2.6,,,1,,,,36.8,,"Lourde","inférieur à 400m","H1a","6 Rue Boulle 75011 Paris","6","Rue Boulle","Paris","75011","75111","75","11","75111_1174_00006",653906.19,6862056.56,0.97,"adresse géocodée ban à l'adresse","6 rue Boulle","6 rue Boulle 75011 PARIS","PARIS",75011,1,,"Immeuble",,"A gauche","insuffisant",0,0,0,1,0,154.5,27.2,75.5,0,8.1,0.9,11.2,31.5,"insuffisante","insuffisante",,,,"insuffisante","bonne",1.39,6925.8,984,0,1236978.8,0,536783,0,14439.8,392,11103.6,3204,0,132.3,0,7599.9,206.4,5844,1686.3,0,69.6,0,576.1,15.6,461.7,109.6,0,4.8,0,"Électricité",7599.9,5844,1686.3,1618,1244,359,576.1,461.7,109.6,,,,,,,,,,,,,,,,,,,,,1618,1244,359,0,15,0,"Électricité","radiateur électrique NFC, NF** et NF***","installation individuelle","radiateur électrique NFC, NF** et NF***","Installation de chauffage simple","Chauffage sans solaire",5844,36.8,,,"radiateur électrique NFC, NF** et NF***","Électricité","chauffage","Radiateur électrique NFC",5844,,,,,,,,,,,,,,,,,,,,,,,,"Électricité","Ballon électrique à accumulation horizontal",,,"installation individuelle","Un seul système d'ECS sans solaire","Chauffe-eau horizontal Electrique",1686.3,1,36.8,"Non affecté",,,,"Ballon électrique à accumulation horizontal","Électricité","ecs","Chauffe-eau horizontal",100,,1686.3,,,,,,,,,,,,0,,,,,,,,,,,,0,
"2675E0009564Y","2026-01-05","2025-11-20","2026-01-05","2026-01-05","2036-01-04",,,,,,,"DPE 3CL 2021 méthode logement",2.6,"dpe appartement individuel","E","C","appartement",,"avant 1948","individuel","individuel",2.7,1,,1,,,,48.6,,"Moyenne","inférieur à 400m","H1a","3 Rue Chevreul 75011 Paris","3","Rue Chevreul","Paris","75011","75111","75","11","75111_2002_00003",655376.65,6861219.74,0.68,"adresse géocodée ban à l'adresse","3 Rue Chevreul","3 Rue Chevreul 75011 PARIS 11","PARIS 11",75011,0,,,"25/MLS/0835","1er étage droite","insuffisant",0,1,0,0,0,173,9.4,70.4,9.3,14.1,2.1,17.3,50.5,"moyenne","insuffisante","insuffisante",,,"insuffisante","moyenne",0.84,8008.8,1127.8,0,1695.5,0,677.2,0,14170.4,291,13173.1,822.9,0,174.3,0,7458.1,153,6933.2,433.1,0,91.8,0,582.2,11,547.7,28.2,0,6.3,0,"Électricité",7458.1,6933.2,433.1,1590.2,1478.3,92.3,582.2,547.7,28.2,,,,,,,,,,,,,,,,,,,,,1590.2,1478.3,92.3,0,19.6,0,"Électricité",,"installation individuelle","radiateur électrique NFC, NF** et NF***","Installation de chauffage simple","Radiateur électrique à inertie (modélisé comme un radiateur NFC, NF** et NF***) avec programmateur pièce par pièce (système individuel)",6933.2,48.6,,,"radiateur électrique NFC, NF** et NF***","Électricité","chauffage","Electrique - Radiateur électrique à inertie (modélisé comme un radiateur NFC, NF** et NF***)",6933.2,,,,,,,,,,,,,,,,,,,,,,,,"Électricité",,,,"installation individuelle","Un seul système d'ECS sans solaire","Chauffe-eau thermodynamique sur air ambiant (sur local non chauffé) installé à partir de 2015, contenance ballon 80 L",433.1,1,48.6,"Non affecté",,,,"CET sur air ambiant (sur local non chauffé) après 2014","Électricité","ecs","Electrique - Chauffe-eau thermodynamique sur air ambiant (sur local non chauffé) installé à partir de 2015",80,2.8,433.1,"A partir de 2015",,,,,,,,,,,0,,,,,,,"chauffe-eau thermodynamique",,,,,0,
"2675E0000147T","2026-01-01","2025-12-31","2026-01-01","2026-01-01","2035-12-31",,,,,,,"DPE 3CL 2021 méthode logement",2.6,"dpe appartement individuel","G","C","appartement",,"avant 1948","individuel","individuel",2.6,1,,1,,,,20,,"Légère","inférieur à 400m","H1a","88 Rue Oberkampf 75011 Paris","88","Rue Oberkampf","Paris","75011","75111","75","11","75111_6858_00088",654275.03,6863001.83,0.79,"adresse géocodée ban à l'adresse","88 rue Oberkampf","88 rue Oberkampf 75011 PARIS 11","PARIS 11",75011,0,,,"2025-10905-OBERKAMPF","Bât C - 5ème étage - porte fond droite","insuffisant",0,0,0,0,1,85.9,3.8,35.9,16.5,0,1.6,3.8,24.4,"insuffisante","insuffisante",,"moyenne",,"très bonne","bonne",1.28,3985.1,777.6,0,894.7,0,242.3,0,9867.7,492,6807.8,2644.7,0,71.9,343.3,5193.5,259,3583,1391.9,0,37.8,180.7,387.7,19,283.1,90.5,0,2.6,11.6,"Électricité",5193.5,3583,1391.9,1143.5,788.9,306.5,387.7,283.1,90.5,,,,,,,,,,,,,,,,,,,,,1143.5,788.9,306.5,0,8.3,39.8,"Électricité",,"installation individuelle","Convecteur électrique NFC, NF** et NF***","Installation de chauffage simple","Convecteur électrique NFC, NF** et NF*** (système individuel)",3583,20,,,"Convecteur électrique NFC, NF** et NF***","Électricité","chauffage","Electrique - Convecteur électrique NFC, NF** et NF***",3583,,,,,,,,,,,,,,,,,,,,,,,,"Électricité",,,,"installation individuelle","Un seul système d'ECS sans solaire","Ballon électrique à accumulation vertical (autres catégorie ou inconnue), contenance ballon 150 L",1391.9,1,20,"Non affecté",,,,"Ballon électrique à accumulation vertical Autres ou inconnue","Électricité","ecs","Electrique - Ballon électrique à accumulation vertical (autres catégorie ou inconnue)",150,,1391.9,,,,,,,,,,,,0,,,,,,,,,,,,0,
"2675E0011649D","2026-01-05","2025-12-26","2026-01-05","2026-01-05","2036-01-04",,,,,,,"DPE 3CL 2021 méthode logement",2.6,"dpe appartement individuel","D","D","appartement",,"avant 1948","collectif","collectif",2.5,1,,1,,,20532,51.7,,"Lourde","inférieur à 400m","H1a","22 Rue Léon Frot 75011 Paris","22","Rue Léon Frot","Paris","75011","75111","75","11","75111_5554_00022",655077.55,6861771.37,0.98,"adresse non géocodée ban car aucune correspondance trouvée","22 RUE LEON FROT","22 RUE LEON FROT 75011 PARIS","PARIS",75011,0,,,"A-2025-12-089","Etage : 1","bon",1,1,0,1,0,86.7,14.7,21.5,0,0,0,14.5,36,"très bonne","insuffisante",,"très bonne",,"très bonne","bonne",0.41,3377.7,1157.6,0,1779.1,0,165.1,0,8364.2,161,4857.3,2188.5,0,185.8,1132.5,7739.7,149,4857.3,2188.5,0,97.8,596.1,1644.3,31,1102.6,496.8,0,6.7,38.1,"Gaz naturel",7045.9,4857.3,2188.5,654.2,451,203.2,1599.4,1102.6,496.8,"Électricité",693.8,0,0,213.8,0,0,44.9,0,0,,,,,,,,,,,868,451,203.2,0,34,179.9,"Gaz naturel",,"installation collective","Radiateur bitube sans robinet thermostatique sur réseau collectif eau chaude haute température(sup ou egal 65°C)","Installation de chauffage simple","Chaudière collective gaz à condensation installée à partir de 2016 en cascade avec une chaudière gaz à condensation installée à partir de 2016 régulée, avec équipement d'intermittence central collectif, réseau isolé. Emetteur(s): radiateur bitube sans robinet thermostatique",4857.3,51.7,,,"Chaudière gaz à condensation après 2015","Gaz naturel","chauffage + ecs","Gaz Naturel - Chaudière gaz à condensation installée à partir de 2016",2428.7,"Chaudière gaz à condensation après 2015","Gaz naturel","chauffage + ecs","Gaz Naturel - Chaudière gaz à condensation installée à partir de 2016",2428.7,,,,,,,,,,,,,,,,,,,"Gaz naturel",,,,"installation collective","Deux systèmes d'ECS dans une maison ou un appartement","Combiné au système de chauffage",2188.5,1,51.7,"Non affecté",,,,"Chaudière gaz à condensation après 2015","Gaz naturel","chauffage + ecs","Gaz Naturel - Chaudière gaz à condensation installée à partir de 2016",0,,2188.5,,,,,,,,,,,,0,,,,,,,,,,,,0,
"2675E0061362E","2026-01-09","2026-01-09","2026-01-09","2026-01-09","2036-01-08","2675E0061219R",,,,,,"DPE 3CL 2021 méthode logement",2.6,"dpe appartement individuel","D","D","appartement",1949,"1948-1974","individuel","individuel",2.7,1,,1,,,,41.6,,"Légère","inférieur à 400m","H1a","128a Boulevard Voltaire 75011 Paris","128a","Boulevard Voltaire","Paris","75011","75111","75","11","75111_9907_00128_a",654419.63,6862200.62,0.82,"adresse géocodée ban à l'adresse","128 A BOULEVARD VOLTAIRE","128 A BOULEVARD VOLTAIRE 75011 PARIS 11","PARIS 11",75011,0,,,"910428925","Bat. A; Esc. B; Etage 3; Porte fond couloir avant","moyen",1,1,0,0,1,103.3,6.9,38.1,1,0,0.3,17.2,39.8,"très bonne","insuffisante",,,"très bonne","très bonne","moyenne",0.38,4498.6,1042.9,0,1501.2,0,600.8,0,8220,197,6305.1,1409.6,0,149.5,355.8,7980.7,191,6305.1,1409.6,0,78.7,187.2,1768.7,42,1431.3,320,0,5.4,12,"Gaz naturel",7714.8,6305.1,1409.6,914,747,167,1751.2,1431.3,320,"Électricité",265.9,0,0,92.3,0,0,17.4,0,0,,,,,,,,,,,1006.3,747,167,0,27.3,65,"Gaz naturel","Chaudière gaz à condensation après 2015","installation individuelle","Radiateur bitube sans robinet thermostatique sur réseau individuel eau chaude haute température(sup ou egal 65°C)","Installation de chauffage simple","Chaudière individuelle gaz à condensation installée à partir de 2016 avec programmateur avec réduit. Emetteur(s): radiateur bitube sans robinet thermostatique",6305.1,41.6,,,"Chaudière gaz à condensation après 2015","Gaz naturel","chauffage + ecs","Gaz Naturel - Chaudière gaz à condensation installée à partir de 2016",6305.1,,,,,,,,,,,,,,,,,,,,,,,,"Gaz naturel","Chaudière gaz à condensation après 2015",,,"installation individuelle","Un seul système d'ECS sans solaire","Combiné au système de chauffage",1409.6,1,41.6,"Non affecté",,,,"Chaudière gaz à condensation après 2015","Gaz naturel","chauffage + ecs","Gaz Naturel - Chaudière gaz à condensation installée à partir de 2016",0,,1409.6,,,,,,,,,,,,0,,,,,,,,,,,,0,
"2675E0028367D","2026-01-06","2026-01-06","2026-01-06","2026-01-06","2036-01-05",,,,,,,"DPE 3CL 2021 méthode logement",2.6,"dpe appartement individuel","E","C","appartement",,"1948-1974","individuel","individuel",2.6,1,,1,,,,47,,"Moyenne","inférieur à 400m","H1a","162 Rue Saint-Maur 75011 Paris","162","Rue Saint-Maur","Paris","75011","75111","75","11","75111_8699_00162",654063.02,6863484.78,0.8,"adresse géocodée ban à l'adresse","162 Rue Saint-Maur","162 Rue Saint-Maur 75011 PARIS 11","PARIS 11",75011,0,,,"260106POUCHUCQ3340",,"insuffisant",0,1,0,0,0,140.2,11.8,72.4,0,0,2.1,14.3,39.5,"insuffisante","insuffisante",,"très bonne",,"très bonne","bonne",1.27,6218.2,1108.8,0,1651.9,0,638.8,0,14543.1,309,11129.5,3244.8,0,168.8,0,7654.2,162,5857.6,1707.8,0,88.8,0,579.9,12,462.8,111,0,6.1,0,"Électricité",7654.2,5857.6,1707.8,1628.9,1246.5,363.4,579.9,462.8,111,,,,,,,,,,,,,,,,,,,,,1628.9,1246.5,363.4,0,18.9,0,"Électricité","Radiateur électrique à accumulation","installation individuelle","Radiateur électrique à accumulation","Installation de chauffage simple","Radiateur électrique à inertie (modélisé comme un radiateur à accumulation) avec programmateur pièce par pièce (système individuel)",5448.1,43.9,,,"Radiateur électrique à accumulation","Électricité","chauffage","Electrique - Radiateur électrique à accumulation",5448.1,,,,,,"installation individuelle","Radiateur électrique à accumulation","Installation de chauffage simple","Radiateur électrique à fluide caloporteur (modélisé comme un radiateur à accumulation) (système individuel)",409.6,3.2,,,"Radiateur électrique à accumulation","Électricité","chauffage","Electrique - Radiateur électrique à accumulation",409.6,,,,,,"Électricité","Ballon électrique à accumulation vertical Autres ou inconnue",,,"installation individuelle","Un seul système d'ECS sans solaire","Ballon électrique à accumulation vertical (autres catégorie ou inconnue), contenance ballon 100 L",1707.8,1,47,"Non affecté",,,,"Ballon électrique à accumulation vertical Autres ou inconnue","Électricité","ecs","Electrique - Ballon électrique à accumulation vertical (autres catégorie ou inconnue)",100,,1707.8,,,,,,,,,,,,0,,,,,,,,,,,,0,
"2675E0035047B","2026-01-07","2025-04-04","2026-01-07","2026-01-07","2036-01-06",,"2675E0034303L",,,,,"DPE 3CL 2021 méthode logement",2.6,"dpe appartement généré à partir des données DPE immeuble","C","C","appartement",,"2013-2021","mixte (collectif-individuel)","collectif",2.6,63,10,1,,1,4319.5,52.7,,"Légère","inférieur à 400m","H1a","60 Avenue Parmentier 75011 Paris","60","Avenue Parmentier","Paris","75011","75111","75","11","75111_7067_00060",654268.27,6862694.31,0.79,"adresse géocodée ban à l'adresse","58/60 Avenue Parmentier","58/60 Avenue Parmentier 75011 PARIS 11, France","PARIS 11, France",75011,0,,,"2025043188_p03","A105",,,,,,,2949.3,440.6,498,82.4,76,5.6,120.1,1726.8,"très bonne","très bonne",,,"très bonne","très bonne","très bonne",0.36,79690.9,80212.2,0,138250.7,0,11449.8,0,4991.5,94,2612.1,1567.2,0,189.2,623,4606.7,87,2612.1,1567.2,0,99.6,327.9,976.5,18,592.9,355.8,0,6.9,21,"Gaz naturel",4179.2,2612,1567.2,391.1,244.4,146.7,948.7,592.9,355.8,"Électricité",427.5,0,0,101.1,0,0,27.9,0,0,,,,,,,,,,,492.2,244.4,146.7,0,34.6,66.5,"Gaz naturel","Chaudière gaz à condensation après 2015","installation hybride collective-individuelle (chauffage base + appoint individuel ou convecteur bi-jonction)","Plancher chauffant sur réseau collectif eau chaude basse ou moyenne température(inf 65°C)","Installation de chauffage collectif avec Base + appoint","Chaudière collective gaz à condensation installée à partir de 2016 en cascade avec une chaudière gaz à condensation installée à partir de 2016 avec en appoint un autres émetteurs à effet joule régulée, réseau isolé. Emetteur(s): plancher chauffant",214093.8,4319.5,,,"Chaudière gaz à condensation après 2015","Gaz naturel","chauffage + ecs","Gaz Naturel - Chaudière gaz à condensation installée à partir de 2016",107046.9,"Chaudière gaz à condensation après 2015","Gaz naturel","chauffage + ecs","Gaz Naturel - Chaudière gaz à condensation installée à partir de 2016",107046.9,,,,,,,,,,,,,,,,,,,"Gaz naturel","Chaudière gaz à condensation après 2015",,,"installation collective","Un seul système d'ECS sans solaire","Combiné au système de chauffage, contenance ballon 2860 L",107911,1,4319.5,"Non affecté",,,,"Chaudière gaz à condensation après 2015","Gaz naturel","chauffage + ecs","Gaz Naturel - Chaudière gaz à condensation installée à partir de 2016",2860,,107911,,,,,,,,,,,,0,,,,,,,,,,,,0,
"2675E0036144G","2026-01-07","2025-12-18","2026-01-07","2026-01-07","2036-01-06","2575E4009728J",,,,,,"DPE 3CL 2021 méthode logement",2.6,"dpe appartement individuel","E","B","appartement",,"1948-1974","collectif","individuel",2.5,1,,1,,,26702,37.7,,"Lourde","inférieur à 400m","H1a","147 Rue Oberkampf 75011 Paris","147","Rue Oberkampf","Paris","75011","75111","75","11","75111_6858_00147",654622.28,6863145.22,0.79,"adresse géocodée ban à l'adresse","147 RUE OBERKAMPF","147 RUE OBERKAMPF 75011 PARIS 11, France","PARIS 11, France",75011,0,,,"25/IMO/2196","Bat. K1; Etage 10; Porte Gauche Ascenseur","bon",1,1,0,1,0,113.6,21.8,36.6,0,0,3.1,17.1,34.9,"insuffisante","insuffisante",,"très bonne",,"très bonne","bonne",1.69,4182,994,0,1389.5,0,1582.2,0,10764.4,285,8182,2447.2,0,135.2,0,5665.5,150,4306.3,1288,0,71.2,0,428.8,11,340.2,83.7,0,4.9,0,"Électricité",5665.5,4306.3,1288,1277,861.4,393.9,428.8,340.2,83.7,,,,,,,,,,,,,,,,,,,,,1277,861.4,393.9,0,21.8,0,"Électricité","Plancher ou plafond rayonnant électrique avec régulation terminale","installation collective","Plancher rayonnant électrique avec régulation terminale","Installation de chauffage simple","Plancher rayonnant électrique avec régulation terminale avec équipement d'intermittence central collectif",4306.3,37.7,,,"Plancher ou plafond rayonnant électrique avec régulation terminale","Électricité","chauffage","Electrique - Plancher rayonnant électrique avec régulation terminale",4306.3,,,,,,,,,,,,,,,,,,,,,,,,"Électricité","Ballon électrique à accumulation vertical Catégorie C ou 3 étoiles",,,"installation individuelle","Un seul système d'ECS sans solaire","Ballon électrique à accumulation vertical (catégorie C ou 3 étoiles), contenance ballon 80 L",1288,1,37.7,"Non affecté",,,,"Ballon électrique à accumulation vertical Catégorie C ou 3 étoiles","Électricité","ecs","Electrique - Ballon électrique à accumulation vertical (catégorie C ou 3 étoiles)",80,,1288,,,,,,,,,,,,0,,,,,,,,,,,,0,
"2675E0023927J","2026-01-06","2025-12-24","2026-01-06","2026-01-06","2036-01-05",,,,,,,"DPE 3CL 2021 méthode logement",2.6,"dpe appartement individuel","E","E","appartement",,"1975-1977","collectif","collectif",2.5,1,,1,,,3980,77.3,,"Très lourde","inférieur à 400m","H1a","3 Rue Servan 75011 Paris","3","Rue Servan","Paris","75011","75111","75","11","75111_8941_00003",654801.93,6862297.48,0.75,"adresse géocodée ban à l'adresse","3 Rue Servan","3 Rue Servan 75011 PARIS 11","PARIS 11",75011,0,,,"51113250078",,"insuffisant",0,1,0,1,0,239.8,33.2,107.6,0,0,0.6,42.8,55.6,"insuffisante","insuffisante",,"très bonne",,"très bonne","moyenne",2.44,10072,1333.2,0,2409.9,0,2341.2,0,23882.6,308,16005.7,5705.8,0,277.5,1893.5,22854.2,295,16005.7,5705.8,0,146.1,996.6,5002.4,64,3633.3,1295.2,0,10.1,63.8,"Gaz naturel",21711.5,16005.7,5705.8,2019.1,1488.5,530.6,4928.5,3633.3,1295.2,"Électricité",1142.7,0,0,341.9,0,0,73.9,0,0,,,,,,,,,,,2361,1488.5,530.6,0,50.7,291.2,"Gaz naturel","Chaudière gaz basse température 2001-2015","installation collective","Radiateur monotube sans robinet thermostatique sur réseau collectif eau chaude basse ou moyenne température(inf 65°C)","Installation de chauffage simple","Chaudière collective gaz basse température installée entre 2001 et 2015. Emetteur(s): radiateur monotube sans robinet thermostatique",16005.7,77.3,,,"Chaudière gaz basse température 2001-2015","Gaz naturel","chauffage + ecs","Gaz Naturel - Chaudière gaz basse température installée entre 2001 et 2015",16005.7,,,,,,,,,,,,,,,,,,,,,,,,"Gaz naturel","Chaudière gaz basse température 2001-2015",,,"installation collective","Un seul système d'ECS sans solaire","Combiné au système de chauffage",5705.8,1,77.3,"Non affecté",,,,"Chaudière gaz basse température 2001-2015","Gaz naturel","chauffage + ecs","Gaz Naturel - Chaudière gaz basse température installée entre 2001 et 2015",0,,5705.8,,,,,,,,,,,,0,,,,,,,,,,,,0,
"2675E0071664K","2026-01-12","2025-09-19","2026-01-12","2026-01-12","2036-01-11","2575E2980150F",,,,,,"DPE 3CL 2021 méthode logement",2.6,"dpe appartement individuel","E","C","appartement",,"avant 1948","individuel","individuel",2.5,1,,1,,,,20.1,,"Moyenne","inférieur à 400m","H1a","1 Rue Marguerite Gonnet 75011 Paris","1","Rue Marguerite Gonnet","Paris","75011","75111","75","11","75111_4233_00001",655235.04,6861242.18,0.67,"adresse géocodée ban à l'adresse","1 Rue Margeritte Gonnet","1 Rue Margeritte Gonnet 75011 PARIS 11","PARIS 11",75011,0,,,"25/IMO/0048","Etage 4","moyen",1,0,0,0,0,81,2.1,43,0,0,0.3,17.5,18,"insuffisante","insuffisante",,"très bonne",,"très bonne","insuffisante",1.73,3497.1,778.6,0,896.9,0,610.6,0,7625,379,5725.7,1827.1,0,72.2,0,4013.2,199,3013.5,961.7,0,38,0,303.2,15,238.1,62.5,0,2.6,0,"Électricité",4013.2,3013.5,961.7,918.5,689.7,220.1,303.2,238.1,62.5,,,,,,,,,,,,,,,,,,,,,918.5,689.7,220.1,0,8.7,0,"Électricité","Convecteur électrique NFC, NF** et NF***","installation individuelle","Convecteur électrique NFC, NF** et NF***","Installation de chauffage simple","Convecteur électrique NFC, NF** et NF*** avec programmateur pièce par pièce (système individuel)",3013.5,20.1,,,"Convecteur électrique NFC, NF** et NF***","Électricité","chauffage","Electrique - Convecteur électrique NFC, NF** et NF***",3013.5,,,,,,,,,,,,,,,,,,,,,,,,"Électricité","Ballon électrique à accumulation vertical Catégorie C ou 3 étoiles",,,"installation individuelle","Un seul système d'ECS sans solaire","Ballon électrique à accumulation vertical (catégorie C ou 3 étoiles), contenance ballon 50 L",961.7,1,20.1,"Non affecté",,,,"Ballon électrique à accumulation vertical Catégorie C ou 3 étoiles","Électricité","ecs","Electrique - Ballon électrique à accumulation vertical (catégorie C ou 3 étoiles)",50,,961.7,,,,,,,,,,,,0,,,,,,,,,,,,0,
"2575E2518993K","2026-01-12","2025-07-30","2025-07-30","2025-07-31","2035-07-29",,,,,,,"DPE 3CL 2021 méthode logement",2.4,"dpe appartement individuel","C","A","appartement",1989,"1989-2000","individuel","individuel",2.5,37,1,1,,0,,89.9,,"Lourde","inférieur à 400m","H1a","24 Passage Thiéré 75011 Paris","24","Passage Thiéré","Paris","75011","75111","75","11","75111_9272_00024",654017.94,6861778.57,0.98,"adresse non géocodée ban car aucune correspondance trouvée","24 Passage Thiéré","24 Passage Thiéré 75011 Paris","Paris",75011,,,,,"1-Bâtiment n°1-1-LogZone","bon",1,1,0,0,0,99.2,8.9,14.4,0,0,2.2,32.1,41.7,"insuffisante","moyenne",,,,"très bonne","moyenne",1.39,2355.7,1419.5,0,2719985,0,1828773,0,10627.8,118.2,5366.2,5975.9,0,390.6,0,5593.6,62.3,2333.1,2598.2,0,169.8,0,359.4,4,184.3,168.9,0,11.7,0,"Électricité",5593.6,2333.1,2598.2,1223,510,568,396.4,184.3,168.9,,,,,,,,,,,,,,,,,,,,,1223,510,568,0,37,0,"Électricité","Convecteur électrique NFC, NF** et NF***","installation individuelle","Convecteur électrique NFC, NF** et NF***","Installation de chauffage simple","Emission n°1",2333.1,89.9,,,"Convecteur électrique NFC, NF** et NF***","Électricité","chauffage","Generateur Effet joule",2333.1,,,,,,,,,,,,,,,,,,,,,,,,"Électricité","Ballon électrique à accumulation vertical Catégorie B ou 2 étoiles",,,"installation individuelle","Un seul système d'ECS sans solaire","ECS Electrique, Volume du ballon 300 L",2598.2,37,89.9,"Non affecté",,,,"Ballon électrique à accumulation vertical Catégorie B ou 2 étoiles","Électricité","ecs",,300,,2598.2,"A partir de 2015",,,,,,,,,"VMC SF Hygro B avant  2001",89.9,0,,,,,,,,"Solaire Photovoltaïque",0,,,0,
"2675E0035255B","2026-01-07","2025-04-04","2026-01-07","2026-01-07","2036-01-06",,"2675E0034303L",,,,,"DPE 3CL 2021 méthode logement",2.6,"dpe appartement généré à partir des données DPE immeuble","C","C","appartement",,"2013-2021","mixte (collectif-individuel)","collectif",2.6,63,10,1,,0,4319.5,67.2,,"Légère","inférieur à 400m","H1a","60 Avenue Parmentier 75011 Paris","60","Avenue Parmentier","Paris","75011","75111","75","11","75111_7067_00060",654268.27,6862694.31,0.79,"adresse géocodée ban à l'adresse","58/60 Avenue Parmentier","58/60 Avenue Parmentier 75011 PARIS 11, France","PARIS 11, France",75011,0,,,"2025043188_p03","B502",,,,,,,2949.3,440.6,498,82.4,76,5.6,120.1,1726.8,"très bonne","très bonne",,,"très bonne","très bonne","très bonne",0.36,79690.9,80212.2,0,138250.7,0,11449.8,0,6008.4,89,3330.7,1701.4,0,241.3,735,5545.9,82,3330.7,1701.4,0,127,386.8,1175.8,17,756.1,386.2,0,8.8,24.8,"Gaz naturel",5032.1,3330.7,1701.4,471.2,311.9,159.3,1142.3,756.1,386.2,"Électricité",513.8,0,0,122.7,0,0,33.5,0,0,,,,,,,,,,,593.8,311.9,159.3,0,44.1,78.6,"Gaz naturel","Chaudière gaz à condensation après 2015","installation hybride collective-individuelle (chauffage base + appoint individuel ou convecteur bi-jonction)","Plancher chauffant sur réseau collectif eau chaude basse ou moyenne température(inf 65°C)","Installation de chauffage collectif avec Base + appoint","Chaudière collective gaz à condensation installée à partir de 2016 en cascade avec une chaudière gaz à condensation installée à partir de 2016 avec en appoint un autres émetteurs à effet joule régulée, réseau isolé. Emetteur(s): plancher chauffant",214093.8,4319.5,,,"Chaudière gaz à condensation après 2015","Gaz naturel","chauffage + ecs","Gaz Naturel - Chaudière gaz à condensation installée à partir de 2016",107046.9,"Chaudière gaz à condensation après 2015","Gaz naturel","chauffage + ecs","Gaz Naturel - Chaudière gaz à condensation installée à partir de 2016",107046.9,,,,,,,,,,,,,,,,,,,"Gaz naturel","Chaudière gaz à condensation après 2015",,,"installation collective","Un seul système d'ECS sans solaire","Combiné au système de chauffage, contenance ballon 2860 L",107911,1,4319.5,"Non affecté",,,,"Chaudière gaz à condensation après 2015","Gaz naturel","chauffage + ecs","Gaz Naturel - Chaudière gaz à condensation installée à partir de 2016",2860,,107911,,,,,,,,,,,,0,,,,,,,,,,,,0,
"2675E0026951R","2026-01-06","2026-01-06","2026-01-06","2026-01-06","2036-01-05",,,,,,,"DPE 3CL 2021 méthode logement",2.6,"dpe appartement individuel","C","B","appartement",1880,"avant 1948","individuel","individuel",2.8,1,,1,,,,29.8,,"Moyenne","inférieur à 400m","H1a","6 Rue Merlin 75011 Paris","6","Rue Merlin","Paris","75011","75111","75","11","75111_6280_00006",654954.57,6862357.67,0.74,"adresse géocodée ban à l'adresse","6, rue MERLIN","6, rue MERLIN 75011 PARIS 11","PARIS 11",75011,0,,,"#1743","Etage 4 Porte Droite","insuffisant",0,1,0,0,0,45.4,1.8,9.9,0,0,2.6,10.2,20.9,"moyenne","moyenne",,"très bonne",,"très bonne","moyenne",0.72,1253.9,898,0,1170,0,573.1,0,5622.3,188,2486.7,3028.4,0,107.1,0,2959.1,99,1308.8,1593.9,0,56.4,0,210.9,7,103.4,103.6,0,3.9,0,"Électricité",2959.1,1308.8,1593.9,718.7,317.9,387.1,210.9,103.4,103.6,,,,,,,,,,,,,,,,,,,,,718.7,317.9,387.1,0,13.7,0,"Électricité","Radiateur électrique à accumulation","installation individuelle","Radiateur électrique à accumulation","Installation de chauffage simple","Radiateur électrique à inertie (modélisé comme un radiateur à accumulation) (système individuel)",1308.8,29.8,,,"Radiateur électrique à accumulation","Électricité","chauffage","Electrique - Radiateur électrique à accumulation",1308.8,,,,,,,,,,,,,,,,,,,,,,,,"Électricité","Ballon électrique à accumulation horizontal",,,"installation individuelle","Un seul système d'ECS sans solaire","Ballon électrique à accumulation horizontal, contenance ballon 100 L",1593.9,1,29.8,"Non affecté",,,,"Ballon électrique à accumulation horizontal","Électricité","ecs","Electrique - Ballon électrique à accumulation horizontal",100,,1593.9,,,,,,,,,,,,0,,,,,,,,,,,,0,
"2675E0018224A","2026-01-05","2026-01-05","2026-01-05","2026-01-05","2036-01-04",,,,,,,"DPE 3CL 2021 méthode logement",2.6,"dpe appartement individuel","E","C","appartement",,"avant 1948","individuel","individuel",2.6,1,,1,,,,50.1,,"Légère","inférieur à 400m","H1a","64 Rue du Chemin Vert 75011 Paris","64","Rue du Chemin Vert","Paris","75011","75111","75","11","75111_1966_00064",654248.97,6862349.63,0.79,"adresse géocodée ban à l'adresse","64 Rue du Chemin Vert","64 Rue du Chemin Vert 75011 PARIS - 11EME","PARIS - 11EME",75011,0,,,"02/26","1er étage porte droite","insuffisant",0,1,0,0,0,159.7,13.7,72.1,0,20,2.7,12.9,38.4,"insuffisante","insuffisante",,"très bonne",,"insuffisante","bonne",1.15,7627,1146,0,1737.4,0,313.8,0,16220,324,12689,3351.3,0,179.7,0,8536.8,170,6678.4,1763.8,0,94.6,0,648.8,12,527.6,114.6,0,6.5,0,"Électricité",8536.8,6678.4,1763.8,1803,1410.5,372.5,648.8,527.6,114.6,,,,,,,,,,,,,,,,,,,,,1803,1410.5,372.5,0,20,0,"Électricité",,"installation individuelle","radiateur électrique NFC, NF** et NF***","Installation de chauffage simple","Radiateur électrique à fluide caloporteur (modélisé comme un radiateur NFC, NF** et NF***) avec programmateur pièce par pièce (système individuel)",6678.4,50.1,,,"radiateur électrique NFC, NF** et NF***","Électricité","chauffage","Electrique - Radiateur électrique à inertie (modélisé comme un radiateur NFC, NF** et NF***)",6678.4,,,,,,,,,,,,,,,,,,,,,,,,"Électricité",,,,"installation individuelle","Un seul système d'ECS sans solaire","Ballon électrique à accumulation vertical (catégorie B ou 2 étoiles), contenance ballon 150 L",1763.8,1,50.1,"Non affecté",,,,"Ballon électrique à accumulation vertical Catégorie B ou 2 étoiles","Électricité","ecs","Electrique - Ballon électrique à accumulation vertical (catégorie B ou 2 étoiles)",150,,1763.8,,,,,,,,,,,,0,,,,,,,,,,,,0,
"2675E0065958Y","2026-01-10","2023-08-06","2026-01-10","2026-01-10","2036-01-09",,,,,,,"DPE 3CL 2021 méthode logement",2.6,"dpe appartement individuel","C","A","appartement",,"avant 1948","individuel","individuel",2.5,1,,1,,,,24.1,,"Très lourde","inférieur à 400m","H1a","6 Rue Popincourt 75011 Paris","6","Rue Popincourt","Paris","75011","75111","75","11","75111_7626_00006",654340.8,6862076.14,0.75,"adresse géocodée ban à l'adresse","6 Rue Popincourt","6 Rue Popincourt 75011 PARIS 11","PARIS 11",75011,0,,,"2023-08-002","Etage : 1er Sisley","insuffisant",0,0,0,1,0,40.3,16.4,3,0,0,0,9.8,11,"très bonne","très bonne",,"très bonne",,"très bonne","très bonne",0.43,893,827.7,117.9,913.5,16.2,777.2,95.6,3528.9,146,577.2,2701.1,31.7,86.5,132.4,1857.3,77,303.8,1421.6,16.7,45.5,69.7,125.1,5,24,92.4,1.1,3.1,4.5,"Électricité",1857.3,303.8,1421.6,510,83.4,390.4,125.1,24,92.4,,,,,,,,,,,,,,,,,,,,,510,83.4,390.4,4.6,12.5,19.1,"Électricité","PAC air/air installée à partir de 2015","installation individuelle","Soufflage d'air chaud (air soufflé) avec distribution par fluide frigorigène","Installation de chauffage simple","PAC air/air sans réseau de distribution installée à partir de 2015 (système individuel)",303.8,24.1,,,"PAC air/air installée à partir de 2015","Électricité","chauffage","Electrique - PAC air/air sans réseau de distribution installée à partir de 2015",303.8,,,,,,,,,,,,,,,,,,,,,,,,"Électricité","Ballon électrique à accumulation vertical Catégorie B ou 2 étoiles",,,"installation individuelle","Un seul système d'ECS sans solaire","Ballon électrique à accumulation vertical (catégorie B ou 2 étoiles), contenance ballon 150 L",1421.6,1,24.1,"Non affecté",,,,"Ballon électrique à accumulation vertical Catégorie B ou 2 étoiles","Électricité","ecs","Electrique - Ballon électrique à accumulation vertical (catégorie B ou 2 étoiles)",150,,1421.6,,,,,,,,,,,,0,"PAC air/air installée à partir de 2015","Électricité","A partir de 2015","Refroidissement - Electrique - Pompe à chaleur air/air",24.1,16.7,"pompe à chaleur",,,,,0,
"2675E0024203Z","2026-01-06","2025-12-29","2026-01-06","2026-01-06","2036-01-05",,,,,,,"DPE 3CL 2021 méthode logement",2.6,"dpe appartement individuel","D","B","appartement",,"avant 1948","individuel","individuel",2.5,1,,1,,,,13.1,,"Légère","inférieur à 400m","H1a","12 Rue Popincourt 75011 Paris","12","Rue Popincourt","Paris","75011","75111","75","11","75111_7626_00012",654320.16,6862119.56,0.75,"adresse géocodée ban à l'adresse","12 rue popincourt","12 rue popincourt 75011 Paris, France","Paris, France",75011,0,,,"25/12/7477","A, 3ème Étage","insuffisant",0,0,0,0,0,28.7,2.1,12.2,0,0,0.5,6,7.8,"insuffisante","insuffisante",,"très bonne",,"très bonne","insuffisante",1.4,993.6,692.1,0,699.1,0,121.9,0,3829.5,293,1790.8,1991.8,0,46.9,0,2015.5,154,942.5,1048.3,0,24.7,0,144.3,11,74.5,68.1,0,1.7,0,"Électricité",2015.5,942.5,1048.3,540,252.5,280.9,144.3,74.5,68.1,,,,,,,,,,,,,,,,,,,,,540,252.5,280.9,0,6.6,0,"Électricité","radiateur électrique NFC, NF** et NF***","installation individuelle","radiateur électrique NFC, NF** et NF***","Installation de chauffage simple","Radiateur électrique à inertie (modélisé comme un radiateur NFC, NF** et NF***) (système individuel)",942.5,13.1,,,"radiateur électrique NFC, NF** et NF***","Électricité","chauffage","Electrique - Radiateur électrique à inertie (modélisé comme un radiateur NFC, NF** et NF***)",942.5,,,,,,,,,,,,,,,,,,,,,,,,"Électricité","Ballon électrique à accumulation vertical Autres ou inconnue",,,"installation individuelle","Un seul système d'ECS sans solaire","Ballon électrique à accumulation vertical (autres catégorie ou inconnue), contenance ballon 59 L",1048.3,1,13.1,"Non affecté",,,,"Ballon électrique à accumulation vertical Autres ou inconnue","Électricité","ecs","Electrique - Ballon électrique à accumulation vertical (autres catégorie ou inconnue)",59,,1048.3,,,,,,,,,,,,0,,,,,,,,,,,,0,
"2675E0040517L","2026-01-07","2024-08-02","2026-01-07","2026-01-07","2036-01-06","2575E2983356N",,,,,,"DPE 3CL 2021 méthode logement",2.6,"dpe appartement individuel","D","B","appartement",1868,"avant 1948","individuel","individuel",2.8,,,1,,,,33.2,,"Lourde","inférieur à 400m","H1a","281 Boulevard Voltaire 75011 Paris","281","Boulevard Voltaire","Paris","75011","75111","75","11","75111_9907_00281",655572.98,6861213.45,0.79,"adresse géocodée ban à l'adresse","281 boulevard Voltaire","281 boulevard Voltaire 75011 PARIS","PARIS",75011,4,,"Bâtiment",,"Droite","insuffisant",0,1,0,1,0,86.9,16.1,30.6,0,0,1,13.5,25.7,"insuffisante","insuffisante",,,,,"très bonne",1.29,3118.5,939.4,0,1144751.4,0,754059.7,0,8164.9,245.9,5342.9,2702.8,0,119.2,0,4297.3,129.4,2812,1422.5,0,62.7,0,318.9,9.6,222.2,92.5,0,4.3,0,"Électricité",4297.3,2812,1422.5,972,636,322,318.9,222.2,92.5,,,,,,,,,,,,,,,,,,,,,972,636,322,0,14,0,"Électricité","radiateur électrique NFC, NF** et NF***","installation individuelle","radiateur électrique NFC, NF** et NF***","Installation de chauffage simple","Chauffage sans solaire",2812,33.2,,,"radiateur électrique NFC, NF** et NF***","Électricité","chauffage","Radiateur électrique NF**",2812,,,,,,,,,,,,,,,,,,,,,,,,"Électricité","Ballon électrique à accumulation vertical Autres ou inconnue",,,"installation individuelle","Un seul système d'ECS sans solaire","Chauffe-eau vertical Electrique",1422.5,1,33.2,"Non affecté",,,,"Ballon électrique à accumulation vertical Autres ou inconnue","Électricité","ecs","Chauffe-eau vertical",80,,1422.5,,,,,,,,,,,,0,,,,,,,,,,,,0,
"2675E0017124S","2026-01-05","2025-11-20","2026-01-05","2026-01-05","2036-01-04",,,,,,,"DPE 3CL 2021 méthode logement",2.6,"dpe appartement individuel","C","A","appartement",,"avant 1948","individuel","individuel",2.7,1,,1,,,,10.8,,"Moyenne","inférieur à 400m","H1a","81 Boulevard de Ménilmontant 75011 Paris","81","Boulevard de Ménilmontant","Paris","75011","75111","75","11","75111_6267_00081",654965.08,6862813.28,0.75,"adresse géocodée ban à l'adresse","81 BOULEVARD DE MENILMONTANT","81 BOULEVARD DE MENILMONTANT 75019 PARIS 19","PARIS 19",75019,0,,,"910428764","Etage 3; Porte Droite droite","insuffisant",0,0,0,0,0,20.1,6.2,3.9,0,0,0.6,3,6.4,"très bonne","insuffisante",,"très bonne",,"très bonne","insuffisante",0.22,524.5,664.9,0,637,0,166.1,0,2736.8,252,979.4,1718.4,0,38.9,0,1440.4,132,515.5,904.4,0,20.5,0,100.9,9,40.7,58.8,0,1.4,0,"Électricité",1440.4,515.5,904.4,431,154.3,270.6,100.9,40.7,58.8,,,,,,,,,,,,,,,,,,,,,431,154.3,270.6,0,6.1,0,"Électricité",,"installation individuelle","Radiateur électrique à accumulation","Installation de chauffage simple","Radiateur électrique à fluide caloporteur (modélisé comme un radiateur à accumulation) avec programmateur pièce par pièce (système individuel)",515.5,10.8,,,"Radiateur électrique à accumulation","Électricité","chauffage","Electrique - Radiateur électrique à accumulation",515.5,,,,,,,,,,,,,,,,,,,,,,,,"Électricité",,,,"installation individuelle","Un seul système d'ECS sans solaire","Ballon électrique à accumulation vertical (catégorie C ou 3 étoiles), contenance ballon 65 L",904.4,1,10.8,"Non affecté",,,,"Ballon électrique à accumulation vertical Catégorie C ou 3 étoiles","Électricité","ecs","Electrique - Ballon électrique à accumulation vertical (catégorie C ou 3 étoiles)",65,,904.4,,,,,,,,,,,,0,,,,,,,,,,,,0,
"2675E0035133J","2026-01-07","2025-04-04","2026-01-07","2026-01-07","2036-01-06",,"2675E0034303L",,,,,"DPE 3CL 2021 méthode logement",2.6,"dpe appartement généré à partir des données DPE immeuble","C","C","appartement",,"2013-2021","mixte (collectif-individuel)","collectif",2.6,63,10,1,,0,4319.5,64.9,,"Légère","inférieur à 400m","H1a","60 Avenue Parmentier 75011 Paris","60","Avenue Parmentier","Paris","75011","75111","75","11","75111_7067_00060",654268.27,6862694.31,0.79,"adresse géocodée ban à l'adresse","58/60 Avenue Parmentier","58/60 Avenue Parmentier 75011 PARIS 11, France","PARIS 11, France",75011,0,,,"2025043188_p03","C201",,,,,,,2949.3,440.6,498,82.4,76,5.6,120.1,1726.8,"très bonne","très bonne",,,"très bonne","très bonne","très bonne",0.36,79690.9,80212.2,0,138250.7,0,11449.8,0,5847.1,90,3216.7,1680.1,0,233.1,717.2,5397,83,3216.7,1680.1,0,122.7,377.5,1144.2,17,730.2,381.4,0,8.5,24.2,"Gaz naturel",4896.8,3216.7,1680.1,458.5,301.2,157.3,1111.6,730.2,381.4,"Électricité",500.2,0,0,119.3,0,0,32.6,0,0,,,,,,,,,,,577.7,301.2,157.3,0,42.6,76.7,"Gaz naturel","Chaudière gaz à condensation après 2015","installation hybride collective-individuelle (chauffage base + appoint individuel ou convecteur bi-jonction)","Autres émetteurs à effet joule","Installation de chauffage collectif avec Base + appoint","Chaudière collective gaz à condensation installée à partir de 2016 en cascade avec une chaudière gaz à condensation installée à partir de 2016 avec en appoint un autres émetteurs à effet joule régulée, réseau isolé. Emetteur(s): plancher chauffant",214093.8,4319.5,,,"Chaudière gaz à condensation après 2015","Gaz naturel","chauffage + ecs","Gaz Naturel - Chaudière gaz à condensation installée à partir de 2016",107046.9,"Chaudière gaz à condensation après 2015","Gaz naturel","chauffage + ecs","Gaz Naturel - Chaudière gaz à condensation installée à partir de 2016",107046.9,,,,,,,,,,,,,,,,,,,"Gaz naturel","Chaudière gaz à condensation après 2015",,,"installation collective","Un seul système d'ECS sans solaire","Combiné au système de chauffage, contenance ballon 2860 L",107911,1,4319.5,"Non affecté",,,,"Chaudière gaz à condensation après 2015","Gaz naturel","chauffage + ecs","Gaz Naturel - Chaudière gaz à condensation installée à partir de 2016",2860,,107911,,,,,,,,,,,,0,,,,,,,,,,,,0,
"2675E0028592U","2026-01-06","2025-12-19","2026-01-06","2026-01-06","2036-01-05",,,,,,,"DPE 3CL 2021 méthode logement",2.6,"dpe appartement individuel","D","B","appartement",,"1948-1974","individuel","individuel",2.5,1,,1,,,,64,,"Très lourde","inférieur à 400m","H1a","137 Rue Oberkampf 75011 Paris","137","Rue Oberkampf","Paris","75011","75111","75","11","75111_6858_00137",654560.4,6863122.35,0.79,"adresse géocodée ban à l'adresse","137 Rue Oberkampf","137 Rue Oberkampf 75011 Paris, France","Paris, France",75011,0,,,"111T1_202512_009288","Bat. E1; Esc. 07; Etage 04; Porte 0167; Compl. Hall 5","moyen",0,0,0,1,0,104.2,25.2,21.8,0,0,3,15.1,39.2,"insuffisante","insuffisante",,"très bonne",,"très bonne","bonne",1.56,3539.6,1241.8,0,2081.8,0,734.4,0,11636.6,181,6530.8,4067.5,0,229.8,808.5,6124.5,95,3437.2,2140.8,0,121,425.5,446.3,6,271.5,139.2,0,8.3,27.2,"Électricité",6124.5,3437.2,2140.8,1327.1,744.8,463.9,446.3,271.5,139.2,,,,,,,,,,,,,,,,,,,,,1327.1,744.8,463.9,0,26.2,92.2,"Électricité","Panneau rayonnant électrique NFC, NF** et NF***","installation individuelle","Panneau rayonnant NFC, NF** et NF***","Installation de chauffage simple","Panneau rayonnant électrique NFC, NF** et NF*** (système individuel)",3437.2,64,,,"Panneau rayonnant électrique NFC, NF** et NF***","Électricité","chauffage","Electrique - Panneau rayonnant électrique NFC, NF** et NF***",3437.2,,,,,,,,,,,,,,,,,,,,,,,,"Électricité","Ballon électrique à accumulation vertical Catégorie B ou 2 étoiles",,,"installation individuelle","Un seul système d'ECS sans solaire","Ballon électrique à accumulation vertical (catégorie B ou 2 étoiles), contenance ballon 250 L",2140.8,1,64,"Non affecté",,,,"Ballon électrique à accumulation vertical Catégorie B ou 2 étoiles","Électricité","ecs","Electrique - Ballon électrique à accumulation vertical (catégorie B ou 2 étoiles)",250,,2140.8,,,,,,,,,,,,0,,,,,,,,,,,,0,
"2675E0025098K","2026-01-06","2026-01-05","2026-01-06","2026-01-06","2036-01-05",,,,,,,"DPE 3CL 2021 méthode logement",2.6,"dpe appartement individuel","G","G","appartement",,"avant 1948","collectif","individuel",3.1,1,,1,,,1306,34,,"Moyenne","inférieur à 400m","H1a","100 Rue du Chemin Vert 75011 Paris","100","Rue du Chemin Vert","Paris","75011","75111","75","11","75111_1966_00100",654643.74,6862532.56,0.79,"adresse géocodée ban à l'adresse","100 Rue Du Chemin Vert","100 Rue Du Chemin Vert 75011 PARIS 11","PARIS 11",75011,0,,,"51104250298",,"moyen",1,1,0,0,0,296.7,16.9,112.8,0,66.5,14.6,14.4,71.5,"insuffisante","insuffisante",,"très bonne",,"insuffisante","moyenne",1.7,16217.6,949.2,0,1287.1,0,287.1,0,22980.9,675,19533.4,2995.3,0,122.1,330.1,21347.9,627,19533.4,1576.5,0,64.3,173.8,3673.1,108,3555.1,102.5,0,4.4,11.1,"Réseau de Chauffage urbain",19533.4,19533.4,0,1742.6,1742.6,0,3555.1,3555.1,0,"Électricité",1814.5,0,1576.5,506.4,0,450.6,118,0,102.5,,,,,,,,,,,2248.9,1742.6,450.6,0,18.4,37.4,"Réseau de Chauffage urbain","Réseau de chaleur isolé","installation collective","Radiateur bitube sans robinet thermostatique sur réseau collectif eau chaude haute température(sup ou egal 65°C)","Installation de chauffage simple","Réseau de chaleur vertueux isolé avec équipement d'intermittence central collectif, réseau isolé. Emetteur(s): radiateur bitube sans robinet thermostatique",19533.4,34,,,"Réseau de chaleur isolé","Réseau de Chauffage urbain","chauffage","Réseau de chaleur isolé",19533.4,,,,,,,,,,,,,,,,,,,,,,,,"Électricité","Ballon électrique à accumulation vertical Autres ou inconnue",,,"installation individuelle","Un seul système d'ECS sans solaire","Ballon électrique à accumulation vertical (autres catégorie ou inconnue), contenance ballon 150 L",1576.5,1,34,"Non affecté",,,,"Ballon électrique à accumulation vertical Autres ou inconnue","Électricité","ecs","Electrique - Ballon électrique à accumulation vertical (autres catégorie ou inconnue)",150,,1576.5,,,,,,,,,,,,0,,,,,,,"réseau de chaleur ou de froid vertueux",,,,,0,
