"numero_dpe","date_derniere_modification_dpe","date_visite_diagnostiqueur","date_etablissement_dpe","date_reception_dpe","date_fin_validite_dpe","numero_dpe_remplace","numero_dpe_immeuble_associe","id_rnb","provenance_id_rnb","numero_rpls_logement","numero_immatriculation_copropriete","modele_dpe","version_dpe","methode_application_dpe","etiquette_dpe","etiquette_ges","type_batiment","annee_construction","periode_construction","type_installation_chauffage","type_installation_ecs","hauteur_sous_plafond","nombre_appartement","nombre_niveau_immeuble","nombre_niveau_logement","typologie_logement","appartement_non_visite","surface_habitable_immeuble","surface_habitable_logement","surface_tertiaire_immeuble","classe_inertie_batiment","classe_altitude","zone_climatique","adresse_ban","numero_voie_ban","nom_rue_ban","nom_commune_ban","code_postal_ban","code_insee_ban","code_departement_ban","code_region_ban","identifiant_ban","coordonnee_cartographique_x_ban","coordonnee_cartographique_y_ban","score_ban","statut_geocodage","adresse_brut","adresse_complete_brut","nom_commune_brut","code_postal_brut","numero_etage_appartement","position_logement_dans_immeuble","nom_residence","complement_adresse_batiment","complement_adresse_logement","indicateur_confort_ete","protection_solaire_exterieure","logement_traversant","presence_brasseur_air","inertie_lourde","isolation_toiture","deperditions_enveloppe","deperditions_ponts_thermiques","deperditions_murs","deperditions_planchers_hauts","deperditions_planchers_bas","deperditions_portes","deperditions_baies_vitrees","deperditions_renouvellement_air","qualite_isolation_enveloppe","qualite_isolation_murs","qualite_isolation_plancher_haut_comble_amenage","qualite_isolation_plancher_haut_comble_perdu","qualite_isolation_plancher_haut_toit_terrasse","qualite_isolation_plancher bas","qualite_isolation_menuiseries","ubat_w_par_m2_k","besoin_chauffage","besoin_ecs","besoin_refroidissement","apport_interne_saison_chauffe","apport_interne_saison_froide","apport_solaire_saison_chauffe","apport_solaire_saison_froide","conso_5_usages_ep","conso_5_usages_par_m2_ep","conso_chauffage_ep","conso_ecs_ep","conso_refroidissement_ep","conso_eclairage_ep","conso_auxiliaires_ep","conso_5 usages_ef","conso_5 usages_par_m2_ef","conso_chauffage_ef","conso_ecs_ef","conso_refroidissement_ef","conso_eclairage_ef","conso_auxiliaires_ef","emission_ges_5_usages","emission_ges_5_usages par_m2","emission_ges_chauffage","emission_ges_ecs","emission_ges_refroidissement","emission_ges_eclairage","emission_ges_auxiliaires","type_energie_n1","conso_5 usages_ef_energie_n1","conso_chauffage_ef_energie_n1","conso_ecs_ef_energie_n1","cout_total_5_usages_energie_n1","cout_chauffage_energie_n1","cout_ecs_energie_n1","emission_ges_5_usages_energie_n1","emission_ges_chauffage_energie_n1","emission_ges_ecs_energie_n1","type_energie_n2","conso_5 usages_ef_energie_n2","conso_chauffage_ef_energie_n2","conso_ecs_ef_energie_n2","cout_total_5_usages_energie_n2","cout_chauffage_energie_n2","cout_ecs_energie_n2","emission_ges_5_usages_energie_n2","emission_ges_chauffage_energie_n2","emission_ges_ecs_energie_n2","type_energie_n3","conso_5_usages_ef_energie_n3","conso_chauffage_ef_energie_n3","conso_ecs_ef_energie_n3","cout_total_5_usages energie_n3","cout_chauffage_energie_n3","cout_ecs_energie_n3","emission_ges_5_usages_energie_n3","emission_ges_chauffage_energie_n3","emission_ges_ecs_energie_n3","cout_total_5_usages","cout_chauffage","cout_ecs","cout_refroidissement","cout_eclairage","cout_auxiliaires","type_energie_principale_chauffage","type_generateur_chauffage_principal","type_installation_chauffage_n1","type_emetteur_installation_chauffage_n1","configuration_installation_chauffage_n1","description_installation_chauffage_n1","conso_chauffage_installation_chauffage_n1","surface_chauffee_installation_chauffage_n1","facteur_couverture_solaire_installation_chauffage_n1","facteur_couverture_solaire_saisi_installation_chauffage_n1","type_generateur_n1_installation_n1","type_energie_generateur_n1_installation_n1","usage_generateur_n1_installation_n1","description_generateur_chauffage_n1_installation_n1","conso_chauffage_generateur_n1_installation_n1","type_generateur_n2_installation_n1","type_energie_generateur_n2_installation_n1","usage_generateur_n2_installation_n1","description_generateur_chauffage_n2_installation_n1","conso_chauffage_generateur_n2_installation_n1","type_installation_chauffage_n2","type_emetteur_installation_chauffage_n2","configuration_installation_chauffage_n2","description_installation_chauffage_n2","conso_chauffage_installation_chauffage_n2","surface_chauffee_installation_chauffage_n2","facteur_couverture_solaire_installation_chauffage_n2","facteur_couverture_solaire_saisi_installation_chauffage_n2","type_generateur_n1_installation_n2","type_energie_generateur_n1_installation_n2","usage_generateur_n1_installation_n2","description_generateur_chauffage_n1_installation_n2","conso_chauffage_generateur_n1_installation_n2","type_generateur_n2_installation_n2","type_energie_generateur_n2_installation_n2","usage_generateur_n2_installation_n2","description_generateur_chauffage_n2_installation_n2","conso_chauffage_generateur_n2_installation_n2","type_energie_principale_ecs","type_generateur_chauffage_principal_ecs","besoin_ecs_batiment","besoin_ecs_logement","type_installation_ecs_n1","configuration_installation_ecs_n1","description_installation_ecs_n1","conso_ef_installation_ecs_n1"," nombre_logements_desservis_par_installation_ecs_n1","surface_habitable_desservie_par_installation_ecs_n1","type_installation_solaire_n1","production_ecs_solaire_installation_n1","facteur_couverture_solaire_n1","facteur_couverture_solaire_saisi_n1","type_generateur_n1_ecs_n1","type_energie_generateur_n1_ecs_n1","usage_generateur_n1_ecs_n1","description_generateur_n1_ecs_n1","volume_stockage_generateur_n1_ecs_n1","cop_generateur_n1_ecs_n1","conso_ef_generateur_n1_ecs_n1","date_installation_generateur_n1_ecs_n1","type_generateur_n2_ecs_n1","type_energie_generateur_n2_ecs_n1","usage_generateur_n2_ecs_n1","description_generateur_n2_ecs_n1","volume_stockage_generateur_n2_ecs_n1","cop_generateur_n2_ecs_n1","conso_ef_generateur_n2_ecs_n1","date_installation_generateur_n2_ecs_n1","type_ventilation","surface_ventilee","ventilation_posterieure_2012","type_generateur_froid","type_energie_climatisation","periode_installation_generateur_froid","description_generateur_froid","surface_climatisee","conso_refroidissement_annuel","categorie_enr","systeme_production_electricite_origine_renouvelable","presence_production_pv","surface_totale_capteurs_pv","nombre_module","production_electricite_pv_kwhep_par_an","electricite_pv_autoconsommee"
"2611E0031228S","2026-01-07","2026-01-05","2026-01-07","2026-01-07","2036-01-06",,,,,,,"DPE 3CL 2021 méthode logement",2.6,"dpe immeuble collectif","C","A","immeuble",,"2001-2005","individuel","individuel",2.5,26,4,,,,1363.5,,,"Moyenne","inférieur à 400m","H3","25 Rue de Belfort 11000 Carcassonne","25","Rue de Belfort","Carcassonne","11000","11069","11","76","11069_0550_00025",647889.49,6235475.96,0.66,"adresse géocodée ban à l'adresse","25 Rue de Belfort
JARDINS DES REMPARTS I","25 Rue de Belfort
JARDINS DES REMPARTS I 11000 CARCASSONNE","CARCASSONNE",11000,0,,,"DIA-JME1-2512-023",,,,,,,,2188.2,454.4,593,83.5,254.1,13.7,28.6,760.9,"bonne","moyenne",,"moyenne",,"moyenne","très bonne",0.62,49843.2,25462.3,0,34337.2,0,3016,0,190495.2,139,90006.1,82628.5,0,4915.9,12944.7,100260.6,73,47371.6,43488.7,0,2587.3,6813,7183.7,5,3742.4,2826.8,0,178.5,436,"Électricité",100260.6,47371.6,43488.7,23106.4,10917.4,10022.5,7183.7,3742.4,2826.8,,,,,,,,,,,,,,,,,,,,,23106.4,10917.4,10022.5,0,596.3,1570.1,"Électricité","radiateur électrique NFC, NF** et NF***","installation individuelle","radiateur électrique NFC, NF** et NF***","Installation de chauffage simple","Radiateur électrique NFC, NF** et NF*** avec programmateur avec réduit (système individuel)",1822,454.5,,,"radiateur électrique NFC, NF** et NF***","Électricité","chauffage","Electrique - Radiateur électrique à inertie (modélisé comme un radiateur NFC, NF** et NF***)",1822,,,,,,"installation individuelle","radiateur électrique NFC, NF** et NF***","Installation de chauffage simple","Radiateur électrique NFC, NF** et NF*** avec programmateur avec réduit (système individuel)",1822,454.5,,,"radiateur électrique NFC, NF** et NF***","Électricité","chauffage","Electrique - Radiateur électrique à inertie (modélisé comme un radiateur NFC, NF** et NF***)",1822,,,,,,"Électricité","Ballon électrique à accumulation vertical Catégorie B ou 2 étoiles",,,"installation individuelle","Un seul système d'ECS sans solaire","Ballon électrique à accumulation vertical (catégorie B ou 2 étoiles), contenance ballon 150 L",1720.8,1,454.5,"Non affecté",,,,"Ballon électrique à accumulation vertical Catégorie B ou 2 étoiles","Électricité","ecs","Electrique - Ballon électrique à accumulation vertical (catégorie B ou 2 étoiles)",188.4,,1720.8,,,,,,,,,,,,0,,,,,,,,,,,,0,
"2659E0039476U","2026-01-07","2023-01-12","2026-01-07","2026-01-07","2036-01-06",,,,,,,"DPE 3CL 2021 méthode logement",2.6,"dpe appartement individuel","C","C","appartement",1970,"1948-1974","collectif","collectif",2.5,1,,1,,,6906,9.8,,"Lourde","inférieur à 400m","H1a","Rue Alexandre Desrousseaux (Lomme) 59000 Lille",,"Rue Alexandre Desrousseaux (Lomme)","Lille","59000","59350","59","32","59355_0075",700388.61,7059136.91,0.74,"adresse géocodée ban à l'adresse","RESIDENCE DU BEFFROI 4 RUE ALEXANDRE DESROUSSEAUX LOT 822","RESIDENCE DU BEFFROI 4 RUE ALEXANDRE DESROUSSEAUX LOT 822 59000 LILLE","LILLE",59000,0,,,"BRICE LOT 822 120122","Etage : 2ème 822","moyen",0,0,0,1,0,25.1,2.1,8.8,0,0,0,9.7,4.6,"insuffisante","insuffisante",,"très bonne",,"très bonne","insuffisante",2.37,802.1,654.6,0,550.9,0,129.1,0,2743.1,281,1007.6,1398.8,0,35,301.6,2583.6,264,1007.6,1398.8,0,18.4,158.7,247.3,25,98.7,137.1,0,1.3,10.2,"Réseau de Chauffage urbain",2406.4,1007.6,1398.8,214.7,89.9,124.8,235.8,98.7,137.1,"Électricité",177.2,0,0,38.3,0,0,11.4,0,0,,,,,,,,,,,252.9,89.9,124.8,0,6.4,31.9,"Réseau de Chauffage urbain","Réseau de chaleur isolé","installation collective","Plancher chauffant sur réseau collectif eau chaude basse ou moyenne température(inf 65°C)","Installation de chauffage simple","Réseau de chaleur isolé régulée, réseau isolé (système collectif). Emetteur(s): plancher chauffant",1007.6,9.8,,,"Réseau de chaleur isolé","Réseau de Chauffage urbain","chauffage + ecs","Réseau de chaleur isolé",1007.6,,,,,,,,,,,,,,,,,,,,,,,,"Réseau de Chauffage urbain","Réseau de chaleur isolé",,,"installation collective","Un seul système d'ECS sans solaire","Combiné au système de chauffage",1398.8,1,9.8,"Non affecté",,,,"Réseau de chaleur isolé","Réseau de Chauffage urbain","chauffage + ecs","Réseau de chaleur isolé",0,,1398.8,,,,,,,,,,,,0,,,,,,,,,,,,0,
"2606E0017721A","2026-01-05","2025-10-08","2026-01-05","2026-01-05","2036-01-04",,"2606E0017690V",,,,,"DPE 3CL 2021 méthode logement",2.6,"dpe appartement généré à partir des données DPE immeuble","C","C","appartement",,"2013-2021","collectif","collectif",2.5,24,3,1,,1,1547.4,49.4,,"Légère","inférieur à 400m","H3","255 Avenue de Peygros 06530 Peymeinade","255","Avenue de Peygros","Peymeinade","06530","06095","06","93","06095_0396_00255",1013651.91,6288465.36,0.97,"adresse non géocodée ban car aucune correspondance trouvée","255 AVENUE DE PEYGROS","255 AVENUE DE PEYGROS 06530 PEYMEINADE","PEYMEINADE",6530,0,,,"002EW662687","18",,,,,,,1959.6,498.7,238.4,65.8,124.1,0,364.1,668.5,"bonne","très bonne",,,"très bonne","bonne","très bonne",0.57,32148.8,25176.3,0,36938,0,37258.9,0,3263.7,66,1327.3,1442.7,0,177.9,315.8,3029.9,61,1327.3,1442.7,0,93.6,166.2,645.9,13,301.3,327.5,0,6.5,10.6,"Gaz naturel",2770,1327.3,1442.7,266.1,127.5,138.6,628.8,301.3,327.5,"Électricité",259.9,0,0,69.1,0,0,17.1,0,0,,,,,,,,,,,335.2,127.5,138.6,0,32.5,36.6,"Gaz naturel",,"installation collective","Radiateur bitube avec robinet thermostatique sur réseau collectif eau chaude basse ou moyenne température(inf 65°C)","Installation de chauffage simple","Chaudière collective gaz à condensation installée entre 2001 et 2015 avec équipement d'intermittence central collectif, réseau isolé. Emetteur(s): radiateur bitube avec robinet thermostatique",42551.1,1547.4,,,"Chaudière gaz à condensation 2001-2015","Gaz naturel","chauffage + ecs","Gaz Naturel - Chaudière gaz à condensation installée entre 2001 et 2015",42551.1,,,,,,,,,,,,,,,,,,,,,,,,"Gaz naturel",,,,"installation collective","Un seul système d'ECS avec solaire","Combiné au système de chauffage, contenance ballon 2000 L, couplé avec un système solaire",37839.7,1,1547.4,"ECS solaire seule sup 5 ans",25226493.8,0.4,,"Chaudière gaz à condensation 2001-2015","Gaz naturel","chauffage + ecs","Gaz Naturel - Chaudière gaz à condensation installée entre 2001 et 2015",2000,,37839.7,,,,,,,,,,,,0,,,,,,,"panneaux solaires thermiques",,,,,0,
"2675E0004081B","2026-01-02","2025-07-01","2026-01-02","2026-01-02","2036-01-01","2575E2183562F","2675E0004013L",,,,,"DPE 3CL 2021 méthode logement",2.6,"dpe appartement généré à partir des données DPE immeuble","E","D","appartement",,"avant 1948","collectif","individuel",2.5,195,6,1,,1,7089.1,27.7,,"Lourde","inférieur à 400m","H1a","62 Rue du Dessous des Berges 75013 Paris","62","Rue du Dessous des Berges","Paris","75013","75113","75","11","75113_2756_00062",654022.35,6858819.47,0.78,"adresse géocodée ban à l'adresse","BAT 2/ 62 RUE REGNAULT - 7/11 RUE DU DESSOUS DES BERGES","BAT 2/ 62 RUE REGNAULT - 7/11 RUE DU DESSOUS DES BERGES 75013 PARIS 13","PARIS 13",75013,0,,,"250701STH_ELOGIE_PARIS 1329698","Batiment 01053001010112",,,,,,,23904,2148,11877.2,1080.4,322.5,0,73.4,8402.5,"insuffisante","insuffisante",,"insuffisante",,"insuffisante","moyenne",1.99,1153265.1,190733,0,263865.1,0,4055.7,0,8862.4,319,5910.3,2626.2,0,99.5,226.4,7464,269,5910.3,1382.2,0,52.4,119.2,1176.8,42,1075.7,89.8,0,3.6,7.6,"Réseau de Chauffage urbain",5910.3,5910.3,0,527.3,527.3,0,1075.7,1075.7,0,"Électricité",1553.7,0,1382.2,454,0,414.2,101.1,0,89.8,,,,,,,,,,,981.3,527.3,414.2,0,15.7,24.1,"Réseau de Chauffage urbain",,"installation collective","Radiateur monotube avec robinet thermostatique sur réseau collectif eau chaude haute température(sup ou egal 65°C)","Installation de chauffage simple","Réseau de chaleur vertueux isolé avec équipement d'intermittence central collectif. Emetteur(s): radiateur monotube avec robinet thermostatique",8618.8,7089.1,,,"Réseau de chaleur isolé","Réseau de Chauffage urbain","chauffage","Réseau de chaleur isolé",8618.8,,,,,,,,,,,,,,,,,,,,,,,,"Électricité",,,,"installation individuelle","Un seul système d'ECS sans solaire","Ballon électrique à accumulation vertical (catégorie B ou 2 étoiles), contenance ballon 100 L",1691.4,1,708.9,"Non affecté",,,,"Ballon électrique à accumulation vertical Catégorie B ou 2 étoiles","Électricité","ecs","Electrique - Ballon électrique à accumulation vertical (catégorie B ou 2 étoiles)",100,,1691.4,,,,,,,,,,,,0,,,,,,,"réseau de chaleur ou de froid vertueux",,,,,0,
"2633E0007887V","2026-01-05","2025-12-22","2026-01-05","2026-01-05","2036-01-04",,,"YA75WSEYGFGK","Logiciel",,,"DPE 3CL 2021 méthode logement",2.6,"dpe maison individuelle","C","A","maison",,"1978-1982",,,2.5,,,2,,,,88.7,,"Légère","inférieur à 400m","H2c","Fleur 33490 Saint-Maixant",,"Fleur","Saint-Maixant","33490","33438","33","75","33438_b1r8ky",441970.39,6391035.24,0.42,"adresse géocodée ban à l'adresse","9 Quartier Fleur","9 Quartier Fleur 33490 ST MAIXANT","ST MAIXANT",33490,0,,,"BILLION/25/1979","Maison 2 niveaux","moyen",1,1,0,0,1,276.5,20.6,53.5,41.9,28.1,5.9,41.1,85.3,"moyenne","moyenne",,,"insuffisante","insuffisante","moyenne",0.71,9817.6,1118.3,714.8,2222.7,108.7,2555.6,440,12553.2,141,8176.2,3906.7,137.9,332.3,0,6606.9,74,4303.3,2056.2,72.6,174.9,0,490.3,5,340,133.7,4.6,12.1,0,"Électricité",6606.9,4303.3,2056.2,1422.3,926.4,442.6,490.3,340,133.7,,,,,,,,,,,,,,,,,,,,,1422.3,926.4,442.6,15.6,37.7,0,"Électricité",,"installation individuelle","radiateur électrique NFC, NF** et NF***","Installation de chauffage simple","Radiateur électrique NFC, NF** et NF*** (système individuel)",2365.5,25,,,"radiateur électrique NFC, NF** et NF***","Électricité","chauffage","Electrique - Radiateur électrique à inertie (modélisé comme un radiateur NFC, NF** et NF***)",2365.5,,,,,,"installation individuelle","Soufflage d'air chaud (air soufflé) avec distribution par fluide frigorigène","Installation de chauffage simple","PAC air/air sans réseau de distribution installée à partir de 2015 avec programmateur pièce par pièce (système individuel)",1937.7,63.7,,,"PAC air/air installée à partir de 2015","Électricité","chauffage","Electrique - PAC air/air sans réseau de distribution installée à partir de 2015",1937.7,,,,,,"Électricité",,,,"installation individuelle","Un seul système d'ECS sans solaire","Ballon électrique à accumulation vertical (catégorie B ou 2 étoiles), contenance ballon 200 L",2056.2,1,88.7,"Non affecté",,,,"Ballon électrique à accumulation vertical Catégorie B ou 2 étoiles","Électricité","ecs","Electrique - Ballon électrique à accumulation vertical (catégorie B ou 2 étoiles)",200,,2056.2,,,,,,,,,,,,0,"PAC air/air installée à partir de 2015","Électricité","A partir de 2015","Refroidissement - Electrique - Pompe à chaleur (divisé) - type split",63.7,72.6,"pompe à chaleur",,,,,0,
"2314E3597620Q","2026-01-09","2023-08-14","2023-08-14","2023-10-24","2033-08-13",,"2314E3597554C","2P2X86NSNRWT","Reprise RNB",,,"DPE 3CL 2021 méthode logement",2.3,"dpe appartement généré à partir des données DPE immeuble","C","A","appartement",2010,"2006-2012","mixte (collectif-individuel)","individuel",2.5,12,3,1,"T2",0,801.1,72.4,,"Légère","inférieur à 400m","H1a","5 Allée Lucie Aubrac 14120 Mondeville","5","Allée Lucie Aubrac","Mondeville","14120","14437","14","28","14437_0521_00005",457868.01,6902564.74,0.56,"adresse non géocodée ban car aucune correspondance trouvée","1-3-5 5 allée Lucie Aubrac - Logement 022","1-3-5 5 allée Lucie Aubrac - Logement 02214120 Mondeville","Mondeville",14120,,"RDC",,,"1-Bâtiment 1143.01-8-ESI 1143.01.01.0022 RPLS 16252265",,,,,,,1256.8,252.2,90,67.6,92.5,0,280.6,474,"moyenne","très bonne",,,,"bonne","bonne",0.75,42745,15129.3,0,25797430,0,16743600,0,9158.4,126.5,5817.3,4954.7,0,55.7,0,4820.2,66.6,2529.2,2154.2,0,24.2,0,349.3,4.8,199.8,140,0,1.7,0,"Électricité",4707.7,2529.2,2154.2,966,447.9,381.4,141.7,0,140,,,,,,,,,,,,,,,,,,,,,853.5,447.9,381.4,0,136.7,0,"Électricité","Panneau rayonnant électrique NFC, NF** et NF***","installation individuelle","Panneau rayonnant NFC, NF** et NF***","Installation de chauffage simple","Emission n°1",3390.3,72.4,,,"Panneau rayonnant électrique NFC, NF** et NF***","Électricité","chauffage","Generateur Effet joule",3390.3,,,,,,,,,,,,,,,,,,,,,,,,"Électricité","Ballon électrique à accumulation vertical Catégorie B ou 2 étoiles",,,"installation individuelle","Un seul système d'ECS sans solaire","ECS Electrique",2158,12,6,"Non affecté",,,,"Ballon électrique à accumulation vertical Catégorie B ou 2 étoiles","Électricité","ecs",,200,,2158,"Avant 2010",,,,,,,,,"Ventilation par ouverture des fenêtres",72.4,0,,,,,,,,"Solaire Photovoltaïque",0,,,0,
"2692E0029561S","2026-01-06","2025-11-04","2026-01-06","2026-01-06","2036-01-05",,,,,,,"DPE 3CL 2021 méthode logement",2.6,"dpe appartement individuel","C","C","appartement",,"1989-2000","collectif","collectif",2.5,1,,1,,,21453,18.5,,"Lourde","inférieur à 400m","H1a","23 Rue Louis Pouey 92800 Puteaux","23","Rue Louis Pouey","Puteaux","92800","92062","92","11","92062_5172_00023",644049.33,6865570.72,0.6,"adresse géocodée ban à l'adresse","23 Rue Louis Pouey","23 Rue Louis Pouey 92800 PUTEAUX","PUTEAUX",92800,0,,,"01/IMO/1253/F.B","38ème étage","insuffisant",0,0,0,1,0,43.7,2.6,1.2,0,0,0,29.6,10.4,"moyenne","moyenne",,"très bonne",,"très bonne","insuffisante",0.66,1303.3,758.4,0,850.6,0,856.5,0,4071,220,1906.6,1532,0,66.3,566.1,3771.5,204,1906.6,1532,0,34.9,298,626.7,33,335.6,269.6,0,2.4,19.1,"Réseau de Chauffage urbain",3438.6,1906.6,1532,306.8,170.1,136.7,605.2,335.6,269.6,"Électricité",332.8,0,0,71.8,0,0,21.5,0,0,,,,,,,,,,,378.5,170.1,136.7,0,12.1,59.7,"Réseau de Chauffage urbain","Réseau de chaleur isolé","installation collective","Radiateur bitube sans robinet thermostatique sur réseau collectif eau chaude haute température(sup ou egal 65°C)","Installation de chauffage simple","Réseau de chaleur vertueux isolé réseau isolé (système collectif). Emetteur(s): radiateur bitube sans robinet thermostatique",1906.6,18.5,,,"Réseau de chaleur isolé","Réseau de Chauffage urbain","chauffage + ecs","Réseau de chaleur isolé",1906.6,,,,,,,,,,,,,,,,,,,,,,,,"Réseau de Chauffage urbain","Réseau de chaleur isolé",,,"installation collective","Un seul système d'ECS sans solaire","Combiné au système de chauffage",1532,1,18.5,"Non affecté",,,,"Réseau de chaleur isolé","Réseau de Chauffage urbain","chauffage + ecs","Réseau de chaleur isolé",0,,1532,,,,,,,,,,,,0,,,,,,,"réseau de chaleur ou de froid vertueux",,,,,0,
"2650E0036638H","2026-01-07","2025-11-10","2026-01-07","2026-01-07","2036-01-06",,,"YYNY2SHR1A5D","Logiciel",,,"DPE 3CL 2021 méthode logement",2.6,"dpe maison individuelle","D","B","maison",,"1989-2000",,,2.5,,,1,,,,63.5,,"Moyenne","inférieur à 400m","H2a","6 Impasse de l'Aubépine 50590 Montmartin-sur-Mer","6","Impasse de l'Aubépine","Montmartin-sur-Mer","50590","50349","50","28","50349_0070_00006",369238.53,6885597.56,0.41,"adresse géocodée ban à l'adresse","6 IMPASSE DE L'AUBEPINE","6 IMPASSE DE L'AUBEPINE 50590 MONTMARTIN SUR MER","MONTMARTIN SUR MER",50590,0,,,"DPE-0219-01-0006-251110",,"moyen",1,1,0,0,1,171.4,10.9,32.2,7.3,31.6,11.8,18.5,59.2,"bonne","bonne",,"très bonne",,"insuffisante","moyenne",0.52,6424.2,1025.5,0,2060.6,0,1560.8,0,14521.8,228,10063.6,3647.5,0,228.1,582.5,7643.1,120,5296.6,1919.8,0,120.1,306.6,571.1,8,418.4,124.8,0,8.3,19.6,"Électricité",7643.1,5296.6,1919.8,1626.7,1127.3,408.6,571.1,418.4,124.8,,,,,,,,,,,,,,,,,,,,,1626.7,1127.3,408.6,0,25.6,65.3,"Électricité","Radiateur électrique à accumulation","installation individuelle","Radiateur électrique à accumulation","Installation de chauffage simple","Radiateur électrique à fluide caloporteur (modélisé comme un radiateur à accumulation) avec programmateur pièce par pièce (système individuel)",5296.6,63.5,,,"Radiateur électrique à accumulation","Électricité","chauffage","Electrique - Radiateur électrique à accumulation",5296.6,,,,,,,,,,,,,,,,,,,,,,,,"Électricité","Ballon électrique à accumulation vertical Autres ou inconnue",,,"installation individuelle","Un seul système d'ECS sans solaire","Ballon électrique à accumulation vertical (autres catégorie ou inconnue), contenance ballon 200 L",1919.8,1,63.5,"Non affecté",,,,"Ballon électrique à accumulation vertical Autres ou inconnue","Électricité","ecs","Electrique - Ballon électrique à accumulation vertical (autres catégorie ou inconnue)",200,,1919.8,,,,,,,,,,,,0,,,,,,,,,,,,0,
"2684E0024134R","2026-01-06","2025-12-09","2026-01-06","2026-01-06","2036-01-05","2584E3913541F","2684E0023804Z",,,,,"DPE 3CL 2021 méthode logement",2.6,"dpe appartement généré à partir des données DPE immeuble","C","C","appartement",,"1948-1974","collectif","collectif",2.5,37,5,1,,1,2585,75,,"Très lourde","inférieur à 400m","H2d",,,,,,,,,,,,,"adresse non géocodée ban car aucune correspondance trouvée","STCHAMAND BAT B2 - ENTREE 25/26/27/28","STCHAMAND BAT B2 - ENTREE 25/26/27/28 84000 AVIGNON","AVIGNON",84000,0,,,"002EX061353","0175-006717",,,,,,,4734.7,514.6,903.9,81.6,666.2,0,968.1,1600.3,"moyenne","insuffisante",,,"très bonne","insuffisante","moyenne",0.8,108606.4,41503.8,0,57904.6,0,70601.8,0,8912.7,118,3572.4,4601.9,0,281.2,457.2,8562.9,114,3572.4,4601.9,0,148,240.6,1881.2,25,810.9,1044.6,0,10.2,15.4,"Réseau de Chauffage urbain",8174.3,3572.4,4601.9,729.2,318.7,410.5,1855.6,810.9,1044.6,"Électricité",388.6,0,0,102.3,0,0,25.6,0,0,,,,,,,,,,,831.5,318.7,410.5,0,51.4,50.9,"Réseau de Chauffage urbain","Chaudière(s) gaz multi bâtiment modélisée comme un réseau de chaleur","installation collective multi-bâtiment : modélisée comme un réseau de chaleur","Radiateur bitube avec robinet thermostatique sur réseau collectif eau chaude haute température(sup ou egal 65°C)","Installation de chauffage simple","Chaudière collective(s) gaz multi bâtiment modélisée comme un réseau de chaleur avec équipement d'intermittence central collectif. Emetteur(s): radiateur bitube avec robinet thermostatique",139466.6,2585,,,"Chaudière(s) gaz multi bâtiment modélisée comme un réseau de chaleur","Réseau de Chauffage urbain","chauffage + ecs","Réseau de chaleur - Chaudière(s) gaz multi bâtiment modélisée comme un réseau de chaleur",139466.6,,,,,,,,,,,,,,,,,,,,,,,,"Réseau de Chauffage urbain","Chaudière(s) gaz multi bâtiment modélisée comme un réseau de chaleur",,,"installation collective","Un seul système d'ECS sans solaire","Combiné au système de chauffage",164697.5,1,2585,"Non affecté",,,,"Chaudière(s) gaz multi bâtiment modélisée comme un réseau de chaleur","Réseau de Chauffage urbain","chauffage + ecs","Réseau de chaleur - Chaudière(s) gaz multi bâtiment modélisée comme un réseau de chaleur",0,,164697.5,,,,,,,,,,,,0,,,,,,,,,,,,0,
"2601E0050971R","2026-01-08","2025-12-11","2026-01-08","2026-01-08","2036-01-07",,,,,,,"DPE 3CL 2021 méthode logement",2.6,"dpe appartement individuel","D","D","appartement",1982,"1978-1982","individuel","individuel",2.5,,,1,,,,90,,"Légère","inférieur à 400m","H1c","22 Rue du Ban Thévenin 01800 Meximieux","22","Rue du Ban Thévenin","Meximieux","01800","01244","01","84","01244_0060_00022",870188.97,6536445.33,0.8,"adresse géocodée ban à l'adresse","22 rue du Ban Thévenin","22 rue du Ban Thévenin 01800 MEXIMIEUX","MEXIMIEUX",1800,4,,"Bâtiment Les Russoles",,,"moyen",1,1,0,0,1,191.6,15.1,80,12,0,0.7,14,69.8,"bonne","insuffisante",,"très bonne",,,"très bonne",0.58,7752.8,1395.6,0,2215818,0,1105890.8,0,15478.2,171.9,12034.4,2342.8,0,318,783,14956.7,166.2,12034.4,2342.8,0,167.4,412.1,3301.5,36.6,2731.8,531.8,0,11.5,26.4,"Gaz naturel",14377.2,12034.4,2342.8,1546,1294,252,3263.6,2731.8,531.8,"Électricité",579.5,0,0,201,0,0,37.9,0,0,,,,,,,,,,,1747,1294,252,0,58,143,"Gaz naturel","Chaudière gaz standard 2001-2015","installation individuelle","Radiateur bitube sans robinet thermostatique sur réseau individuel eau chaude basse ou moyenne température(inf 65°C)","Installation de chauffage simple","Chauffage sans solaire",12034.4,90,,,"Chaudière gaz standard 2001-2015","Gaz naturel","chauffage + ecs","Chaudière standard",12034.4,,,,,,,,,,,,,,,,,,,,,,,,"Gaz naturel","Chaudière gaz standard 2001-2015",,,"installation individuelle","Un seul système d'ECS sans solaire","Chaudière standard Gaz naturel",2342.8,1,90,"Non affecté",,,,"Chaudière gaz standard 2001-2015","Gaz naturel","chauffage + ecs","Chaudière standard",0,,2342.8,,,,,,,,,,,,0,,,,,,,,,,,,0,
"2691E0052034A","2026-01-08","2025-08-14","2026-01-08","2026-01-08","2036-01-07","2591E2626071K",,,,,,"DPE 3CL 2021 méthode logement",2.6,"dpe appartement individuel","C","C","appartement",,"1975-1977","collectif","collectif",2.5,1,,1,,,9000,100,,"Lourde","inférieur à 400m","H1a","4 Residence Tournemire 91940 Les Ulis","4","Residence Tournemire","Les Ulis","91940","91692","91","11","91692_a107_00004",638536.09,6843324.46,0.62,"adresse géocodée ban à l'adresse","14 Residence Tournemire","14 Residence Tournemire 91940 Les Ulis, France","Les Ulis, France",91940,0,,,"25/IMO/1747","5","insuffisant",0,1,0,1,0,199.2,17.4,28.6,0,0,0,84.5,68.7,"insuffisante","insuffisante",,"très bonne",,"très bonne","insuffisante",2.75,7062.8,1489.3,0,2970.6,0,2892.6,0,14033.7,140,9785.4,1993.7,0,359.1,1895.6,12965.7,129,9785.4,1993.7,0,189,997.7,1160.6,11,900.3,183.4,0,13,63.9,"Réseau de Chauffage urbain",11779.1,9785.4,1993.7,1050.8,873,177.9,1083.7,900.3,183.4,"Électricité",1186.7,0,0,266,0,0,76.9,0,0,,,,,,,,,,,1316.8,873,177.9,0,65.6,200.4,"Réseau de Chauffage urbain","Réseau de chaleur isolé","installation collective","Radiateur monotube avec robinet thermostatique sur réseau collectif eau chaude haute température(sup ou egal 65°C)","Installation de chauffage simple","Réseau de chaleur vertueux isolé avec équipement d'intermittence central collectif. Emetteur(s): radiateur monotube avec robinet thermostatique",9785.4,100,,,"Réseau de chaleur isolé","Réseau de Chauffage urbain","chauffage + ecs","Réseau de chaleur isolé",9785.4,,,,,,,,,,,,,,,,,,,,,,,,"Réseau de Chauffage urbain","Réseau de chaleur isolé",,,"installation collective","Un seul système d'ECS sans solaire","Combiné au système de chauffage",1993.7,1,100,"Non affecté",,,,"Réseau de chaleur isolé","Réseau de Chauffage urbain","chauffage + ecs","Réseau de chaleur isolé",0,,1993.7,,,,,,,,,,,,0,,,,,,,"réseau de chaleur ou de froid vertueux",,,,,0,
"2633E0049715P","2026-01-08","2022-09-12","2026-01-08","2026-01-08","2036-01-07",,,,,,,"DPE 3CL 2021 méthode logement",2.6,"dpe appartement individuel","D","B","appartement",,"avant 1948","individuel","individuel",2.9,1,,1,,,,33.9,,"Lourde","inférieur à 400m","H2c",,,,,,,,,,,,,"adresse non géocodée ban car aucune correspondance trouvée","4 Rue Laboye
(étage 1 /appt 2: porte droite)","4 Rue Laboye
(étage 1 /appt 2: porte droite) 33000 BORDEAUX","BORDEAUX",33000,0,,,"LPM120922-02(02)",,"insuffisant",0,1,0,1,1,71.3,4.1,14.9,4.4,0,5.9,13.6,28.5,"très bonne","insuffisante",,"bonne",,"très bonne","insuffisante",0.3,1862.1,856.3,0,1104.6,0,647.6,0,6771,200,3411,2805.5,0,126.9,427.6,3563.7,105,1795.3,1476.6,0,66.8,225.1,256.8,7,141.8,96,0,4.6,14.4,"Électricité",3563.7,1795.3,1476.6,833.3,419.8,345.3,256.8,141.8,96,,,,,,,,,,,,,,,,,,,,,833.3,419.8,345.3,0,15.6,52.6,"Électricité","radiateur électrique NFC, NF** et NF***","installation individuelle","radiateur électrique NFC, NF** et NF***","Installation de chauffage simple","Radiateur électrique NFC, NF** et NF*** (système individuel)",1795.3,33.9,,,"radiateur électrique NFC, NF** et NF***","Électricité","chauffage","Electrique - Radiateur électrique à inertie (modélisé comme un radiateur NFC, NF** et NF***)",1795.3,,,,,,,,,,,,,,,,,,,,,,,,"Électricité","Ballon électrique à accumulation vertical Autres ou inconnue",,,"installation individuelle","Un seul système d'ECS sans solaire","Ballon électrique à accumulation vertical (autres catégorie ou inconnue), contenance ballon 150 L",1476.6,1,33.9,"Non affecté",,,,"Ballon électrique à accumulation vertical Autres ou inconnue","Électricité","ecs","Electrique - Ballon électrique à accumulation vertical (autres catégorie ou inconnue)",150,,1476.6,,,,,,,,,,,,0,,,,,,,,,,,,0,
"2531E0333731E","2026-01-08","2025-01-30","2025-01-30","2025-01-30","2035-01-29",,,"1QVEVSY4F47H","Reprise RNB",,,"DPE 3CL 2021 méthode logement",2.4,"dpe maison individuelle","C","C","maison",2004,"2001-2005",,,2.6,,,1,,,,103.2,,"Légère","inférieur à 400m","H2c","4 Rue Marguerite Yourcenar 31240 Saint-Jean","4","Rue Marguerite Yourcenar","Saint-Jean","31240","31488","31","76","31488_0429_00004",578605.92,6286670.99,0.58,"adresse géocodée ban à l'adresse","4 Rue Marguerite Yourcenar","4 Rue Marguerite Yourcenar 31240 ST JEAN","ST JEAN",31240,0,,,"31240/25/01/1798",,"moyen",1,1,0,0,1,232.6,27,44.4,9,25.2,10.3,20,96.8,"très bonne","bonne",,"très bonne",,"bonne","bonne",0.4,8194.1,1183,0,2517.2,0,1573.5,0,12661.8,122.6,9278.8,2060.4,0,448.2,1152.9,12035.3,116,9278.8,2060.4,0,194.9,501.2,2619.5,25,2106.3,467.7,0,13.4,32.1,"Gaz naturel",11339.2,9278.8,2060.4,1257.9,1029.3,228.6,2574,2106.3,467.7,"Électricité",696.1,0,0,241.7,0,0,45.5,0,0,,,,,,,,,,,1499.6,1029.3,228.6,0,67.7,174,"Gaz naturel","Chaudière gaz à condensation 2001-2015","installation individuelle","Radiateur bitube avec robinet thermostatique sur réseau individuel eau chaude basse ou moyenne température(inf 65°C)","Installation de chauffage simple","Chaudière individuelle gaz à condensation installée entre 2001 et 2015 régulée, avec programmateur avec réduit. Emetteur(s): radiateur bitube avec robinet thermostatique",9278.8,103.2,,,"Chaudière gaz à condensation 2001-2015","Gaz naturel","chauffage + ecs","Gaz Naturel - Chaudière gaz à condensation installée entre 2001 et 2015",9278.8,,,,,,,,,,,,,,,,,,,,,,,,"Gaz naturel","Chaudière gaz à condensation 2001-2015",,,"installation individuelle","Un seul système d'ECS sans solaire","Combiné au système de chauffage",2060.4,1,103.2,"Non affecté",,,,"Chaudière gaz à condensation 2001-2015","Gaz naturel","chauffage + ecs","Gaz Naturel - Chaudière gaz à condensation installée entre 2001 et 2015",0,,2060.4,,,,,,,,,,"VMC SF Auto réglable de 2001 à 2012",103.2,0,,,,,,,"panneaux solaires photovoltaïques","Solaire Photovoltaïque",1,28.8,24,11929,
"2150E0774354U","2026-01-06","2021-07-01","2021-07-01","2021-11-25","2031-06-30",,,,,,,"DPE 3CL 2021 méthode logement",1.1,"dpe maison individuelle","C","C","maison",1985,"1983-1988",,,2.5,1,1,1,,0,64,64,,,,,"Résidence le Verger 50640 Le Teilleul",,"Résidence le Verger","Le Teilleul","50640","50591","50","28","50591_A061",414242.05,6833103.76,0.79,"adresse non géocodée ban car aucune correspondance trouvée","Résidence le Verger","Résidence le Verger50640 LE TEILLEUL","LE TEILLEUL",50640,,,,,,,,,,,,,,,,,,,,"bonne","bonne",,,"très bonne","bonne","très bonne",0.52,,,,,,,,7581.5,118.4,7170.1,0,0,278.2,419.7,3990.2,62.3,3117.4,0,0,121,182.5,256,4,246.3,0,0,8.3,11.7,"Électricité",3990.2,3117.4,0,727,568,0,302.7,246.3,0,,,,,,,,,,,,,,,,,,,,,727,568,0,0,22,33,"Électricité",,,,,,,,,,,,,,,,,,,,,,,,,,,,,,,,,,,,,,"Non affecté",,,,,,,,,,,,,,,,,,,,,,,,,,,,,,,,0,,,,,,,,,,,,0,
"2314E3333378M","2026-01-09","2023-09-19","2023-09-19","2023-10-04","2033-09-18",,"2314E3332853H","M2SW75REEZ38","Reprise RNB",,,"DPE 3CL 2021 méthode logement",2.3,"dpe appartement généré à partir des données DPE immeuble","D","D","appartement",1964,"1948-1974","mixte (collectif-individuel)","individuel",2.5,27,5,1,,0,1704,60,,"Très lourde","inférieur à 400m","H1a","5 Allée du Parc 14100 Lisieux","5","Allée du Parc","Lisieux","14100","14366","14","28","14366_1087_00005",498856.53,6897264.05,0.7,"adresse non géocodée ban car aucune correspondance trouvée","1/3/5 ALLEE DU PARC","1/3/5 ALLEE DU PARC14100 LISIEUX","LISIEUX",14100,,,,,"1-Bâtiment C-16-0152.03.01.0016.DPE.20230919",,,,,,,4966.3,1253.7,1118.4,35.4,145,3.6,906.1,1504.2,"moyenne","moyenne",,,,"insuffisante","moyenne",0.8,194699.3,33364.7,0,55615800,0,62345060,0,10353.9,172.5,7558.1,2021.6,0,75.7,100.7,9987.1,166.5,7558.1,2021.6,0,32.9,43.8,2201.2,36.6,1715.7,458.9,0,2.3,2.8,"Gaz naturel",9579.6,7558.1,2021.6,855.8,675.2,180.6,0,0,0,"Électricité",76.7,0,0,264.3,0,0,5.1,0,0,,,,,,,,,,,974,675.2,180.6,0,113.4,150.9,"Gaz naturel","Chaudière gaz à condensation 2001-2015","installation individuelle","Radiateur bitube sans robinet thermostatique sur réseau individuel eau chaude haute température(sup ou egal 65°C)","Installation de chauffage simple","Emission n°1",9759.6,60,,,"Chaudière gaz à condensation 2001-2015","Gaz naturel","chauffage + ecs","Chaudière gaz condensation entre 2001 et 2015",9759.6,,,,,,,,,,,,,,,,,,,,,,,,"Gaz naturel","Chaudière gaz à condensation 2001-2015",,,"installation individuelle","Un seul système d'ECS sans solaire","Générateur mixte (chauffage + ecs)",2052.5,27,2.2,"Non affecté",,,,"Chaudière gaz à condensation 2001-2015","Gaz naturel","chauffage + ecs",,0,,2052.5,"2010-2014",,,,,,,,,"VMC SF Hygro B après 2012",60,1,,,,,,,,"Solaire Photovoltaïque",0,,,0,
"2647E0006686E","2026-01-04","2026-01-02","2026-01-04","2026-01-04","2036-01-03",,,"JDM6MANZ4DHT","Logiciel",,,"DPE 3CL 2021 méthode logement",2.6,"dpe maison individuelle","B","A","maison",,"1948-1974",,,2.3,,,2,,,,173.5,,"Moyenne","inférieur à 400m","H2c","3 Rue des Cosmonautes 47300 Pujols","3","Rue des Cosmonautes","Pujols","47300","47215","47","75","47215_0060_00003",517059.19,6368601.52,0.49,"adresse géocodée ban à l'adresse","3 Rue des Cosmonautes","3 Rue des Cosmonautes 47300 Pujols, France","Pujols, France",47300,0,,,"25/DEER/6035",,"insuffisant",0,1,0,0,1,560.9,23.6,255.6,11.9,46,5,84.7,134.1,"insuffisante","insuffisante",,"très bonne",,"insuffisante","moyenne",1.05,19664.7,1495,1770.6,3937.2,192.6,5069.5,1218.6,12981.2,74,9409.5,598.9,995.9,650.6,1326.3,6832.2,39,4952.4,315.2,524.2,342.4,698.1,513.6,2,391.2,20.5,33.5,23.6,44.7,"Électricité",6832.2,4952.4,315.2,1466.7,1063.2,67.7,513.6,391.2,20.5,,,,,,,,,,,,,,,,,,,,,1466.7,1063.2,67.7,112.5,73.5,149.9,"Électricité",,"installation individuelle","Radiateur bitube avec robinet thermostatique sur réseau individuel eau chaude basse ou moyenne température(inf 65°C)","Installation de chauffage simple","PAC air/eau installée à partir de 2017 avec programmateur pièce par pièce, réseau isolé (système individuel). Emetteur(s): radiateur bitube avec robinet thermostatique",3221.6,117.5,,,"PAC air/eau installée après 2017","Électricité","chauffage","Electrique - PAC air/eau installée à partir de 2017",3221.6,,,,,,"installation individuelle","Soufflage d'air chaud (air soufflé) avec distribution par réseau aéraulique","Installation de chauffage simple","PAC air/air installée à partir de 2015 avec programmateur pièce par pièce, réseau isolé (système individuel)",1730.8,56,,,"PAC air/air installée à partir de 2015","Électricité","chauffage","Electrique - PAC air/air sans réseau de distribution installée à partir de 2015",1730.8,,,,,,"Électricité",,,,"installation individuelle","Un seul système d'ECS sans solaire","Chauffe-eau thermodynamique sur air ambiant (sur local non chauffé) installé à partir de 2015, contenance ballon 250 L",315.2,1,173.5,"Non affecté",,,,"CET sur air ambiant (sur local non chauffé) après 2014","Électricité","ecs","Electrique - Chauffe-eau thermodynamique sur air ambiant (sur local non chauffé) installé à partir de 2015",250,5.1,315.2,"A partir de 2015",,,,,,,,,,,0,"PAC air/air installée à partir de 2015","Électricité","A partir de 2015","Refroidissement - Electrique - Pompe à chaleur air/air",173.5,524.2,"Il existe plusieurs descriptifs ENR",,,,,0,
"2633E0027829V","2026-01-06","2026-01-06","2026-01-06","2026-01-06","2036-01-05",,,"CF597VQSE323","Logiciel",,,"DPE 3CL 2021 méthode logement",2.6,"dpe appartement individuel","C","B","appartement",,"avant 1948","individuel","individuel",2.5,1,,1,,,,74,,"Légère","inférieur à 400m","H2c","51 Cours Victor Hugo 33000 Bordeaux","51","Cours Victor Hugo","Bordeaux","33000","33063","33","75","33063_9315_00051",418061.14,6421537.73,0.82,"adresse géocodée ban à l'adresse","51 Cours Victor Hugo","51 Cours Victor Hugo 33000 Bordeaux, France","Bordeaux, France",33000,0,,,"2025/11818","2eme étage","insuffisant",0,1,0,0,0,130.5,6.8,39.5,0,0,6,24.2,54.1,"moyenne","moyenne",,"très bonne",,"très bonne","bonne",0.72,3954.7,1184.3,0,2004,0,1078.3,0,11731,158,7174.8,3429.7,0,277.2,849.3,6174.2,83,3776.2,1805.1,0,145.9,447,454.3,6,298.3,117.3,0,10.1,28.6,"Électricité",6174.2,3776.2,1805.1,1403.9,823.4,393.6,454.3,298.3,117.3,,,,,,,,,,,,,,,,,,,,,1403.9,823.4,393.6,0,31.8,155.2,"Électricité","Panneau rayonnant électrique NFC, NF** et NF***","installation individuelle","Panneau rayonnant NFC, NF** et NF***","Installation de chauffage simple","Panneau rayonnant électrique NFC, NF** et NF*** avec programmateur sans réduit (système individuel)",3776.2,74,,,"Panneau rayonnant électrique NFC, NF** et NF***","Électricité","chauffage","Electrique - Panneau rayonnant électrique NFC, NF** et NF***",3776.2,,,,,,,,,,,,,,,,,,,,,,,,"Électricité","Ballon électrique à accumulation vertical Catégorie B ou 2 étoiles",,,"installation individuelle","Un seul système d'ECS sans solaire","Ballon électrique à accumulation vertical (catégorie B ou 2 étoiles), contenance ballon 150 L",1805.1,1,74,"Non affecté",,,,"Ballon électrique à accumulation vertical Catégorie B ou 2 étoiles","Électricité","ecs","Electrique - Ballon électrique à accumulation vertical (catégorie B ou 2 étoiles)",150,,1805.1,,,,,,,,,,,,0,,,,,,,,,,,,0,
"2624E0060261W","2026-01-09","2026-01-09","2026-01-09","2026-01-09","2036-01-08",,,"8XBYTY9G28H5","Logiciel",,,"DPE 3CL 2021 méthode logement",2.6,"dpe appartement individuel","C","C","appartement",,"1989-2000","individuel","individuel",2.5,1,,2,,,,88,,"Moyenne","inférieur à 400m","H2c","18 Rue de Vesone 24000 Périgueux","18","Rue de Vesone","Périgueux","24000","24322","24","75","24322_4220_00018",520392.54,6455598.8,0.65,"adresse géocodée ban à l'adresse","18 Rue de Vesone","18 Rue de Vesone 24000 PERIGUEUX","PERIGUEUX",24000,0,,,"DPE________108401811","Logement n°11","moyen",1,1,0,0,1,193.7,25.9,50,17.8,0,10,22.1,68,"bonne","moyenne",,"moyenne",,"très bonne","moyenne",0.48,5968.1,1271.6,0,2302.6,0,2136.3,0,13030.5,148,9169.2,2130.3,0,329.9,1401.1,12210.5,138,9169.2,2130.3,0,173.6,737.4,2624.2,29,2081.4,483.6,0,12,47.2,"Gaz naturel",11299.5,9169.2,2130.3,1254.1,1017.7,236.4,2565,2081.4,483.6,"Électricité",911,0,0,316.3,0,0,59.2,0,0,,,,,,,,,,,1570.4,1017.7,236.4,0,60.3,256,"Gaz naturel","Chaudière gaz standard 1991-2000","installation individuelle","Radiateur monotube avec robinet thermostatique sur réseau individuel eau chaude haute température(sup ou egal 65°C)","Installation de chauffage simple","Chaudière individuelle gaz  avec programmateur avec réduit. Emetteur(s): radiateur avec robinet thermostatique",9169.2,88,,,"Chaudière gaz standard 1991-2000","Gaz naturel","chauffage + ecs","Gaz Naturel - Chaudière gaz standard installée entre 1991 et 2000",9169.2,,,,,,,,,,,,,,,,,,,,,,,,"Gaz naturel","Chaudière gaz standard 1991-2000",,,"installation individuelle","Un seul système d'ECS sans solaire","Combiné au système de chauffage",2130.3,1,88,"Non affecté",,,,"Chaudière gaz standard 1991-2000","Gaz naturel","chauffage + ecs","Gaz Naturel - Chaudière gaz standard installée entre 1991 et 2000",0,,2130.3,,,,,,,,,,,,0,,,,,,,,,,,,0,
"2678E0063567C","2026-01-09","2026-01-08","2026-01-09","2026-01-09","2036-01-08",,,,,,,"DPE 3CL 2021 méthode logement",2.6,"dpe appartement individuel","D","D","appartement",1965,"1948-1974","collectif","individuel",2.8,1,,1,,,1048,60.8,,"Très lourde","inférieur à 400m","H1a",,,,,,,,,,,,,"adresse non géocodée ban car aucune correspondance trouvée","5 BIS RUE DE TOURVILLE","5 BIS RUE DE TOURVILLE 78100 SAINT GERMAIN EN LAYE","SAINT GERMAIN EN LAYE",78100,1,,,,"GAUCHE","bon",1,1,1,1,1,164.8,24.5,69.6,0,0,3.3,14.2,53.1,"insuffisante","insuffisante",,,"très bonne","très bonne","bonne",2.11,7101.5,1219.9,0,2003033.6,0,1057261.8,0,11826.4,194,9612.2,1639.6,0,218.4,356.2,11554.2,190,9612.2,1639.6,0,114.9,187.5,2574.1,42,2182,372.2,0,7.9,12,"Gaz naturel",11251.8,9612.2,1639.6,1309.1,1094,215.1,14.6,12.5,2.1,"Électricité",302.4,187.5,0,39.9,0,0,0.4,0.2,0,,,,,,,,,,,1414.1,1094,215.1,0,39.9,65.1,"Gaz naturel","Chaudière gaz à condensation après 2015","installation collective","Radiateur bitube sans robinet thermostatique sur réseau collectif eau chaude basse ou moyenne température(inf 65°C)","Installation de chauffage simple","Installation de chauffage seul classique",9612.2,60.8,,,"Chaudière gaz à condensation après 2015","Gaz naturel","chauffage","Générateur 1",9612.2,,,,,,,,,,,,,,,,,,,,,,,,"Gaz naturel","Chauffe-eau gaz à production instantanée après 2015",,,"installation individuelle","Un seul système d'ECS sans solaire","Installation ECS 1",1639.6,1,60.8,"Non affecté",,,,"Chauffe-eau gaz à production instantanée après 2015","Gaz naturel","ecs","Générateur Ecs 1",0,,1639.6,,,,,,,,,,,,0,,,,,,,,,,,,0,
"2671E0006693J","2026-01-04","2025-12-31","2026-01-04","2026-01-04","2036-01-03",,,,,,,"DPE 3CL 2021 méthode logement",2.6,"dpe maison individuelle","F","E","maison",1973,"1948-1974",,,2.5,,,1,,,,95.4,,"Moyenne","inférieur à 400m","H1c","358 Rue de Toulon 71410 Sanvignes-les-Mines","358","Rue de Toulon","Sanvignes-les-Mines","71410","71499","71","27","71499_0770_00358",798159.49,6618994.42,0.57,"adresse géocodée ban à l'adresse","358 Rue de Toulon","358 Rue de Toulon 71410 Sanvignes-les-Mines, France","Sanvignes-les-Mines, France",71410,0,,,"25PRIMALOT2702",,"insuffisant",0,1,0,0,1,519.9,39.1,160.3,28,125.3,20.2,43.9,103.1,"insuffisante","insuffisante",,"insuffisante",,"insuffisante","moyenne",1.34,24933.7,1248.2,0,2465.1,0,2920.3,0,35840.8,375,32704,2196.5,0,337.2,603.1,35395.4,370,32704,2196.5,0,177.5,317.4,5534.5,57,5003.3,498.6,0,12.2,20.3,"Gaz naturel",22613.6,20417.1,2196.5,2327.6,2101.5,226.1,5133.3,4634.7,498.6,"Bois – Bûches",12286.8,12286.8,0,516,516,0,368.6,368.6,0,"Électricité",494.9,0,0,171.8,0,0,32.6,0,0,3015.5,2617.5,226.1,0,61.6,110.2,"Gaz naturel",,"installation individuelle","Poêle bois","Installation de chauffage avec insert ou poêle bois en appoint","Chaudière individuelle gaz basse température installée entre 2001 et 2015 avec en appoint un insert installé avant 1990 réseau isolé. Emetteur(s): radiateur bitube avec robinet thermostatique",32704,95.4,,,"Chaudière gaz basse température 2001-2015","Gaz naturel","chauffage + ecs","Gaz Naturel - Chaudière gaz basse température installée entre 2001 et 2015",20417.1,"insert installé avant 1990","Bois – Bûches","chauffage","Bois - Insert installé avant 1990",12286.8,,,,,,,,,,,,,,,,,,,"Gaz naturel",,,,"installation individuelle","Un seul système d'ECS sans solaire","Combiné au système de chauffage",2196.5,1,95.4,"Non affecté",,,,"Chaudière gaz basse température 2001-2015","Gaz naturel","chauffage + ecs","Gaz Naturel - Chaudière gaz basse température installée entre 2001 et 2015",0,,2196.5,,,,,,,,,,,,0,,,,,,,"chauffage au bois",,,,,0,
"2349E4107362L","2026-01-06","2023-11-29","2023-11-30","2023-11-30","2033-11-29","2349E4107059U","2349E4107286N",,,,,"DPE 3CL 2021 méthode logement",2.3,"dpe appartement généré à partir des données DPE immeuble","C","A","appartement",,"2006-2012","individuel","individuel",2.5,9,3,1,,1,563.7,68.1,,"Légère","inférieur à 400m","H2b","Rue de l'Église (Roussay) 49450 Sèvremoine",,"Rue de l'Église (Roussay)","Sèvremoine","49450","49301","49","52","49301_1707",391779.76,6673559.01,0.56,"adresse géocodée ban à l'adresse","72 RUE CHOLETAISE
ETS CHOLETAISE","72 RUE CHOLETAISE
ETS CHOLETAISE 49450 SEVREMOINE","SEVREMOINE",49450,0,,,"MA2207091512","1620-0015",,,,,,,843.6,217.4,158.1,13.9,38.6,6.8,94,314.7,"bonne","bonne",,"très bonne",,"bonne","très bonne",0.5,24367.5,10713.1,0,17895.3,0,12126.8,0,8800.9,129.1,5117.8,4749.9,0,293.7,492.3,4632,67,2225.1,2065.2,0,127.7,214,332.5,4,175.8,134.2,0,8.8,13.7,"Électricité",4632,2225.1,2065.2,839.6,400.3,371.6,332.5,175.8,134.2,,,,,,,,,,,,,,,,,,,,,839.6,400.3,371.6,0,23,44.8,"Électricité","Convecteur électrique NFC, NF** et NF***","installation individuelle","Convecteur électrique NFC, NF** et NF***","Installation de chauffage simple","Convecteur électrique NFC, NF** et NF*** avec programmateur avec réduit (système individuel)",2639.3,187.9,,,"Convecteur électrique NFC, NF** et NF***","Électricité","chauffage","Electrique - Convecteur électrique NFC, NF** et NF***",2639.3,,,,,,"installation individuelle","Convecteur électrique NFC, NF** et NF***","Installation de chauffage simple","Convecteur électrique NFC, NF** et NF*** avec programmateur avec réduit (système individuel)",2639.3,187.9,,,"Convecteur électrique NFC, NF** et NF***","Électricité","chauffage","Electrique - Convecteur électrique NFC, NF** et NF***",2639.3,,,,,,"Électricité","Ballon électrique à accumulation vertical Catégorie B ou 2 étoiles",,,"installation individuelle","Un seul système d'ECS sans solaire","Ballon électrique à accumulation vertical (catégorie B ou 2 étoiles), contenance ballon 150 L",2073.4,1,187.9,"Non affecté",,,,"Ballon électrique à accumulation vertical Catégorie B ou 2 étoiles","Électricité","ecs","Electrique - Ballon électrique à accumulation vertical (catégorie B ou 2 étoiles)",150,,2073.4,,,,,,,,,,"VMC SF Hygro B après 2012",563.7,1,,,,,,,"panneaux solaires photovoltaïques","Solaire Photovoltaïque",1,48.7,,2062.2,
"2675E0046936I","2026-01-08","2026-01-08","2026-01-08","2026-01-08","2036-01-07",,,,,,"AC5518204","DPE 3CL 2021 méthode logement",2.6,"dpe appartement individuel","E","C","appartement",,"avant 1948","individuel","individuel",2.6,1,,1,,,,43.6,,"Moyenne","inférieur à 400m","H1a","32 Rue Eugène Süe 75018 Paris","32","Rue Eugène Süe","Paris","75018","75118","75","11","75118_3440_00032",652217.07,6865913.78,0.73,"adresse géocodée ban à l'adresse","32 Rue Eugène Süe","32 Rue Eugène Süe 75018 PARIS","PARIS",75018,0,,,"060126.13799","4ème étage à gauche","insuffisant",0,1,0,0,0,138.8,12,62.8,0,0,1.9,12.3,49.8,"moyenne","insuffisante",,"très bonne",,"très bonne","bonne",0.7,6231.6,1067.2,0,1409.2,0,265.3,0,13491.8,309,10371.3,2963.8,0,156.6,0,7100.9,162,5458.6,1559.9,0,82.4,0,538.3,12,431.2,101.4,0,5.7,0,"Électricité",7100.9,5458.6,1559.9,1519.7,1168.2,333.9,538.3,431.2,101.4,,,,,,,,,,,,,,,,,,,,,1519.7,1168.2,333.9,0,17.6,0,"Électricité","radiateur électrique NFC, NF** et NF***","installation individuelle","radiateur électrique NFC, NF** et NF***","Installation de chauffage simple","Radiateur électrique NFC, NF** et NF*** avec programmateur pièce par pièce (système individuel)",5458.6,43.6,,,"radiateur électrique NFC, NF** et NF***","Électricité","chauffage","Electrique - Radiateur électrique à inertie (modélisé comme un radiateur NFC, NF** et NF***)",5458.6,,,,,,,,,,,,,,,,,,,,,,,,"Électricité","Ballon électrique à accumulation vertical Autres ou inconnue",,,"installation individuelle","Un seul système d'ECS sans solaire","Ballon électrique à accumulation vertical (autres catégorie ou inconnue), contenance ballon 80 L",1559.9,1,43.6,"Non affecté",,,,"Ballon électrique à accumulation vertical Autres ou inconnue","Électricité","ecs","Electrique - Ballon électrique à accumulation vertical (autres catégorie ou inconnue)",80,,1559.9,,,,,,,,,,,,0,,,,,,,,,,,,0,
"2644E0039039K","2026-01-07","2024-09-26","2026-01-07","2026-01-07","2036-01-06",,,,,,,"DPE 3CL 2021 méthode logement",2.6,"dpe appartement individuel","C","C","appartement",2020,"2013-2021","individuel","individuel",2.5,1,,1,,,,64.3,,"Moyenne","inférieur à 400m","H2b","20 Route de Carquefou 44300 Nantes","20","Route de Carquefou","Nantes","44300","44109","44","52","44109_1452_00020",358620.37,6694345.12,0.79,"adresse géocodée ban à l'adresse","ENTREVUE
Bâtiment 1 - Escalier 1
20 ROUTE de Carquefou
RDC - PORTE 1","ENTREVUE
Bâtiment 1 - Escalier 1
20 ROUTE de Carquefou
RDC - PORTE 1 44300 NANTES","NANTES",44300,0,,,"LNH_P2_52_0555_01_01_0001_DDTLL",,"moyen",1,1,0,0,0,100.8,18.1,16,0,11.8,2.9,20.7,31.3,"bonne","très bonne",,"très bonne",,"très bonne","très bonne",0.47,3525.5,1201.5,0,2028.7,0,430.2,0,6641.3,103,4155.3,1597.8,0,235.7,652.5,6220.6,96,4155.3,1597.8,0,124.1,343.4,1336.5,20,943.2,362.7,0,8.6,22,"Gaz naturel",5753,4155.3,1597.8,727.8,525.7,202.1,1305.9,943.2,362.7,"Électricité",467.5,0,0,162.3,0,0,30.5,0,0,,,,,,,,,,,890.2,525.7,202.1,0,43.1,119.2,"Gaz naturel","Chaudière gaz à condensation après 2015","installation individuelle","Radiateur bitube avec robinet thermostatique sur réseau individuel eau chaude basse ou moyenne température(inf 65°C)","Installation de chauffage simple","Chaudière individuelle gaz à condensation installée à partir de 2016 régulée, avec programmateur avec réduit. Emetteur(s): radiateur bitube avec robinet thermostatique",4155.3,64.3,,,"Chaudière gaz à condensation après 2015","Gaz naturel","chauffage + ecs","Gaz Naturel - Chaudière gaz à condensation installée à partir de 2016",4155.3,,,,,,,,,,,,,,,,,,,,,,,,"Gaz naturel","Chaudière gaz à condensation après 2015",,,"installation individuelle","Un seul système d'ECS sans solaire","Combiné au système de chauffage",1597.8,1,64.3,"Non affecté",,,,"Chaudière gaz à condensation après 2015","Gaz naturel","chauffage + ecs","Gaz Naturel - Chaudière gaz à condensation installée à partir de 2016",0,,1597.8,,,,,,,,,,,,0,,,,,,,,,,,,0,
"2633E0030346Q","2026-01-07","2024-10-14","2026-01-07","2026-01-07","2036-01-06",,"2633E0030219T",,,,,"DPE 3CL 2021 méthode logement",2.6,"dpe appartement généré à partir des données DPE immeuble","D","B","appartement",,"1948-1974","collectif","collectif",2.5,61,5,1,,1,4097.3,77,,"Légère","inférieur à 400m","H2c","1 Rue Elisee Reclus 33310 Lormont","1","Rue Elisee Reclus","Lormont","33310","33249","33","75","33249_0271_00001",422628.75,6425339.2,0.96,"adresse non géocodée ban car aucune correspondance trouvée","1 Rue Elisee Reclus","1 Rue Elisee Reclus 33310 LORMONT","LORMONT",33310,0,,,"002EW370701","0788",,,,,,,12386.2,1576.7,2909.7,2197.5,646,9,1508.8,3538.5,"insuffisante","insuffisante",,,"insuffisante","insuffisante","très bonne",2.11,418042.2,69673.8,0,113448.4,0,135101,0,16122.3,209,10888.8,4815.5,0,288.7,129.4,15924.3,206,10888.8,4815.5,0,151.9,68.1,548.8,7,370.2,163.7,0,10.5,4.4,"Réseau de Chauffage urbain",15704.2,10888.8,4815.5,1401,971.4,429.6,533.9,370.2,163.7,"Électricité",220,0,0,68.6,0,0,14.8,0,0,,,,,,,,,,,1469.6,971.4,429.6,0,52.8,15.9,"Réseau de Chauffage urbain","Réseau de chaleur non isolé","installation collective","Plancher chauffant sur réseau collectif eau chaude haute température(sup ou egal 65°C)","Installation de chauffage simple","Réseau de chaleur vertueux non isolé avec équipement d'intermittence central collectif. Emetteur(s): plancher chauffant",579407.6,4097.3,,,"Réseau de chaleur non isolé","Réseau de Chauffage urbain","chauffage + ecs","Réseau de chaleur non isolé",579407.6,,,,,,,,,,,,,,,,,,,,,,,,"Réseau de Chauffage urbain","Réseau de chaleur non isolé",,,"installation collective","Un seul système d'ECS sans solaire","Combiné au système de chauffage",276483.4,1,4097.3,"Non affecté",,,,"Réseau de chaleur non isolé","Réseau de Chauffage urbain","chauffage + ecs","Réseau de chaleur non isolé",0,,276483.4,,,,,,,,,,,,0,,,,,,,"réseau de chaleur ou de froid vertueux",,,,,0,
"2675E0018872Y","2026-01-06","2025-07-25","2026-01-06","2026-01-06","2036-01-05",,"2675E0018846Y",,,,,"DPE 3CL 2021 méthode logement",2.6,"dpe appartement généré à partir des données DPE immeuble","C","C","appartement",,"1978-1982","collectif","collectif",2.5,38,6,1,,0,2819,99,,"Lourde","inférieur à 400m","H1a",,,,,,,,,,,,,"adresse non géocodée ban car aucune correspondance trouvée","FIRMIN GEMIER-LAGILLE - Bat : 04 - 4 rue Firmin Gémier","FIRMIN GEMIER-LAGILLE - Bat : 04 - 4 rue Firmin Gémier 75018 PARIS","PARIS",75018,0,,,"c1453172","Lot : 091355 - Porte : 0156 - Etage : 2 - Adresse : 4 rue Firmin Gémier",,,,,,,3730.9,426.4,239.1,361.5,159.6,62.4,811.4,1670.5,"insuffisante","très bonne",,,"insuffisante","insuffisante","moyenne",0.93,109476.1,49850.1,0,88662.4,0,55246.2,0,10595.7,107,5567.4,3167.6,0,355.5,1505.3,9714.3,98,5567.4,3167.6,0,187.1,792.3,1653.4,16,1013.3,576.5,0,12.9,50.7,"Réseau de Chauffage urbain",8734.9,5567.4,3167.6,779.2,496.7,282.6,1589.8,1013.3,576.5,"Électricité",979.4,0,0,324.5,0,0,63.6,0,0,,,,,,,,,,,1103.7,496.7,282.6,0,65,259.5,"Réseau de Chauffage urbain","Réseau de chaleur isolé","installation collective","Radiateur bitube sans robinet thermostatique sur réseau collectif eau chaude basse ou moyenne température(inf 65°C)","Installation de chauffage simple","Réseau de chaleur vertueux isolé régulée, avec équipement d'intermittence central collectif, réseau isolé. Emetteur(s): radiateur bitube sans robinet thermostatique",158529.7,2819,,,"Réseau de chaleur isolé","Réseau de Chauffage urbain","chauffage + ecs","Réseau de chaleur isolé",158529.7,,,,,,,,,,,,,,,,,,,,,,,,"Réseau de Chauffage urbain","Réseau de chaleur isolé",,,"installation collective","Un seul système d'ECS sans solaire","Combiné au système de chauffage",106517.2,1,2819,"Non affecté",,,,"Réseau de chaleur isolé","Réseau de Chauffage urbain","chauffage + ecs","Réseau de chaleur isolé",0,,106517.2,,,,,,,,,,,,0,,,,,,,"réseau de chaleur ou de froid vertueux",,,,,0,
"2380E4528531L","2026-01-02","2023-11-28","2023-12-22","2024-01-03","2033-12-21",,"2380E4528515V",,,,,"DPE 3CL 2021 méthode logement",2.3,"dpe appartement généré à partir des données DPE immeuble","D","B","appartement",1996,"1989-2000","mixte (collectif-individuel)","individuel",2.5,24,3,1,"T1",0,1452,78,,"Lourde","inférieur à 400m","H1a","14 Quai de la Pointe 80100 Abbeville","14","Quai de la Pointe","Abbeville","80100","80001","80","32","80001_1600_00014",615911.12,7001894.05,0.81,"adresse non géocodée ban car aucune correspondance trouvée","14 Quai de la Pointe","14 Quai de la Pointe80100 Abbeville","Abbeville",80100,,"RDC","BAT C
-APPT 29 A 52",,"1-Bâtiment C-10-Appartement n° 38",,,,,,,2824.7,225.2,377.4,786.6,99.1,0,605.7,730.7,"insuffisante","moyenne",,,,"bonne","moyenne",1.15,96605,29227.1,0,47890110,0,32738380,0,18305.5,234.6,15774.6,5167.8,0,55.8,0,9634.5,123.5,6858.5,2246.9,0,24.3,0,722.5,9.2,541.8,146,0,1.7,0,"Électricité",9129.7,6858.5,2246.9,1666.8,1146.1,375.5,147.7,0,146,,,,,,,,,,,,,,,,,,,,,1610,1146.1,375.5,0,145.2,0,"Électricité",,"installation individuelle","Convecteur électrique NFC, NF** et NF***","Installation de chauffage simple","Emission n°1",3764.1,78,,,"Convecteur électrique NFC, NF** et NF***","Électricité","chauffage","Generateur Effet joule",3764.1,,,,,,,,,,,,,,,,,,,,,,,,"Électricité",,,,"installation individuelle","Un seul système d'ECS sans solaire","ECS Electrique",2108.6,24,3.3,"Non affecté",,,,"Ballon électrique à accumulation vertical Catégorie B ou 2 étoiles","Électricité","ecs",,200,,2108.6,"Avant 2010",,,,,,,,,"VMC Basse pression Hygro B",78,1,,,,,,,,"Solaire Photovoltaïque",0,,,0,
"2643E0035134E","2026-01-07","2025-12-23","2026-01-07","2026-01-07","2036-01-06",,,,,,,"DPE 3CL 2021 méthode logement",2.6,"dpe maison individuelle","E","B","maison",,"avant 1948",,,2.7,,,2,,,,103,,"Légère","400-800m","H1c","14 Rue du Pont Vieux 43700 Brives-Charensac","14","Rue du Pont Vieux","Brives-Charensac","43700","43041","43","84","43041_0320_00014",773126.26,6439094.63,0.81,"adresse non géocodée ban car aucune correspondance trouvée","12-14 Rue du Pont Vieux","12-14 Rue du Pont Vieux 43700 BRIVES CHARENSAC","BRIVES CHARENSAC",43700,0,,,"DIA-DNR01-2512-034",,"insuffisant",0,1,0,0,1,218.4,21.2,29.5,9.9,28.1,8.6,18.5,102.6,"très bonne","très bonne","très bonne",,,"insuffisante","bonne",0.34,11611.9,1377.8,0,3103.5,0,1594.8,0,29385.8,285,23896.9,4524.2,0,364,600.8,17616.8,171,14727.9,2381.2,0,191.6,316.2,1129.3,10,941,154.8,0,13.2,20.2,"Électricité",13076.7,10187.8,2381.2,2698.5,2102.4,491.4,993.1,804.8,154.8,"Bois – Bûches",4540.1,4540.1,0,190.7,190.7,0,136.2,136.2,0,,,,,,,,,,,2889.2,2293,491.4,0,39.5,65.3,"Électricité","Chaudière électrique","installation individuelle","Radiateur bitube avec robinet thermostatique sur réseau individuel eau chaude haute température(sup ou egal 65°C)","Installation de chauffage avec en appoint un insert ou poêle bois et un chauffage électrique dans la salle de bain (différent du chauffage principal)","Chaudière individuelle électrique avec en appoint un poêle à bois (bûche) installé à partir de 2005 sans label flamme verte et dans la salle de bain un radiateur électrique à fluide caloporteur (modélisé comme un radiateur NFC, NF** et NF***). Emetteur(s): radiateur bitube avec robinet thermostatique",14727.9,103,,,"Chaudière électrique","Électricité","chauffage","Electrique - Chaudière électrique",9149.8,"Poêle bûche installé à partir de 2005 sans label flamme verte","Bois – Bûches","chauffage","Bois - Poêle à bois (bûche) installé à partir de 2005 sans label flamme verte",4540.1,,,,,,,,,,,,,,,,,,,"Électricité","Ballon électrique à accumulation horizontal",,,"installation individuelle","Un seul système d'ECS sans solaire","Ballon électrique à accumulation horizontal, contenance ballon 150 L",2381.2,1,103,"Non affecté",,,,"Ballon électrique à accumulation horizontal","Électricité","ecs","Electrique - Ballon électrique à accumulation horizontal",150,,2381.2,,,,,,,,,,,,0,,,,,,,"chauffage au bois",,,,,0,
"2522E1892426Q","2026-01-10","2025-06-10","2025-06-10","2025-06-10","2035-06-09",,,,,,,"DPE 3CL 2021 méthode logement",2.4,"dpe maison individuelle","B","A","maison",1850,"avant 1948",,,2.5,1,2,2,,0,,83,,"Lourde","inférieur à 400m","H2a",,,,,,,,,,,,,"adresse non géocodée ban car aucune correspondance trouvée","19 Rue Cosquer Izellan","19 Rue Cosquer Izellan 22300 PLOUMILLIAU","PLOUMILLIAU",22300,,,,,"2-Logement annexe-1-LogZone","insuffisant",0,1,0,0,1,190.7,9,19.5,9.2,34,5.9,47.4,65.8,"bonne","très bonne","très bonne",,,"moyenne","insuffisante",0.59,5397.6,1163.2,0,2571498,0,4137011,0,8473.1,102,3880.9,4705.5,0,360.8,0,4459.5,53.7,1687.4,2045.9,0,156.9,0,249,3,133.3,133,0,10.8,0,"Électricité",4459.5,1687.4,2045.9,1003,380,460,313.6,133.3,133,,,,,,,,,,,,,,,,,,,,,1003,380,460,0,35,0,"Électricité","PAC air/air installée à partir de 2015","installation individuelle","Soufflage d'air chaud sans réseau de distribution (ventiloconvecteur éléctrique)","Installation de chauffage simple","Emission n°1",1687.4,83,,,"PAC air/air installée à partir de 2015","Électricité","chauffage","PAC AIR/AIR",1687.4,,,,,,,,,,,,,,,,,,,,,,,,"Électricité","Ballon électrique à accumulation vertical Catégorie B ou 2 étoiles",,,"installation individuelle","Un seul système d'ECS sans solaire","ECS Electrique, Volume du ballon 200 L",2045.9,1,83,"Non affecté",,,,"Ballon électrique à accumulation vertical Catégorie B ou 2 étoiles","Électricité","ecs",,200,,2045.9,"A partir de 2015",,,,,,,,,"Ventilation mécanique sur conduit existant avant 2013",83,0,,,,,,,"pompe à chaleur","Solaire Photovoltaïque",0,,,0,
"2629E0014624U","2026-01-05","2026-01-05","2026-01-05","2026-01-05","2036-01-04",,,,,,,"DPE 3CL 2021 méthode logement",2.6,"dpe maison individuelle","E","E","maison",1970,"1948-1974",,,2.6,,,2,,,,110,,"Lourde","inférieur à 400m","H2a","3 Impasse Kervéleyen Vihan 29600 Plourin-lès-Morlaix","3","Impasse Kervéleyen Vihan","Plourin-lès-Morlaix","29600","29207","29","53","29207_1210_00003",198909.68,6847195.9,0.53,"adresse géocodée ban à l'adresse","3 Impasse de Kerveleyen Vihan","3 Impasse de Kerveleyen Vihan 29600 PLOURIN LES MORLAIX","PLOURIN LES MORLAIX",29600,0,,,"DIA-CAI05-2512-031",,"insuffisant",0,1,0,1,0,477.2,33.5,201.1,53.9,26.9,5.1,21.7,135,"insuffisante","insuffisante",,"insuffisante",,"insuffisante","très bonne",1.08,21528.3,1290.7,0,3236.6,0,2810.4,0,28275.1,257,24552.2,2837.8,0,395,490.1,27855.9,253,24552.2,2837.8,0,207.9,257.9,6248.4,56,5573.4,644.2,0,14.3,16.5,"Gaz naturel",27390.1,24552.2,2837.8,2780.8,2492.7,288.1,6217.5,5573.4,644.2,"Électricité",465.8,0,0,161.7,0,0,30.9,0,0,,,,,,,,,,,2942.5,2492.7,288.1,0,72.2,89.6,"Gaz naturel",,"installation individuelle","Radiateur bitube avec robinet thermostatique sur réseau individuel eau chaude haute température(sup ou egal 65°C)","Installation de chauffage simple","Chaudière individuelle gaz à condensation installée entre 2001 et 2015 avec programmateur avec réduit, réseau isolé. Emetteur(s): radiateur bitube avec robinet thermostatique",24552.2,110,,,"Chaudière gaz à condensation 2001-2015","Gaz naturel","chauffage + ecs","Gaz Naturel - Chaudière gaz à condensation installée entre 2001 et 2015",24552.2,,,,,,,,,,,,,,,,,,,,,,,,"Gaz naturel",,,,"installation individuelle","Un seul système d'ECS sans solaire","Combiné au système de chauffage, contenance ballon 42 L",2837.8,1,110,"Non affecté",,,,"Chaudière gaz à condensation 2001-2015","Gaz naturel","chauffage + ecs","Gaz Naturel - Chaudière gaz à condensation installée entre 2001 et 2015",42,,2837.8,,,,,,,,,,,,0,,,,,,,,,,,,0,
"2613E0058043D","2026-01-09","2026-01-09","2026-01-09","2026-01-09","2036-01-08",,,,,,,"DPE 3CL 2021 méthode logement",2.6,"dpe appartement individuel","C","C","appartement",,"1978-1982","individuel","individuel",2.5,1,,1,,,,83.1,,"Lourde","inférieur à 400m","H3","Résidence Village Sud 13380 Plan-de-Cuques",,"Résidence Village Sud","Plan-de-Cuques","13380","13075","13","93","13075_fzcww1",899725.95,6252697.97,0.48,"adresse géocodée ban à l'adresse","Résidence Village sud 1","Résidence Village sud 1 13380 PLAN DE CUQUES","PLAN DE CUQUES",13380,0,,,"26/IMO/3026","Bat 4, 4ème étage","moyen",1,0,0,1,0,189.2,31.8,83.7,0,0,0,25.1,48.6,"bonne","insuffisante",,"très bonne",,"très bonne","bonne",0.55,4287.3,1156.6,1709.2,1876.2,229.1,1781.4,1290.1,7969.7,95,4864.2,1895.3,410.2,299.4,500.6,6660.5,80,4128.2,1895.3,215.9,157.6,263.5,1287.9,15,816.1,430.2,13.8,10.9,16.9,"Gaz naturel",5205.8,3310.5,1895.3,675.9,429.8,246.1,1181.7,751.5,430.2,"Électricité",1454.7,817.7,0,433.7,243.8,0,106.2,64.6,0,,,,,,,,,,,1109.6,673.6,246.1,64.4,47,78.5,"Gaz naturel","PAC air/air installée à partir de 2015","installation individuelle","Radiateur bitube avec robinet thermostatique sur réseau individuel eau chaude haute température(sup ou egal 65°C)","Installation de chauffage simple","Chaudière individuelle gaz standard installée entre 2001 et 2015. Emetteur(s): radiateur bitube avec robinet thermostatique",3310.5,41.1,,,"Chaudière gaz standard 2001-2015","Gaz naturel","chauffage + ecs","Gaz Naturel - Chaudière gaz standard installée entre 2001 et 2015",3310.5,,,,,,"installation individuelle","Soufflage d'air chaud (air soufflé) avec distribution par réseau aéraulique","Installation de chauffage simple","PAC air/air installée à partir de 2015 (système individuel)",817.7,42,,,"PAC air/air installée à partir de 2015","Électricité","chauffage","Electrique - PAC air/air sans réseau de distribution installée à partir de 2015",817.7,,,,,,"Gaz naturel","Chaudière gaz standard 2001-2015",,,"installation individuelle","Un seul système d'ECS sans solaire","Combiné au système de chauffage",1895.3,1,83.1,"Non affecté",,,,"Chaudière gaz standard 2001-2015","Gaz naturel","chauffage + ecs","Gaz Naturel - Chaudière gaz standard installée entre 2001 et 2015",0,,1895.3,,,,,,,,,,,,0,"PAC air/air installée à partir de 2015","Électricité","A partir de 2015","Refroidissement - Electrique - Pompe à chaleur air/air",83.1,215.9,"pompe à chaleur",,,,,0,
"2675E0017009H","2026-01-05","2024-05-28","2026-01-05","2026-01-05","2036-01-04",,"2675E0016904G",,,,,"DPE 3CL 2021 méthode logement",2.6,"dpe appartement généré à partir des données DPE immeuble","C","A","appartement",,"1989-2000","collectif","collectif",2.5,57,7,1,,1,3947,73,,"Moyenne","inférieur à 400m","H1a",,,,,,,,,,,,,"adresse non géocodée ban car aucune correspondance trouvée","BASFROI-DALLERY-ROQUETTE - Bat : 03 - 98 rue de la Roquette, 100 rue de la Roquette","BASFROI-DALLERY-ROQUETTE - Bat : 03 - 98 rue de la Roquette, 100 rue de la Roquette 75011 PARIS","PARIS",75011,0,,,"c1452023","Lot : 126111 - Porte : 0161 - Etage : 4 - Adresse : 100 rue de la Roquette",,,,,,,5011.6,904.4,701,225.6,73.1,87.5,846.7,2173.3,"insuffisante","moyenne",,,"moyenne","moyenne","moyenne",1.04,166790.6,72840.2,0,126043.8,0,46380.4,0,8255.8,113,4159.1,2805.7,0,262.1,1028.9,7644.3,104,4159.1,2805.7,0,138,541.5,322.8,4,166.4,112.2,0,9.5,34.7,"Réseau de Chauffage urbain",6964.8,4159.1,2805.7,621.3,371,250.3,278.6,166.4,112.2,"Électricité",679.5,0,0,223.1,0,0,44.2,0,0,,,,,,,,,,,844.4,371,250.3,0,47.9,175.2,"Réseau de Chauffage urbain",,"installation collective","Radiateur bitube avec robinet thermostatique sur réseau collectif eau chaude basse ou moyenne température(inf 65°C)","Installation de chauffage simple","Réseau de chaleur vertueux isolé régulée, avec équipement d'intermittence central collectif, réseau isolé. Emetteur(s): radiateur bitube avec robinet thermostatique",224878.3,3947,,,"Réseau de chaleur isolé","Réseau de Chauffage urbain","chauffage + ecs","Réseau de chaleur isolé",224878.3,,,,,,,,,,,,,,,,,,,,,,,,"Réseau de Chauffage urbain",,,,"installation collective","Un seul système d'ECS sans solaire","Combiné au système de chauffage",155641.4,1,3947,"Non affecté",,,,"Réseau de chaleur isolé","Réseau de Chauffage urbain","chauffage + ecs","Réseau de chaleur isolé",0,,155641.4,,,,,,,,,,,,0,,,,,,,"réseau de chaleur ou de froid vertueux",,,,,0,
"2675E0044676K","2026-01-08","2026-01-08","2026-01-08","2026-01-08","2036-01-07",,,,,,,"DPE 3CL 2021 méthode logement",2.6,"dpe appartement individuel","E","C","appartement",,"avant 1948","individuel","individuel",2.8,1,,1,,,,55,,"Moyenne","inférieur à 400m","H1a","1 Avenue Taillade 75020 Paris","1","Avenue Taillade","Paris","75020","75120","75","11","75120_9146_00001",655537.17,6864042.95,0.66,"adresse géocodée ban à l'adresse","1 AV. TAILLADE","1 AV. TAILLADE 75020 PARIS 20","PARIS 20",75020,0,,,"26/01/01356","Etage 4; Porte Gauche","insuffisant",0,1,0,0,0,168.7,8.7,82.4,0,0,1.6,15.6,60.5,"insuffisante","insuffisante",,"très bonne",,"très bonne","bonne",2.09,7859.5,1180,0,1859.6,0,470.5,0,16433.7,298,12870.5,3365.7,0,197.5,0,8649.3,157,6773.9,1771.4,0,104,0,657.5,11,535.1,115.1,0,7.2,0,"Électricité",8649.3,6773.9,1771.4,1825.2,1429.4,373.8,657.5,535.1,115.1,,,,,,,,,,,,,,,,,,,,,1825.2,1429.4,373.8,0,21.9,0,"Électricité","radiateur électrique NFC, NF** et NF***","installation individuelle","radiateur électrique NFC, NF** et NF***","Installation de chauffage simple","Radiateur électrique à inertie (modélisé comme un radiateur NFC, NF** et NF***) avec programmateur pièce par pièce (système individuel)",5097.7,41.8,,,"radiateur électrique NFC, NF** et NF***","Électricité","chauffage","Electrique - Radiateur électrique à inertie (modélisé comme un radiateur NFC, NF** et NF***)",5097.7,,,,,,"installation individuelle","radiateur électrique NFC, NF** et NF***","Installation de chauffage simple","Radiateur électrique à inertie (modélisé comme un radiateur NFC, NF** et NF***) avec programmateur pièce par pièce (système individuel)",1676.3,13.3,,,"radiateur électrique NFC, NF** et NF***","Électricité","chauffage","Electrique - Radiateur électrique à inertie (modélisé comme un radiateur NFC, NF** et NF***)",1676.3,,,,,,"Électricité","Ballon électrique à accumulation horizontal",,,"installation individuelle","Un seul système d'ECS sans solaire","Ballon électrique à accumulation horizontal, contenance ballon 80 L",1771.4,1,55,"Non affecté",,,,"Ballon électrique à accumulation horizontal","Électricité","ecs","Electrique - Ballon électrique à accumulation horizontal",80,,1771.4,,,,,,,,,,,,0,,,,,,,,,,,,0,
"2656E0027505G","2026-01-06","2025-12-24","2026-01-06","2026-01-06","2036-01-05",,,"M6M8NTDXZQ4K","Logiciel",,,"DPE 3CL 2021 méthode logement",2.6,"dpe maison individuelle","C","C","maison",2018,"2013-2021",,,2.5,,,2,,,,115.8,,"Moyenne","inférieur à 400m","H2a","37bis Route de Vannes 56700 Hennebont","37bis","Route de Vannes","Hennebont","56700","56083","56","53","56083_1650_00037_bis",232139.16,6762859.02,0.58,"adresse géocodée ban à l'adresse","37 Bis route de Vannes
CLOS DE LA MADELEINE","37 Bis route de Vannes
CLOS DE LA MADELEINE 56700 HENNEBONT","HENNEBONT",56700,0,,,"16236/SCI-SDBH",,"moyen",1,1,0,0,1,198.8,59.3,39.3,6.2,14.4,4.8,24.2,50.5,"bonne","très bonne",,,"très bonne","bonne","très bonne",0.52,5926.7,1318.1,0,3379.5,0,3414.7,0,7997.3,69,5867.4,1077.2,0,415.8,636.9,6988.4,60,5867.4,566.9,0,218.9,335.2,1405.3,12,1331.9,36.9,0,15.1,21.5,"Gaz naturel",5867.4,5867.4,0,738.7,738.7,0,1331.9,1331.9,0,"Électricité",1121,0,566.9,370.5,0,187.4,73.4,0,36.9,,,,,,,,,,,1109.2,738.7,187.4,0,72.3,110.8,"Gaz naturel","Chaudière gaz à condensation après 2015","installation individuelle","Radiateur bitube avec robinet thermostatique sur réseau individuel eau chaude basse ou moyenne température(inf 65°C)","Installation de chauffage simple","Chaudière individuelle gaz à condensation installée à partir de 2016 régulée, avec programmateur avec réduit, réseau isolé. Emetteur(s): radiateur bitube avec robinet thermostatique",5867.4,115.8,,,"Chaudière gaz à condensation après 2015","Gaz naturel","chauffage","Gaz Naturel - Chaudière gaz à condensation installée à partir de 2016",5867.4,,,,,,,,,,,,,,,,,,,,,,,,"Électricité","CET sur air extérieur après 2014",,,"installation individuelle","Un seul système d'ECS sans solaire","Chauffe-eau thermodynamique sur air extérieur installé à partir de 2015, contenance ballon 110 L",566.9,1,115.8,"Non affecté",,,,"CET sur air extérieur après 2014","Électricité","ecs","Electrique - Chauffe-eau thermodynamique sur air extérieur installé à partir de 2015",110,2.5,566.9,"A partir de 2015",,,,,,,,,,,0,,,,,,,"chauffe-eau thermodynamique",,,,,0,
"2647E0060301H","2026-01-09","2026-01-08","2026-01-09","2026-01-09","2036-01-08","2647E0060236U",,,,,,"DPE 3CL 2021 méthode logement",2.6,"dpe maison individuelle","D","D","maison",,"avant 1948",,,3,,,3,,,,245.4,,"Moyenne","inférieur à 400m","H2c","17 Rue des Fossés Bouhaut 47170 Mézin","17","Rue des Fossés Bouhaut","Mézin","47170","47167","47","75","47167_0100_00017",480191.96,6332346.41,0.46,"adresse géocodée ban à l'adresse","13-15-17 RUE DES FOSSES BOUHAUT","13-15-17 RUE DES FOSSES BOUHAUT 47170 MEZIN","MEZIN",47170,0,,,"2512/MAITRE/8439",,"insuffisant",0,1,0,0,1,1117.6,73.6,535.8,19.4,35.8,28.4,98.4,326.1,"insuffisante","insuffisante","très bonne",,,"moyenne","bonne",1.15,44890.5,1813.9,0,5388.7,0,5885.7,0,51685.7,210,44875.3,4725.2,0,920,1165.2,50698,206,44875.3,4725.2,0,484.2,613.3,11332,46,10186.7,1072.6,0,33.4,39.2,"Gaz naturel",49600.6,44875.3,4725.2,4888.1,4422.4,465.7,11259.3,10186.7,1072.6,"Électricité",1097.5,0,0,366,0,0,72.7,0,0,,,,,,,,,,,5254.1,4422.4,465.7,0,161.5,204.5,"Gaz naturel","Chaudière gaz à condensation 2001-2015","installation individuelle","Radiateur bitube avec robinet thermostatique sur réseau individuel eau chaude basse ou moyenne température(inf 65°C)","Installation de chauffage simple","Chaudière individuelle gaz à condensation installée entre 2001 et 2015 régulée, avec programmateur avec réduit, réseau isolé. Emetteur(s): radiateur bitube avec robinet thermostatique",44875.3,245.4,,,"Chaudière gaz à condensation 2001-2015","Gaz naturel","chauffage + ecs","Gaz Naturel - Chaudière gaz à condensation installée entre 2001 et 2015",44875.3,,,,,,,,,,,,,,,,,,,,,,,,"Gaz naturel","Chaudière gaz à condensation 2001-2015",,,"installation individuelle","Un seul système d'ECS sans solaire","Combiné au système de chauffage, contenance ballon 200 L",4725.2,1,245.4,"Non affecté",,,,"Chaudière gaz à condensation 2001-2015","Gaz naturel","chauffage + ecs","Gaz Naturel - Chaudière gaz à condensation installée entre 2001 et 2015",200,,4725.2,,,,,,,,,,,,0,,,,,,,,,,,,0,
"2693E0077717X","2026-01-12","2026-01-06","2026-01-06","2026-01-12","2036-01-05",,"2693E0076125R",,,,,"DPE 3CL 2021 méthode logement",2.6,"dpe appartement généré à partir des données DPE immeuble","C","C","appartement",2013,"après 2021","mixte (collectif-individuel)","collectif",2.5,52,3,1,,0,3234.6,46.6,,"Lourde","inférieur à 400m","H1a","20 Rue du Capitaine Dreyfus 93150 Le Blanc-Mesnil",,"20 Rue du Capitaine Dreyfus","Le Blanc-Mesnil","93150","93007",,,"93007_0428_00020",659044.12,6871442.12,0.66,"adresse non géocodée ban car aucune correspondance trouvée","20 RUE DU CAPITAINE DREYFUS LOT-250-1-2-52   1er étage","20 RUE DU CAPITAINE DREYFUS LOT-250-1-2-52   1er étage 93150 Le Blanc-Mesnil","Le Blanc-Mesnil",93150,1,,,,"1--43-250-1-2-52",,,,,,,3533.3,875.1,321.8,157.6,207.9,0,508,1462.8,"bonne","très bonne",,,,"très bonne","très bonne",0.51,99246.4,63933.9,0,105947700,0,32327190,0,4318,92.6,1953.5,1842.9,0,167.3,129.5,4070.9,87.4,1953.5,1842.9,0,88,68.1,879.8,18.8,443.4,418.3,0,6.1,4.4,"Gaz naturel",3796.4,1953.5,1842.9,356.6,183.5,173.1,0,0,0,"Électricité",274.5,0,0,95.3,0,0,18,0,0,,,,,,,,,,,451.9,183.5,173.1,0,30.6,23.7,"Gaz naturel","Chaudière gaz à condensation 2001-2015","installation collective","Radiateur bitube avec robinet thermostatique sur réseau collectif eau chaude basse ou moyenne température(inf 65°C)","Installation de chauffage simple","Emission n°1",135654.1,46.6,,,"Chaudière gaz à condensation 2001-2015","Gaz naturel","chauffage + ecs","Chaudière collective gaz condensation entre 2001 et 2015",135654.1,,,,,,,,,,,,,,,,,,,,,,,,"Gaz naturel","Chaudière gaz à condensation 2001-2015",,,"installation collective","Un seul système d'ECS avec solaire","Générateur mixte (chauffage + ecs) - ECS solaire de plus de 5 ans et appoint, Volume du ballon 1000 L",106220.6,52,46.6,"ECS solaire seule sup 5 ans",,0.3,,"Chaudière gaz à condensation 2001-2015","Gaz naturel","chauffage + ecs",,1000,,106220.6,"Avant 2010",,,,,,,,,,,0,,,,,,,"panneaux solaires thermiques",,,,,0,
"2631E0056742U","2026-01-09","2026-01-09","2026-01-09","2026-01-09","2036-01-08",,,,,,,"DPE 3CL 2021 méthode logement",2.6,"dpe appartement individuel","C","A","appartement",,"1989-2000","individuel","individuel",2.5,1,,1,,,,45.4,,"Lourde","inférieur à 400m","H2c",,,,,,,,,,,,,"adresse non géocodée ban car aucune correspondance trouvée","129 avenue Jacques Douzans","129 avenue Jacques Douzans 31600 MURET, France","MURET, France",31600,0,,,"Temp_2026_01_09_09_50_55","Etage 1; Porte 3","moyen",1,0,0,1,0,80.8,13.7,11.1,0,4.6,0,26.2,25.3,"très bonne","moyenne",,"très bonne",,"moyenne","insuffisante",0.43,1753.4,984.4,0,1383.4,0,1453.8,0,6902.4,152,3234.7,2976.2,0,170.2,521.3,3632.8,80,1702.5,1566.4,0,89.6,274.4,260.1,5,134.5,101.8,0,6.2,17.6,"Électricité",3632.8,1702.5,1566.4,846.4,396.6,365,260.1,134.5,101.8,,,,,,,,,,,,,,,,,,,,,846.4,396.6,365,0,20.9,63.9,"Électricité","Autres émetteurs à effet joule","installation individuelle","Autres émetteurs à effet joule","Installation de chauffage simple","Autres émetteurs à effet joule avec programmateur pièce par pièce (système individuel)",1702.5,45.4,,,"Autres émetteurs à effet joule","Électricité","chauffage","Electrique - Autres émetteurs à effet joule",1702.5,,,,,,,,,,,,,,,,,,,,,,,,"Électricité","Ballon électrique à accumulation vertical Catégorie B ou 2 étoiles",,,"installation individuelle","Un seul système d'ECS sans solaire","Ballon électrique à accumulation vertical (catégorie B ou 2 étoiles), contenance ballon 100 L",1566.4,1,45.4,"Non affecté",,,,"Ballon électrique à accumulation vertical Catégorie B ou 2 étoiles","Électricité","ecs","Electrique - Ballon électrique à accumulation vertical (catégorie B ou 2 étoiles)",100,,1566.4,,,,,,,,,,,,0,,,,,,,,,,,,0,
"2693E0006662A","2026-01-04","2025-10-02","2026-01-04","2026-01-04","2036-01-03",,,"Q9SS3P5BTNBZ","Logiciel",,,"DPE 3CL 2021 méthode logement",2.6,"dpe immeuble collectif","B","A","immeuble",,"avant 1948","individuel","individuel",3.1,16,4,,"T1",,506,,,"Légère","inférieur à 400m","H1a","17 Rue de la Courneuve 93300 Aubervilliers","17","Rue de la Courneuve","Aubervilliers","93300","93001","93","11","93001_1493_00017",654863.27,6868638.15,0.71,"adresse géocodée ban à l'adresse","17 rue Courneuve","17 rue Courneuve 93300 AUBERVILLIERS, France","AUBERVILLIERS, France",93300,0,"RDC",,"26/01/8830/PATRIMONIA",,,,,,,,589.8,35.1,37.1,14.6,0,8,221.5,273.4,"bonne","très bonne",,"très bonne",,"très bonne","moyenne",0.49,16139.7,14721.1,1438.4,19526.6,313.5,10719.9,1036.6,45368.5,89,14421.1,26304.2,47,1817,2779.2,23878.1,47,7590,13844.3,24.7,956.3,1462.7,1660.7,3,599.6,899.9,1.6,66,93.6,"Électricité",23878.1,7590,13844.3,7053.9,2242.2,4089.8,1660.7,599.6,899.9,,,,,,,,,,,,,,,,,,,,,7053.9,2242.2,4089.8,7.3,282.5,432.1,"Électricité",,"installation individuelle","Soufflage d'air chaud (air soufflé) avec distribution par fluide frigorigène","Installation de chauffage simple","PAC air/air sans réseau de distribution installée à partir de 2015 (système individuel)",4543.4,406,,,"PAC air/air installée à partir de 2015","Électricité","chauffage","Electrique - PAC air/air sans réseau de distribution installée à partir de 2015",4543.4,,,,,,"installation individuelle","radiateur électrique NFC, NF** et NF***","Installation de chauffage simple","Radiateur électrique NFC, NF** et NF*** avec programmateur pièce par pièce (système individuel)",3046.6,100,,,"radiateur électrique NFC, NF** et NF***","Électricité","chauffage","Electrique - Radiateur électrique à inertie (modélisé comme un radiateur NFC, NF** et NF***)",3046.6,,,,,,"Électricité",,,,"installation individuelle","Un seul système d'ECS sans solaire","Ballon électrique à accumulation vertical (catégorie B ou 2 étoiles), contenance ballon 80 L",12548.3,1,390,"Non affecté",,,,"Ballon électrique à accumulation vertical Catégorie B ou 2 étoiles","Électricité","ecs","Electrique - Ballon électrique à accumulation vertical (catégorie B ou 2 étoiles)",80,,12548.3,,,,,,,,,,,,0,"PAC air/air installée avant 2008","Électricité","Avant 2008","Refroidissement - Electrique - Pompe à chaleur air/air",34.8,24.7,"Il existe plusieurs descriptifs ENR",,,,,0,
"2314E1727017J","2026-01-09","2023-05-23","2023-05-23","2023-05-25","2033-05-22",,,"9ZPXZH5YSR2P","Reprise RNB",,,"DPE 3CL 2021 méthode logement",2.3,"dpe maison individuelle","E","E","maison",1973,"1948-1974",,,2.5,1,2,2,,0,,73,,"Moyenne","inférieur à 400m","H1a","4 Rue Emile Romanet 14170 Saint-Pierre-en-Auge","4","Rue Emile Romanet","Saint-Pierre-en-Auge","14170","14654","14","28","14654_0330_00004",477886.9,6883494.56,0.48,"adresse non géocodée ban car aucune correspondance trouvée","4 Place Emile Romanet","4 Place Emile Romanet14170 oldSaint-Pierre-sur-Dives","oldSaint-Pierre-sur-Dives",14170,,,"ESI 5058.96.99.0004","RPLS 16847553","1-Bâtiment n°1-1-LogZone","bon",1,1,0,0,0,404.5,30.1,153.6,71.7,41,16.6,27.1,64.2,"insuffisante","insuffisante",,"insuffisante",,"insuffisante","moyenne",1.59,20753.5,1160.3,0,2214288,0,1702354,0,22623.9,309.9,19407.3,1728.2,0,317.3,779.2,21918.9,300.3,19407.3,1728.2,0,138,338.8,4818,66,4405.5,392.3,0,9.5,21.7,"Gaz naturel",21135.5,19407.3,1728.2,1611,1479,132,4797.8,4405.5,392.3,"Électricité",783.3,0,0,228,0,0,50.8,0,0,,,,,,,,,,,1839,1479,132,0,40,99,"Gaz naturel","Chaudière gaz à condensation après 2015","installation individuelle","Radiateur bitube avec robinet thermostatique sur réseau individuel eau chaude basse ou moyenne température(inf 65°C)","Installation de chauffage simple","Emission n°1",19407.3,73,,,"Chaudière gaz à condensation après 2015","Gaz naturel","chauffage + ecs","Chaudière gaz condensation depuis 2016",19407.3,,,,,,,,,,,,,,,,,,,,,,,,"Gaz naturel","Chaudière gaz à condensation après 2015",,,"installation individuelle","Un seul système d'ECS sans solaire","Générateur mixte (chauffage + ecs)",1728.2,1,73,"Non affecté",,,,"Chaudière gaz à condensation après 2015","Gaz naturel","chauffage + ecs",,0,,1728.2,"A partir de 2015",,,,,,,,,"VMC SF Auto réglable après 2012",73,1,,,,,,,,"Solaire Photovoltaïque",0,,,0,
"2628E0023715K","2026-01-06","2026-01-06","2026-01-06","2026-01-06","2036-01-05",,,,,,,"DPE 3CL 2021 méthode logement",2.6,"dpe appartement individuel","C","C","appartement",1968,"1948-1974","collectif","individuel",2.5,1,,1,,,520,59,,"Légère","inférieur à 400m","H1a","14 Avenue des Gloriettes 28120 Illiers-Combray","14","Avenue des Gloriettes","Illiers-Combray","28120","28196","28","24","28196_0150_00014",570399.93,6801593.89,0.5,"adresse géocodée ban à l'adresse","14 Av Des Gloriettes","14 Av Des Gloriettes 28120 ILLIERS COMBRAY, France","ILLIERS COMBRAY, France",28120,0,,,"0046-03-1141","Etage 2; Porte 5","moyen",1,1,0,0,0,95.2,31.8,15.1,0,0,0.5,16,31.8,"insuffisante","insuffisante",,"très bonne",,"très bonne","très bonne",1.3,3026.6,1207.5,0,1958.3,0,1758,0,9113.1,154,4529.4,3417.8,0,211.9,954,6941.9,117,4529.4,1798.8,0,111.5,502.1,1184.9,20,1028.2,116.9,0,7.7,32.1,"Gaz naturel",4529.4,4529.4,0,450.4,450.4,0,1028.2,1028.2,0,"Électricité",2412.4,0,1798.8,633.2,0,489.7,156.8,0,116.9,,,,,,,,,,,1083.6,450.4,489.7,0,30.4,113.1,"Gaz naturel","Chaudière gaz à condensation après 2015","installation collective","Radiateur bitube sans robinet thermostatique sur réseau collectif eau chaude haute température(sup ou egal 65°C)","Installation de chauffage simple","Chaudière collective gaz à condensation installée à partir de 2016 en cascade avec une chaudière gaz à condensation installée à partir de 2016 régulée, avec équipement d'intermittence central collectif, réseau isolé. Emetteur(s): radiateur bitube sans robinet thermostatique",4529.3,59,,,"Chaudière gaz à condensation après 2015","Gaz naturel","chauffage","Gaz Naturel - Chaudière gaz à condensation installée à partir de 2016",4529.3,"Chaudière gaz à condensation après 2015","Gaz naturel","chauffage","Gaz Naturel - Chaudière gaz à condensation installée à partir de 2016",0.1,,,,,,,,,,,,,,,,,,,"Électricité","Ballon électrique à accumulation vertical Catégorie C ou 3 étoiles",,,"installation individuelle","Un seul système d'ECS sans solaire","Ballon électrique à accumulation vertical (catégorie C ou 3 étoiles), contenance ballon 200 L",1798.8,1,59,"Non affecté",,,,"Ballon électrique à accumulation vertical Catégorie C ou 3 étoiles","Électricité","ecs","Electrique - Ballon électrique à accumulation vertical (catégorie C ou 3 étoiles)",200,,1798.8,,,,,,,,,,,,0,,,,,,,,,,,,0,
"2690E0001767Q","2026-01-02","2025-12-30","2026-01-02","2026-01-02","2036-01-01",,,"7W8ABJRVWFXT","Logiciel",,,"DPE 3CL 2021 méthode logement",2.6,"dpe maison individuelle","C","C","maison",2005,"2001-2005",,,2.6,,,2,,,,111,,"Légère","inférieur à 400m","H1b","1bis Rue du Stade 90400 Andelnans","1bis","Rue du Stade","Andelnans","90400","90001","90","27","90001_0030_00001_bis",990249.83,6729333.78,0.42,"adresse géocodée ban à l'adresse","1b rue du stade","1b rue du stade 90400 ANDELNANS","ANDELNANS",90400,0,,,"25/12/BOULIN/4015",,"insuffisant",0,1,0,0,1,269.1,55.1,43.7,13.6,21.1,4.1,32.8,98.7,"bonne","bonne","très bonne",,,"bonne","bonne",0.53,11242.1,1365.5,0,2937.4,0,3331.7,0,18878.7,170,14167.4,2856.9,0,384,1470.4,16948.7,152,13115.8,2856.9,0,202.1,773.9,2568.5,23,1856.5,648.5,0,13.9,49.5,"Gaz naturel",9992.7,7135.7,2856.9,1130.1,807,323.1,2268.3,1619.8,648.5,"Bois – Bûches",4811.6,4811.6,0,202.1,202.1,0,144.3,144.3,0,"Électricité",2144.4,1168.5,0,564.5,307.6,0,155.8,92.3,0,1896.6,1316.7,323.1,0,53.2,203.7,"Gaz naturel",,"installation individuelle","Plancher chauffant sur réseau individuel eau chaude basse ou moyenne température(inf 65°C)","Installation de chauffage simple","Chaudière individuelle gaz à condensation installée à partir de 2016 régulée, avec programmateur avec réduit. Emetteur(s): plancher chauffant, radiateur bitube avec robinet thermostatique",7135.7,70.2,,,"Chaudière gaz à condensation après 2015","Gaz naturel","chauffage + ecs","Gaz Naturel - Chaudière gaz à condensation installée à partir de 2016",7135.7,,,,,,"installation individuelle","Poêle bois","Installation de chauffage simple","Poêle à bois (bûche) installé à partir de 2005 sans label flamme verte (système individuel)",4811.6,27.8,,,"Poêle bûche installé à partir de 2005 sans label flamme verte","Bois – Bûches","chauffage","Bois - Poêle à bois (bûche) installé à partir de 2005 sans label flamme verte",4811.6,,,,,,"Gaz naturel",,,,"installation individuelle","Un seul système d'ECS sans solaire","Combiné au système de chauffage, contenance ballon 80 L",2856.9,1,111,"Non affecté",,,,"Chaudière gaz à condensation après 2015","Gaz naturel","chauffage + ecs","Gaz Naturel - Chaudière gaz à condensation installée à partir de 2016",80,,2856.9,,,,,,,,,,,,0,,,,,,,"chauffage au bois",,,,,0,
"2314E3942849R","2026-01-09","2023-09-25","2023-11-20","2023-11-20","2033-11-19",,,"BF7PKVTRB65A","Reprise RNB",,,"DPE 3CL 2021 méthode logement",2.3,"dpe maison individuelle","F","F","maison",1961,"1948-1974",,,2.5,1,2,2,,0,,55,,"Lourde","inférieur à 400m","H1a","19 Rue du Docteur Derrien 14370 Argences","19","Rue du Docteur Derrien","Argences","14370","14020","14","28","14020_0220_00019",468788.32,6896361.82,0.72,"adresse non géocodée ban car aucune correspondance trouvée","19 DU DOCTEUR DERRIEN","19 DU DOCTEUR DERRIEN14370 ARGENCES","ARGENCES",14370,,,"- RPLS 16173586 - ESI N°0124.01.99.0018 -",,"1-Bâtiment n°1-1-LogZone","insuffisant",1,1,0,0,1,313,28.6,89.6,87.1,33.5,6,19.5,48.8,"insuffisante","insuffisante",,,"insuffisante","insuffisante","bonne",1.92,15894.6,961.5,0,1722898,0,1369907,0,21185.2,385.1,17807.6,1690.1,0,239.1,494,20385.9,370.7,17807.6,1690.1,0,104,214.8,4455,81,4042.3,383.7,0,7.2,13.7,"Gaz naturel",19497.7,17807.6,1690.1,1503,1373,130,4426,4042.3,383.7,"Électricité",888.1,0,0,257,0,0,57.4,0,0,,,,,,,,,,,1760,1373,130,0,30,62,"Gaz naturel","Chaudière gaz à condensation 2001-2015","installation individuelle","Radiateur bitube avec robinet thermostatique sur réseau individuel eau chaude haute température(sup ou egal 65°C)","Installation de chauffage simple","Emission n°1",17807.6,55,,,"Chaudière gaz à condensation 2001-2015","Gaz naturel","chauffage + ecs","Chaudière gaz condensation entre 2001 et 2015",17807.6,,,,,,,,,,,,,,,,,,,,,,,,"Gaz naturel","Chaudière gaz à condensation 2001-2015",,,"installation individuelle","Un seul système d'ECS sans solaire","Générateur mixte (chauffage + ecs)",1690.1,1,55,"Non affecté",,,,"Chaudière gaz à condensation 2001-2015","Gaz naturel","chauffage + ecs",,0,,1690.1,"2010-2014",,,,,,,,,"VMC SF Auto réglable avant 1982",55,0,,,,,,,,"Solaire Photovoltaïque",0,,,0,
"2642E0054101Q","2026-01-09","2026-01-08","2026-01-09","2026-01-09","2036-01-08",,,,,,,"DPE 3CL 2021 méthode logement",2.6,"dpe maison individuelle","D","D","maison",1997,"1989-2000",,,2.5,,,1,,,,35.9,,"Lourde","400-800m","H1c","41 Rue de la République 42000 Saint-Étienne","41","Rue de la République","Saint-Étienne","42000","42218","42","84","42218_7630_00041",808938.23,6483164.74,0.98,"adresse non géocodée ban car aucune correspondance trouvée","41 rue DE LA REPUBLIQUE","41 rue DE LA REPUBLIQUE 42000 SAINT-ÉTIENNE","SAINT-ÉTIENNE",42000,,,"Maison individuelle",,,"moyen",1,0,0,1,1,87.9,19.1,12.9,4.3,8.2,2.7,13.3,27.3,"moyenne","bonne",,"insuffisante",,"bonne","moyenne",0.74,4369.1,766.1,0,1212833,0,872608.4,0,8550,238.1,6079.2,1400.6,0,126.9,943.3,8043.1,224,6079.2,1400.6,0,66.8,496.5,1734.3,48.3,1380,317.9,0,4.6,31.8,"Gaz naturel",7479.8,6079.2,1400.6,892,725,167,1697.9,1380,317.9,"Électricité",563.3,0,0,196,0,0,36.4,0,0,,,,,,,,,,,1088,725,167,0,23,173,"Gaz naturel","Chaudière gaz basse température 2001-2015","installation individuelle","Radiateur bitube avec robinet thermostatique sur réseau individuel eau chaude basse ou moyenne température(inf 65°C)","Installation de chauffage simple","Chauffage sans solaire",6079.2,35.9,,,"Chaudière gaz basse température 2001-2015","Gaz naturel","chauffage + ecs","Chaudière basse température",6079.2,,,,,,,,,,,,,,,,,,,,,,,,"Gaz naturel","Chaudière gaz basse température 2001-2015",,,"installation individuelle","Un seul système d'ECS sans solaire","Chaudière basse température Gaz naturel",1400.6,1,35.9,"Non affecté",,,,"Chaudière gaz basse température 2001-2015","Gaz naturel","chauffage + ecs","Chaudière basse température",0,,1400.6,,,,,,,,,,,,0,,,,,,,,,,,,0,
"2666E0031023Y","2026-01-07","2026-01-06","2026-01-07","2026-01-07","2036-01-06",,,"4C6GADF5YMV2","Logiciel",,,"DPE 3CL 2021 méthode logement",2.6,"dpe appartement individuel","C","C","appartement",1979,"1978-1982","individuel","individuel",2.5,,,1,,,,96.1,,"Lourde","inférieur à 400m","H3","20 Boulevard John-Fitzgerald Kennedy 66100 Perpignan","20","Boulevard John-Fitzgerald Kennedy","Perpignan","66100","66136","66","76","66136_2762_00020",692080,6176575.02,0.54,"adresse géocodée ban à l'adresse","20 bis boulevard John-Fitzgerald Kennedy","20 bis boulevard John-Fitzgerald Kennedy 66100 PERPIGNAN","PERPIGNAN",66100,5,,"LE CONCORDE 4","-","Droite","bon",1,1,0,1,1,248.6,20.6,27.6,79.7,0,0.7,51.6,68.4,"insuffisante","insuffisante",,,"insuffisante",,"moyenne",1.19,5853.1,1231.9,0,2112130.4,0,2263864.8,0,12767.1,132.9,9465.8,2675.8,0,346.3,279.2,12470.8,129.8,9465.8,2675.8,0,182.3,146.9,2778.1,28.9,2148.7,607.4,0,12.6,9.4,"Gaz naturel",12141.6,9465.8,2675.8,1334,1040,294,2756.1,2148.7,607.4,"Électricité",329.2,0,0,114,0,0,22,0,0,,,,,,,,,,,1448,1040,294,0,63,51,"Gaz naturel","Chaudière gaz standard 2001-2015","installation individuelle","Radiateur bitube sans robinet thermostatique sur réseau individuel eau chaude haute température(sup ou egal 65°C)","Installation de chauffage simple","Chauffage sans solaire",9465.8,96.1,,,"Chaudière gaz standard 2001-2015","Gaz naturel","chauffage + ecs","Chaudière standard",9465.8,,,,,,,,,,,,,,,,,,,,,,,,"Gaz naturel","Chaudière gaz standard 2001-2015",,,"installation individuelle","Un seul système d'ECS sans solaire","Chaudière standard Gaz naturel",2675.8,1,96.1,"Non affecté",,,,"Chaudière gaz standard 2001-2015","Gaz naturel","chauffage + ecs","Chaudière standard",50,,2675.8,,,,,,,,,,,,0,,,,,,,,,,,,0,
"2675E0018774E","2026-01-06","2024-11-07","2026-01-06","2026-01-06","2036-01-05",,"2675E0018756M",,,,,"DPE 3CL 2021 méthode logement",2.6,"dpe appartement généré à partir des données DPE immeuble","C","C","appartement",,"1983-1988","individuel","individuel",2.5,33,6,1,,1,2231,60,,"Moyenne","inférieur à 400m","H1a",,,,,,,,,,,,,"adresse non géocodée ban car aucune correspondance trouvée","CAPORAL PEUGEOT 11-JACQU - Bat : 02 - 33 rue Jacques Ibert","CAPORAL PEUGEOT 11-JACQU - Bat : 02 - 33 rue Jacques Ibert 75017 PARIS","PARIS",75017,0,,,"c1453015","Lot : 088109 - Porte : 0044 - Etage : 2 - Adresse : 33 rue Jacques Ibert",,,,,,,4182.7,745.8,1264.3,164.4,92.1,99.5,488.3,1328.4,"insuffisante","insuffisante",,,"bonne","insuffisante","moyenne",1.09,163964.7,41798.7,0,71637,0,33583.4,0,8775.5,146,5502.5,2089.2,0,215.5,968.3,8214.7,136,5502.5,2089.2,0,113.4,509.6,1763.8,29,1249.1,474.3,0,7.8,32.6,"Gaz naturel",7591.7,5502.5,2089.2,902.3,654,248.3,1723.3,1249.1,474.3,"Électricité",623,0,0,216.3,0,0,40.4,0,0,,,,,,,,,,,1118.6,654,248.3,0,39.4,176.9,"Gaz naturel","Chaudière gaz standard 2001-2015","installation individuelle","Radiateur bitube avec robinet thermostatique sur réseau individuel eau chaude basse ou moyenne température(inf 65°C)","Installation de chauffage simple","Chaudière individuelle gaz standard installée entre 2001 et 2015 régulée, avec programmateur avec réduit, réseau isolé. Emetteur(s): radiateur bitube avec robinet thermostatique",7101.7,2231,,,"Chaudière gaz standard 2001-2015","Gaz naturel","chauffage + ecs","Gaz Naturel - Chaudière gaz standard installée entre 2001 et 2015",7101.7,,,,,,,,,,,,,,,,,,,,,,,,"Gaz naturel","Chaudière gaz standard 2001-2015",,,"installation individuelle","Un seul système d'ECS sans solaire","Combiné au système de chauffage",2171.9,1,2231,"Non affecté",,,,"Chaudière gaz standard 2001-2015","Gaz naturel","chauffage + ecs","Gaz Naturel - Chaudière gaz standard installée entre 2001 et 2015",0,,2171.9,,,,,,,,,,,,0,,,,,,,,,,,,0,
"2691E0050749P","2026-01-08","2025-12-09","2026-01-08","2026-01-08","2036-01-07",,,"2KP1C8HVFF7N","Logiciel",,"AA6080188","DPE 3CL 2021 méthode logement",2.6,"dpe immeuble collectif","C","B","immeuble",2011,"2006-2012","individuel","individuel",2.5,33,5,,,,1754,,,"Lourde","inférieur à 400m","H1a","94 Boulevard John Kennedy 91100 Corbeil-Essonnes","94","Boulevard John Kennedy","Corbeil-Essonnes","91100","91174","91","11","91174_2380_00094",661401.77,6831839.24,0.78,"adresse géocodée ban à l'adresse","86-94 Boulevard John Kennedy_Bâtiment C","86-94 Boulevard John Kennedy_Bâtiment C 91100 CORBEIL ESSONNES, France","CORBEIL ESSONNES, France",91100,0,,,"2022-036-574_Les Coteaux de Kennedy_Bâtiment C",,,,,,,,2511.2,599.6,399.2,108.3,83.6,0,286.9,1033.6,"moyenne","bonne",,,"bonne","bonne","très bonne",0.7,81524.3,38520,0,54186.7,0,7802.5,0,286029,163,151650,107936.8,0,6298.6,20143.6,150541.6,85,79815.8,56808.8,0,3315.1,10601.9,10905.3,6,6305.4,3692.6,0,228.7,678.5,"Électricité",150541.6,79815.8,56808.8,33740.1,17888.7,12732.3,10905.3,6305.4,3692.6,,,,,,,,,,,,,,,,,,,,,33740.1,17888.7,12732.3,0,743,2376.1,"Électricité","Panneau rayonnant électrique NFC, NF** et NF***","installation individuelle","radiateur électrique NFC, NF** et NF***","Installation de chauffage simple","Radiateur électrique à inertie (modélisé comme un radiateur NFC, NF** et NF***) (système individuel)",2418.7,350.8,,,"radiateur électrique NFC, NF** et NF***","Électricité","chauffage","Electrique - Radiateur électrique à inertie (modélisé comme un radiateur NFC, NF** et NF***)",2418.7,,,,,,"installation individuelle","radiateur électrique NFC, NF** et NF***","Installation de chauffage simple","Radiateur électrique à inertie (modélisé comme un radiateur NFC, NF** et NF***) (système individuel)",2418.7,350.8,,,"radiateur électrique NFC, NF** et NF***","Électricité","chauffage","Electrique - Radiateur électrique à inertie (modélisé comme un radiateur NFC, NF** et NF***)",2418.7,,,,,,"Électricité","Ballon électrique à accumulation vertical Autres ou inconnue",,,"installation individuelle","Un seul système d'ECS sans solaire","Ballon électrique à accumulation vertical (autres catégorie ou inconnue), contenance ballon 200 L",1870.6,1,350.8,"Non affecté",,,,"Ballon électrique à accumulation vertical Autres ou inconnue","Électricité","ecs","Electrique - Ballon électrique à accumulation vertical (autres catégorie ou inconnue)",166.1,,1870.6,,,,,,,,,,,,0,,,,,,,,,,,,0,
"2694E0066669A","2026-01-10","2026-01-06","2026-01-10","2026-01-10","2036-01-09",,,,,,,"DPE 3CL 2021 méthode logement",2.6,"dpe appartement individuel","C","A","appartement",,"1948-1974","individuel","individuel",2.6,,,1,,,,37.3,,"Moyenne","inférieur à 400m","H1a","66 Rue du Maréchal de Lattre de Tassigny 94700 Maisons-Alfort","66","Rue du Maréchal de Lattre de Tassigny","Maisons-Alfort","94700","94046","94","11","94046_6117_00066",658790.03,6857037.76,0.98,"adresse non géocodée ban car aucune correspondance trouvée","66 Rue du Maréchal de Lattre de Tassigny","66 Rue du Maréchal de Lattre de Tassigny 94700 MAISONS ALFORT","MAISONS ALFORT",94700,1,,,,"DROITE","bon",1,1,0,1,1,48.6,0,13.8,0,0,0.9,13.4,20.6,"insuffisante","insuffisante",,,"très bonne","très bonne","bonne",0.76,1287.3,989.1,0,1378292.5,0,903144.5,0,4914.8,131,2305.1,2296.2,0,133.8,179.8,2586.7,69,1213.2,1208.5,0,70.4,94.6,185.3,4,95.8,78.6,0,4.9,6.1,"Électricité",2586.7,1213.2,1208.5,832.3,387.9,387.1,5.5,2.6,2.6,,,,,,,,,,,,,,,,,,,,,832.3,387.9,387.1,0,24.4,32.9,"Électricité","radiateur électrique NFC, NF** et NF***","installation individuelle","radiateur électrique NFC, NF** et NF***","Installation de chauffage simple","Installation de chauffage seul classique",1213.2,37.3,,,"radiateur électrique NFC, NF** et NF***","Électricité","chauffage","Générateur 1",1213.2,,,,,,,,,,,,,,,,,,,,,,,,"Électricité","Ballon électrique à accumulation vertical Catégorie C ou 3 étoiles",,,"installation individuelle","Un seul système d'ECS sans solaire","Installation ECS 1",1208.5,1,37.3,"Non affecté",,,,"Ballon électrique à accumulation vertical Catégorie C ou 3 étoiles","Électricité","ecs","Générateur Ecs 1",60,,1208.5,,,,,,,,,,,,0,,,,,,,,,,,,0,
"2684E0010769Q","2026-01-05","2025-12-30","2026-01-05","2026-01-05","2036-01-04",,"2684E0009170D",,,,,"DPE 3CL 2021 méthode logement",2.6,"dpe appartement généré à partir des données DPE immeuble","C","C","appartement",1957,"1948-1974","individuel","individuel",2.5,48,5,1,,1,2448,51,,"Lourde","inférieur à 400m","H2d",,,,,,,,,,,,,"adresse non géocodée ban car aucune correspondance trouvée","CAPUCINS BAT A - 45/65/85 AVENUE LEON REBOUL","CAPUCINS BAT A - 45/65/85 AVENUE LEON REBOUL 84800 L ISLE SUR LA SORGUE","L ISLE SUR LA SORGUE",84800,0,,,"002EX088489","0603-020855",,,,,,,5845.5,645.5,495.3,1530,244.1,81.4,620.6,2228.5,"insuffisante","moyenne",,,"insuffisante","insuffisante","insuffisante",1.06,190582.2,48397.4,0,65652.1,0,36307.9,0,4434.3,86,2696.4,1381.3,0,191.2,165.4,4265.3,83,2696.4,1381.3,0,100.6,87.1,938.1,18,612.1,313.6,0,6.9,5.6,"Gaz naturel",4077.7,2696.4,1381.3,535,353.8,181.2,925.6,612.1,313.6,"Électricité",187.7,0,0,65.2,0,0,12.5,0,0,,,,,,,,,,,600.2,353.8,181.2,0,34.9,30.2,"Gaz naturel",,"installation individuelle","Radiateur monotube avec robinet thermostatique sur réseau individuel eau chaude haute température(sup ou egal 65°C)","Installation de chauffage simple","Chaudière individuelle gaz à condensation installée à partir de 2016 avec programmateur avec réduit. Emetteur(s): radiateur monotube avec robinet thermostatique",4948.2,489.6,,,"Chaudière gaz à condensation après 2015","Gaz naturel","chauffage","Gaz Naturel - Chaudière gaz à condensation installée à partir de 2016",4948.2,,,,,,"installation individuelle","Radiateur monotube avec robinet thermostatique sur réseau individuel eau chaude haute température(sup ou egal 65°C)","Installation de chauffage simple","Chaudière individuelle gaz à condensation installée à partir de 2016 avec programmateur avec réduit. Emetteur(s): radiateur monotube avec robinet thermostatique",4948.2,489.6,,,"Chaudière gaz à condensation après 2015","Gaz naturel","chauffage","Gaz Naturel - Chaudière gaz à condensation installée à partir de 2016",4948.2,,,,,,"Gaz naturel",,,,"installation individuelle","Un seul système d'ECS sans solaire","Combiné au système de chauffage",1370.5,1,489.6,"Non affecté",,,,"Chaudière gaz à condensation après 2015","Gaz naturel","chauffage + ecs","Gaz Naturel - Chaudière gaz à condensation installée à partir de 2016",0,,1370.5,,,,,,,,,,,,0,,,,,,,,,,,,0,
"2314E4482864M","2026-01-09","2023-07-18","2023-07-18","2023-12-27","2033-07-17",,"2314E4482770W",,,,,"DPE 3CL 2021 méthode logement",2.3,"dpe appartement généré à partir des données DPE immeuble","C","C","appartement",1969,"1948-1974","mixte (collectif-individuel)","collectif",2.5,15,4,1,,1,1221,70,,"Moyenne","inférieur à 400m","H1a","Rue Roger Aini 14100 Lisieux",,"Rue Roger Aini","Lisieux","14100","14366","14","28","14366_1370",499089.03,6897289.99,0.61,"adresse non géocodée ban car aucune correspondance trouvée","26, 28 Roger aini","26, 28 Roger aini14100 LISIEUX","LISIEUX",14100,,,,,"1--9-975861 / 513 / 0181.14.01.0050 /16197239",,,,,,,2292.7,56.9,397.2,44.7,180.9,82,709.8,821,"moyenne","insuffisante",,,,"insuffisante","moyenne",0.71,76535.1,20421.6,0,37670520,0,45238240,0,12505.7,178.6,5737.3,5483.3,0,88.3,80.7,11897,170,5737.3,5483.3,0,38.4,35.1,1289.4,18.4,636.8,608.6,0,2.6,2.2,"Réseau de Chauffage urbain",11220.6,5737.3,5483.3,883.1,451.5,431.5,0,0,0,"Électricité",73.5,0,0,253.3,0,0,4.9,0,0,,,,,,,,,,,1079.3,451.5,431.5,0,132.3,121,"Réseau de Chauffage urbain","Réseau de chaleur non isolé","installation collective multi-bâtiment : modélisée comme un réseau de chaleur","Radiateur bitube avec robinet thermostatique sur réseau collectif eau chaude basse ou moyenne température(inf 65°C)","Installation de chauffage simple","Emission n°1",95841.1,70,,,"Réseau de chaleur non isolé","Réseau de Chauffage urbain","chauffage","Raccordement à un réseau de chaleur collectif",95841.1,,,,,,,,,,,,,,,,,,,,,,,,"Réseau de Chauffage urbain","Réseau de chaleur isolé",,,"installation collective multi-bâtiment : modélisée comme un réseau de chaleur","Un seul système d'ECS sans solaire","Réseau de chaleur",87272,15,70,"Non affecté",,,,"Réseau de chaleur isolé","Réseau de Chauffage urbain","ecs",,0,,87272,"Avant 2010",,,,,,,,,"VMC SF Hygro A avant 2001",70,0,,,,,,,"réseau de chaleur ou de froid vertueux","Solaire Photovoltaïque",0,,,0,
"2685E0035753P","2026-01-07","2026-01-07","2026-01-07","2026-01-07","2036-01-06",,,,,,,"DPE 3CL 2021 méthode logement",2.6,"dpe appartement individuel","C","A","appartement",2000,"1989-2000","individuel","collectif",2.7,1,,1,,,1896,30.7,,"Lourde","inférieur à 400m","H2b","Rue de la Villa de la Paix 85440 Talmont-Saint-Hilaire",,"Rue de la Villa de la Paix","Talmont-Saint-Hilaire","85440","85288","85","52","85288_1795",341041.83,6604696.32,0.43,"adresse géocodée ban à l'adresse","Rue de la Villa de la Paix
Résidence le Parc","Rue de la Villa de la Paix
Résidence le Parc 85440 TALMONT SAINT HILAIRE","TALMONT SAINT HILAIRE",85440,0,,,"DIA-KLG01-2601-003","Etage : 2","insuffisant",0,1,0,1,1,56,3,3.7,4.7,0,7,15.9,21.7,"très bonne","moyenne",,"très bonne",,"très bonne","moyenne",0.27,1448.9,878,0,1160.4,0,1051.9,0,5493.2,178,2600.4,2391.9,0,112.6,388.2,2891.1,94,1368.6,1258.9,0,59.3,204.3,207.1,6,108.1,81.8,0,4.1,13.1,"Électricité",2891.1,1368.6,1258.9,720.4,391.9,253.1,207.1,108.1,81.8,,,,,,,,,,,,,,,,,,,,,720.4,391.9,253.1,0,17,58.5,"Électricité","Convecteur électrique NFC, NF** et NF***","installation individuelle","Convecteur électrique NFC, NF** et NF***","Installation de chauffage simple","Convecteur électrique NFC, NF** et NF*** avec programmateur pièce par pièce (système individuel)",1368.6,30.7,,,"Convecteur électrique NFC, NF** et NF***","Électricité","chauffage","Electrique - Convecteur électrique NFC, NF** et NF***",1368.6,,,,,,,,,,,,,,,,,,,,,,,,"Électricité","Ballon électrique à accumulation vertical Autres ou inconnue",,,"installation collective","Un seul système d'ECS sans solaire","Ballon électrique à accumulation vertical (autres catégorie ou inconnue), contenance ballon 3500 L",1258.9,1,30.7,"Non affecté",,,,"Ballon électrique à accumulation vertical Autres ou inconnue","Électricité","ecs","Electrique - Ballon électrique à accumulation vertical (autres catégorie ou inconnue)",56.7,,1258.9,,,,,,,,,,,,0,,,,,,,,,,,,0,
"2672E0020905A","2026-01-06","2026-01-05","2026-01-06","2026-01-06","2036-01-05",,,"1A6ZW5ECE13D","Logiciel",,,"DPE 3CL 2021 méthode logement",2.6,"dpe maison individuelle","D","B","maison",,"avant 1948",,,2.7,,,1,,,,93.6,,"Légère","inférieur à 400m","H2b","10 Rue de la Promenade 72200 Crosmières","10","Rue de la Promenade","Crosmières","72200","72110","72","52","72110_0060_00010",464027.79,6743244.97,0.41,"adresse géocodée ban à l'adresse","10 Rue de la Promenade","10 Rue de la Promenade 72200 CROSMIERES","CROSMIERES",72200,0,,,"25/IMO/1513",,"moyen",1,1,0,0,1,276,13.5,63.1,28,21.5,12,38.9,99.1,"bonne","moyenne",,,"moyenne","bonne","moyenne",0.51,11389.9,1218.3,0,2618.6,0,1804.8,0,23122.7,247,17200.6,4497.2,0,343,1081.9,12169.8,130,9052.9,2367,0,180.5,569.4,917.9,9,715.2,153.9,0,12.5,36.4,"Électricité",12169.8,9052.9,2367,2519.6,1874.3,490.1,917.9,715.2,153.9,,,,,,,,,,,,,,,,,,,,,2519.6,1874.3,490.1,0,37.4,117.9,"Électricité","radiateur électrique NFC, NF** et NF***","installation individuelle","radiateur électrique NFC, NF** et NF***","Installation de chauffage simple","Radiateur électrique NFC, NF** et NF*** avec programmateur pièce par pièce (système individuel)",9052.9,93.6,,,"radiateur électrique NFC, NF** et NF***","Électricité","chauffage","Electrique - Radiateur électrique à inertie (modélisé comme un radiateur NFC, NF** et NF***)",9052.9,,,,,,,,,,,,,,,,,,,,,,,,"Électricité","Ballon électrique à accumulation vertical Catégorie B ou 2 étoiles",,,"installation individuelle","Un seul système d'ECS sans solaire","Ballon électrique à accumulation vertical (catégorie B ou 2 étoiles), contenance ballon 300 L",2367,1,93.6,"Non affecté",,,,"Ballon électrique à accumulation vertical Catégorie B ou 2 étoiles","Électricité","ecs","Electrique - Ballon électrique à accumulation vertical (catégorie B ou 2 étoiles)",300,,2367,,,,,,,,,,,,0,,,,,,,,,,,,0,
"2684E0011313O","2026-01-05","2025-12-31","2026-01-05","2026-01-05","2036-01-04",,,,,,,"DPE 3CL 2021 méthode logement",2.6,"dpe maison individuelle","C","C","maison",1984,"1983-1988",,,2.5,,,2,,,,66,,"Lourde","inférieur à 400m","H2d",,,,,,,,,,,,,"adresse non géocodée ban car aucune correspondance trouvée","CHANTEGRIV BAT 01 ENT 04 745 AVENUE PIERRE MENDES FRANCE","CHANTEGRIV BAT 01 ENT 04 745 AVENUE PIERRE MENDES FRANCE 84300 CAVAILLON","CAVAILLON",84300,0,,,"002EX088893","Etage : 0","bon",1,1,0,1,1,138.5,21.1,31.1,7.4,16.4,6.7,11.5,44.3,"moyenne","insuffisante",,"insuffisante",,"insuffisante","bonne",0.83,4254.5,959.3,0,1578.1,0,1206.6,0,9078.2,137,6139.5,1578.5,0,247.4,1112.7,8434,127,6139.5,1578.5,0,130.2,585.7,1798.5,27,1393.7,358.3,0,9,37.5,"Gaz naturel",7718.1,6139.5,1578.5,914.3,727.3,187,1752,1393.7,358.3,"Électricité",715.9,0,0,248.6,0,0,46.5,0,0,,,,,,,,,,,1162.9,727.3,187,0,45.2,203.3,"Gaz naturel",,"installation individuelle","Radiateur bitube sans robinet thermostatique sur réseau individuel eau chaude basse ou moyenne température(inf 65°C)","Installation de chauffage simple","Chaudière individuelle gaz à condensation installée entre 2001 et 2015 avec programmateur avec réduit. Emetteur(s): radiateur bitube sans robinet thermostatique",6139.5,66,,,"Chaudière gaz à condensation 2001-2015","Gaz naturel","chauffage + ecs","Gaz Naturel - Chaudière gaz à condensation installée entre 2001 et 2015",6139.5,,,,,,,,,,,,,,,,,,,,,,,,"Gaz naturel",,,,"installation individuelle","Un seul système d'ECS sans solaire","Combiné au système de chauffage",1578.5,1,66,"Non affecté",,,,"Chaudière gaz à condensation 2001-2015","Gaz naturel","chauffage + ecs","Gaz Naturel - Chaudière gaz à condensation installée entre 2001 et 2015",0,,1578.5,,,,,,,,,,,,0,,,,,,,,,,,,0,
"2634E0050212T","2026-01-08","2026-01-08","2026-01-08","2026-01-08","2036-01-07",,,"GSA9WQGNADSC","Logiciel",,,"DPE 3CL 2021 méthode logement",2.6,"dpe maison individuelle","C","B","maison",,"1948-1974",,,2.5,,,1,,,,91.8,,"Lourde","inférieur à 400m","H3","300 Chemin du Mas Castel 34570 Vailhauquès","300","Chemin du Mas Castel","Vailhauquès","34570","34320","34","76","34320_0051_00300",758374.09,6285862.68,0.5,"adresse géocodée ban à l'adresse","300 Bis Chem. du Mas Castel","300 Bis Chem. du Mas Castel 34570 VAILHAUQUÈS, France","VAILHAUQUÈS, France",34570,0,,,"300154",,"bon",1,1,0,1,1,342.6,48.8,99.6,9.9,45.6,6.3,32.8,99.6,"insuffisante","insuffisante",,"très bonne",,"insuffisante","moyenne",0.89,10432.4,1055.4,1307.3,1952.4,238.4,1030,746.8,15243.3,166,10997.4,3713,201.9,331,0,9820.9,106,7586.2,1954.2,106.3,174.2,0,559.2,6,413.3,127,6.8,12,0,"Électricité",6024.9,3790.2,1954.2,1307.5,822.5,424.1,445.3,299.4,127,"Bois – Bûches",3796,3796,0,159.4,159.4,0,113.9,113.9,0,,,,,,,,,,,1466.9,981.9,424.1,23.1,37.8,0,"Bois – Bûches","PAC air/air installée à partir de 2015","installation individuelle","Soufflage d'air chaud (air soufflé) avec distribution par fluide frigorigène","Installation de chauffage avec insert ou poêle bois en appoint","PAC air/air sans réseau de distribution installée à partir de 2015 avec en appoint un foyer fermé installé avant 1990 avec programmateur avec réduit (système individuel)",4791.6,62,,,"Foyer fermé installé avant 1990","Bois – Bûches","chauffage","Bois - Foyer fermé installé avant 1990",3796,"PAC air/air installée à partir de 2015","Électricité","chauffage","Electrique - PAC air/air sans réseau de distribution installée à partir de 2015",995.5,"installation individuelle","radiateur électrique NFC, NF** et NF***","Installation de chauffage simple","Radiateur électrique NFC, NF** et NF*** avec programmateur avec réduit (système individuel)",2794.6,29.9,,,"radiateur électrique NFC, NF** et NF***","Électricité","chauffage","Electrique - Radiateur électrique à inertie (modélisé comme un radiateur NFC, NF** et NF***)",2794.6,,,,,,"Électricité","Ballon électrique à accumulation vertical Autres ou inconnue",,,"installation individuelle","Un seul système d'ECS sans solaire","Ballon électrique à accumulation vertical (autres catégorie ou inconnue), contenance ballon 200 L",1954.2,1,91.8,"Non affecté",,,,"Ballon électrique à accumulation vertical Autres ou inconnue","Électricité","ecs","Electrique - Ballon électrique à accumulation vertical (autres catégorie ou inconnue)",200,,1954.2,,,,,,,,,,,,0,"PAC air/air installée à partir de 2015","Électricité","A partir de 2015","Refroidissement - Electrique - Pompe à chaleur (divisé) - type split",55.2,106.3,"Il existe plusieurs descriptifs ENR",,,,,0,
"2674E0061787M","2026-01-09","2025-12-17","2026-01-09","2026-01-09","2036-01-08",,,"AMTXZAVZCM47","Logiciel",,,"DPE 3CL 2021 méthode logement",2.6,"dpe appartement individuel","D","D","appartement",1969,"1948-1974","collectif","collectif",2.5,18,,1,,,1257.2,78.3,,"Lourde","400-800m","H1c","721 Rue Dominique Cancellieri 74700 Sallanches","721","Rue Dominique Cancellieri","Sallanches","74700","74256","74","84","74256_0289_00721",981445.7,6544792.5,0.97,"adresse géocodée ban à l'adresse","721 Rue Dominique Cancellieri","721 Rue Dominique Cancellieri 74700 Sallanches","Sallanches",74700,4,,,,"Allée_733_Appart_n°121438_R+4_T4","insuffisant",0,1,0,1,1,186.7,37,20.3,8.9,0,0,59,61.5,"insuffisante","insuffisante",,"très bonne",,,"moyenne",0.93,8086,1412,0,2589270.5,0,4609506.4,0,16993.4,217,11821.6,3620.5,0,276.6,1274.7,16258.6,207.7,11821.6,3620.5,0,145.6,670.9,3558.3,45.4,2683.5,821.9,0,10,42.9,"Réseau de Chauffage urbain",15442.1,11821.6,3620.5,1378,1055,323,3505.4,2683.5,821.9,"Électricité",816.5,0,0,283,0,0,53,0,0,,,,,,,,,,,1661,1055,323,0,51,232,"Réseau de Chauffage urbain","Chaudière(s) gaz multi bâtiment modélisée comme un réseau de chaleur","installation collective multi-bâtiment : modélisée comme un réseau de chaleur","Radiateur bitube sans robinet thermostatique sur réseau collectif eau chaude haute température(sup ou egal 65°C)","Installation de chauffage simple","Chaufferie collective",11821.6,78.3,,,"Chaudière(s) gaz multi bâtiment modélisée comme un réseau de chaleur","Réseau de Chauffage urbain","chauffage + ecs","chaudière(s) gaz multi bâtiment modélisée comme un réseau de chaleur",11821.6,,,,,,,,,,,,,,,,,,,,,,,,"Réseau de Chauffage urbain","Chaudière(s) gaz multi bâtiment modélisée comme un réseau de chaleur",,,"installation collective multi-bâtiment : modélisée comme un réseau de chaleur","Un seul système d'ECS sans solaire","Chaufferie collective",3620.5,1,78.3,"Non affecté",,,,"Chaudière(s) gaz multi bâtiment modélisée comme un réseau de chaleur","Réseau de Chauffage urbain","chauffage + ecs","chaudière(s) gaz multi bâtiment modélisée comme un réseau de chaleur",0,,3620.5,,,,,,,,,,,,0,,,,,,,,,,,,0,
"2380E0477280C","2026-01-08","2023-02-13","2023-02-13","2023-02-14","2033-02-12",,,,,,,"DPE 3CL 2021 méthode logement",2.2,"dpe maison individuelle","C","C","maison",1952,"1948-1974",,,2.5,1,2,2,,0,,90,,"Légère","inférieur à 400m","H1a","Rue Henri Dunant 80420 Flixecourt",,"Rue Henri Dunant","Flixecourt","80420","80318","80","32","80318_0580",633728.44,6991714.82,0.79,"adresse non géocodée ban car aucune correspondance trouvée","RUE HENRI DUNANT","RUE HENRI DUNANT80420 FLIXECOURT","FLIXECOURT",80420,,,,,"5-- 12 RUE HENRI DUNANT-1-LogZone","moyen",1,0,0,0,1,156.5,19.8,32.3,5.6,11,2.7,21.2,63.8,"bonne","bonne",,"très bonne",,"très bonne","bonne",0.49,6271.4,1243.8,0,2613102,0,1481556,0,9774.8,108.6,7200.4,1636.7,0,391.2,441.7,9330.6,103.7,7200.4,1636.7,0,170.1,192,1980,22,1634.5,371.5,0,11.7,12.3,"Gaz naturel",8837.1,7200.4,1636.7,808,658,150,2006,1634.5,371.5,"Électricité",493.5,0,0,142,0,0,32.4,0,0,,,,,,,,,,,950,658,150,0,49,55,"Gaz naturel","Chaudière gaz à condensation après 2015","installation individuelle","Radiateur bitube avec robinet thermostatique sur réseau individuel eau chaude haute température(sup ou egal 65°C)","Installation de chauffage simple","Emission n°1",7200.4,90,,,"Chaudière gaz à condensation après 2015","Gaz naturel","chauffage + ecs","Chaudière gaz condensation depuis 2016",7200.4,,,,,,,,,,,,,,,,,,,,,,,,"Gaz naturel","Chaudière gaz à condensation après 2015",,,"installation individuelle","Un seul système d'ECS sans solaire","Générateur mixte (chauffage + ecs)",1636.7,1,90,"Non affecté",,,,"Chaudière gaz à condensation après 2015","Gaz naturel","chauffage + ecs",,0,,1636.7,"A partir de 2015",,,,,,,,,"VMC SF Hygro A après 2012",90,1,,,,,,,,"Solaire Photovoltaïque",0,,,0,
"2615E0071822E","2026-01-12","2026-01-12","2026-01-12","2026-01-12","2036-01-11",,,,,,,"DPE 3CL 2021 méthode logement",2.6,"dpe appartement individuel","D","D","appartement",,"avant 1948","individuel","individuel",2.6,1,,2,,,,74,,"Légère","400-800m","H1c","14 Rue François Maynard 15000 Aurillac","14","Rue François Maynard","Aurillac","15000","15014","15","84","15014_0950_00014",655322.19,6424713.86,0.61,"adresse géocodée ban à l'adresse","14 Rue François Maynard","14 Rue François Maynard 15000 AURILLAC","AURILLAC",15000,0,,,"DIA-BRL03-2601-016","Etage : 3 (droite)","insuffisant",0,1,0,0,1,181.2,34.6,25.9,10.8,3.6,0.9,20,85.5,"bonne","moyenne","bonne",,,"insuffisante","très bonne",0.56,8892,1380.9,0,2476.6,0,3567,0,16739.5,226,13764.9,2302.6,0,261.5,410.4,16421.2,221,13764.9,2302.6,0,137.6,216,3670.7,49,3124.6,522.7,0,9.5,13.8,"Gaz naturel",16067.5,13764.9,2302.6,1706.5,1461.9,244.6,3647.3,3124.6,522.7,"Électricité",353.6,0,0,122.8,0,0,23.3,0,0,,,,,,,,,,,1829.3,1461.9,244.6,0,47.8,75,"Gaz naturel","Chaudière gaz basse température 1991-2000","installation individuelle","Radiateur bitube sans robinet thermostatique sur réseau individuel eau chaude basse ou moyenne température(inf 65°C)","Installation de chauffage simple","Chaudière individuelle gaz basse température installée entre 1991 et 2000 avec programmateur avec réduit. Emetteur(s): radiateur bitube sans robinet thermostatique",13764.9,74,,,"Chaudière gaz basse température 1991-2000","Gaz naturel","chauffage + ecs","Gaz Naturel - Chaudière gaz basse température installée entre 1991 et 2000",13764.9,,,,,,,,,,,,,,,,,,,,,,,,"Gaz naturel","Chaudière gaz basse température 1991-2000",,,"installation individuelle","Un seul système d'ECS sans solaire","Combiné au système de chauffage",2302.6,1,74,"Non affecté",,,,"Chaudière gaz basse température 1991-2000","Gaz naturel","chauffage + ecs","Gaz Naturel - Chaudière gaz basse température installée entre 1991 et 2000",0,,2302.6,,,,,,,,,,,,0,,,,,,,,,,,,0,
"2613E0013648Q","2026-01-05","2025-10-10","2026-01-05","2026-01-05","2036-01-04",,"2613E0013514M","CXGWYB7NA8YE","Logiciel",,,"DPE 3CL 2021 méthode logement",2.6,"dpe appartement généré à partir des données DPE immeuble","B","B","appartement",,"2001-2005","individuel","individuel",2.5,11,3,1,,0,736.8,50.1,,"Lourde","inférieur à 400m","H3","35 Route des Milles 13090 Aix-en-Provence","35","Route des Milles","Aix-en-Provence","13090","13001","13","93","13001_1948_00035",897298.74,6270887.67,0.71,"adresse géocodée ban à l'adresse","35 route des Milles","35 route des Milles 13090 AIX EN PROVENCE","AIX EN PROVENCE",13090,0,,,"DPE2420BATB_102025","ARC 2000 - Bât. B 2420509701",,,,,,,1399.6,294.7,254.3,31.5,72.7,11,267.7,467.7,"moyenne","insuffisante",,"très bonne",,"moyenne","moyenne",0.77,23642.1,11698.7,0,17430.1,0,22043.4,0,3040.6,60,489.9,1740,0,180.6,630.1,2656.6,53,489.9,1740,0,95.1,331.6,534,10,111.2,395,0,6.6,21.2,"Gaz naturel",2229.9,489.9,1740,292.6,64.3,228.3,506.2,111.2,395,"Électricité",426.7,0,0,110.2,0,0,27.8,0,0,,,,,,,,,,,402.7,64.3,228.3,0,33,77.2,"Gaz naturel",,"installation individuelle","Radiateur bitube avec robinet thermostatique sur réseau individuel eau chaude basse ou moyenne température(inf 65°C)","Installation de chauffage simple","Chaudière individuelle gaz basse température installée entre 2001 et 2015 avec programmateur avec réduit. Emetteur(s): radiateur bitube avec robinet thermostatique",3193.2,245.6,,,"Chaudière gaz basse température 2001-2015","Gaz naturel","chauffage + ecs","Gaz Naturel - Chaudière gaz basse température installée entre 2001 et 2015",3193.2,,,,,,"installation individuelle","Radiateur bitube avec robinet thermostatique sur réseau individuel eau chaude basse ou moyenne température(inf 65°C)","Installation de chauffage simple","Chaudière individuelle gaz basse température installée entre 2001 et 2015 avec programmateur avec réduit. Emetteur(s): radiateur bitube avec robinet thermostatique",3189.1,245.6,,,"Chaudière gaz basse température 2001-2015","Gaz naturel","chauffage + ecs","Gaz Naturel - Chaudière gaz basse température installée entre 2001 et 2015",3189.1,,,,,,"Gaz naturel",,,,"installation individuelle","Un seul système d'ECS sans solaire","Combiné au système de chauffage",2027.4,1,245.6,"Non affecté",,,,"Chaudière gaz basse température 2001-2015","Gaz naturel","chauffage + ecs","Gaz Naturel - Chaudière gaz basse température installée entre 2001 et 2015",3,,2027.4,,,,,,,,,,,,0,,,,,,,,,,,,0,
"2675E0023773L","2026-01-06","2025-10-16","2026-01-06","2026-01-06","2036-01-05",,"2675E0023675R",,,,,"DPE 3CL 2021 méthode logement",2.6,"dpe appartement généré à partir des données DPE immeuble","E","D","appartement",,"1948-1974","collectif","collectif",2.5,160,10,1,,1,4431,30,,"Très lourde","inférieur à 400m","H1a","9 Rue du Chevaleret 75013 Paris","9","Rue du Chevaleret","Paris","75013","75113","75","11","75113_1990_00009",654340.75,6858595.23,0.82,"adresse géocodée ban à l'adresse","3-5-7-9 rue du Chevaleret","3-5-7-9 rue du Chevaleret 75013 PARIS 13","PARIS 13",75013,0,,,"251016STH_PARIS 1331293","Batiment 01050064010024",,,,,,,16362.9,2340,10808.1,112,9.8,2,24.8,3066.2,"insuffisante","insuffisante",,,"très bonne","très bonne","bonne",2.1,805060.5,139490.3,0,177611.7,0,2161.9,0,8818.2,293,6899,1506,0,107.7,305.4,8622.5,287,6899,1506,0,56.7,160.7,1543.9,51,1255.6,274.1,0,3.9,10.3,"Réseau de Chauffage urbain",8405.1,6899,1506,749.8,615.5,134.4,1529.7,1255.6,274.1,"Électricité",217.4,0,0,52.4,0,0,14.2,0,0,,,,,,,,,,,802.2,615.5,134.4,0,19.7,32.7,"Réseau de Chauffage urbain","Réseau de chaleur isolé","installation collective","Radiateur monotube avec robinet thermostatique sur réseau collectif eau chaude haute température(sup ou egal 65°C)","Installation de chauffage simple","Réseau de chaleur vertueux isolé avec équipement d'intermittence central collectif, réseau isolé. Emetteur(s): radiateur monotube avec robinet thermostatique",1018988.8,4431,,,"Réseau de chaleur isolé","Réseau de Chauffage urbain","chauffage + ecs","Réseau de chaleur isolé",1018988.8,,,,,,,,,,,,,,,,,,,,,,,,"Réseau de Chauffage urbain","Réseau de chaleur isolé",,,"installation collective","Un seul système d'ECS sans solaire","Combiné au système de chauffage, contenance ballon 9000 L",298056.1,1,4431,"Non affecté",,,,"Réseau de chaleur isolé","Réseau de Chauffage urbain","chauffage + ecs","Réseau de chaleur isolé",9000,,298056.1,,,,,,,,,,,,0,,,,,,,"réseau de chaleur ou de froid vertueux",,,,,0,
"2660E0028986J","2026-01-06","2026-01-05","2026-01-06","2026-01-06","2036-01-05",,,,,,,"DPE 3CL 2021 méthode logement",2.6,"dpe appartement individuel","C","C","appartement",1976,"1975-1977","collectif","collectif",2.5,1,,1,,,4608,25.5,,"Moyenne","inférieur à 400m","H1a","84 Rue Jean Baptiste Carpeaux 60100 Creil","84","Rue Jean Baptiste Carpeaux","Creil","60100","60175","60","32","60175_0594_00084",662488.07,6906916.38,0.59,"adresse géocodée ban à l'adresse","84 RUE JB CARPEAUX
LOGEMENT 1 - N° de cité: 00320125","84 RUE JB CARPEAUX
LOGEMENT 1 - N° de cité: 00320125 60100 CREIL","CREIL",60100,0,,,"25-HLMOISE-686","Bat. C; RDC","moyen",1,0,0,0,0,62.9,8.8,26.5,0,11.2,1,5.4,10,"moyenne","insuffisante",,"très bonne",,"insuffisante","très bonne",0.82,2256.5,845,0,1048.8,0,832.4,0,4562.8,178,2894.2,1131.2,0,91.6,445.8,4308.2,168,2894.2,1131.2,0,48.2,234.7,598,23,416.8,162.9,0,3.3,15,"Réseau de Chauffage urbain",4025.4,2894.2,1131.2,359.1,258.2,100.9,579.7,416.8,162.9,"Électricité",282.9,0,0,73.1,0,0,18.3,0,0,,,,,,,,,,,432.2,258.2,100.9,0,16.7,56.3,"Réseau de Chauffage urbain","Réseau de chaleur isolé","installation collective","Radiateur bitube avec robinet thermostatique sur réseau collectif eau chaude basse ou moyenne température(inf 65°C)","Installation de chauffage simple","Réseau de chaleur vertueux isolé avec équipement d'intermittence central collectif, réseau isolé. Emetteur(s): radiateur bitube avec robinet thermostatique",2894.2,25.5,,,"Réseau de chaleur isolé","Réseau de Chauffage urbain","chauffage + ecs","Réseau de chaleur isolé",2894.2,,,,,,,,,,,,,,,,,,,,,,,,"Réseau de Chauffage urbain","Réseau de chaleur isolé",,,"installation collective","Un seul système d'ECS sans solaire","Combiné au système de chauffage",1131.2,1,25.5,"Non affecté",,,,"Réseau de chaleur isolé","Réseau de Chauffage urbain","chauffage + ecs","Réseau de chaleur isolé",0,,1131.2,,,,,,,,,,,,0,,,,,,,"réseau de chaleur ou de froid vertueux",,,,,0,
"2694E0082180P","2026-01-12","2026-01-08","2026-01-12","2026-01-12","2036-01-11",,,,,,,"DPE 3CL 2021 méthode logement",2.6,"dpe appartement individuel","F","C","appartement",,"avant 1948","individuel","individuel",2.5,1,,1,,,,41.7,,"Moyenne","inférieur à 400m","H1a","17 Rue Allard 94160 Saint-Mandé","17","Rue Allard","Saint-Mandé","94160","94067","94","11","94067_0035_00017",657105.73,6860223.7,0.62,"adresse géocodée ban à l'adresse","17 RUE ALLARD","17 RUE ALLARD 94160 ST MANDE, France","ST MANDE, France",94160,0,,,"26/IMO/821",,"insuffisant",0,1,0,0,0,179.6,10.4,104.7,0,0,2.8,13,48.7,"insuffisante","insuffisante",,"très bonne",,"très bonne","moyenne",2.2,8457,1044.2,0,1504.3,0,912.9,0,17473.4,418,14045.9,3088.4,0,149.9,189.3,9196.5,220,7392.6,1625.5,0,78.9,99.6,701.5,16,584,105.7,0,5.4,6.4,"Électricité",9196.5,7392.6,1625.5,1933.1,1553.9,341.7,701.5,584,105.7,,,,,,,,,,,,,,,,,,,,,1933.1,1553.9,341.7,0,16.6,20.9,"Électricité","radiateur électrique NFC, NF** et NF***","installation individuelle","radiateur électrique NFC, NF** et NF***","Installation de chauffage simple","Radiateur électrique à inertie (modélisé comme un radiateur NFC, NF** et NF***) (système individuel)",7392.6,41.7,,,"radiateur électrique NFC, NF** et NF***","Électricité","chauffage","Electrique - Radiateur électrique à inertie (modélisé comme un radiateur NFC, NF** et NF***)",7392.6,,,,,,,,,,,,,,,,,,,,,,,,"Électricité","Ballon électrique à accumulation horizontal",,,"installation individuelle","Un seul système d'ECS sans solaire","Ballon électrique à accumulation horizontal, contenance ballon 80 L",1625.5,1,41.7,"Non affecté",,,,"Ballon électrique à accumulation horizontal","Électricité","ecs","Electrique - Ballon électrique à accumulation horizontal",80,,1625.5,,,,,,,,,,,,0,,,,,,,,,,,,0,
"2688E0016745Q","2026-01-05","2024-12-12","2026-01-05","2026-01-05","2036-01-04","2588E3613280W","2688E0016727Y",,,,,"DPE 3CL 2021 méthode logement",2.6,"dpe appartement généré à partir des données DPE immeuble","C","A","appartement",,"avant 1948","individuel","individuel",2.4,7,4,1,,0,514.5,64.3,,"Légère","inférieur à 400m","H1b","24 Quai Colonel Sérot 88000 Épinal","24","Quai Colonel Sérot","Épinal","88000","88160","88","44","88160_0636_00024",956348.49,6792079.91,0.6,"adresse géocodée ban à l'adresse","24 Quai Colonel Serot","24 Quai Colonel Serot 88000 EPINAL","EPINAL",88000,0,,,"24/HDI/0104","Immeuble complet 1er Droit",,,,,,,1210,527,106.8,14.8,28.8,15.1,158,359.5,"moyenne","très bonne",,"très bonne",,"très bonne","très bonne",0.85,49189,9276.2,3456,15335.3,501.1,13057.2,2572,7500.6,116,3123.7,3464.4,97.2,222.4,592.9,3947.7,61,1644.1,1823.3,51.1,117.1,312,279.7,4,129.9,118.5,3.3,8.1,20,"Électricité",3947.7,1644.1,1823.3,906,377.3,418.5,279.7,129.9,118.5,,,,,,,,,,,,,,,,,,,,,906,377.3,418.5,11.7,26.9,71.6,"Électricité",,"installation individuelle","Soufflage d'air chaud (air soufflé) avec distribution par réseau aéraulique","Installation de chauffage simple","PAC air/air installée à partir de 2015 avec programmateur pièce par pièce, réseau isolé (système individuel)",1952.8,514.5,,,"PAC air/air installée à partir de 2015","Électricité","chauffage","Electrique - PAC air/air sans réseau de distribution installée à partir de 2015",1952.8,,,,,,,,,,,,,,,,,,,,,,,,"Électricité",,,,"installation individuelle","Un seul système d'ECS sans solaire","Ballon électrique à accumulation vertical (catégorie C ou 3 étoiles), contenance ballon 200 L",1916,1,514.5,"Non affecté",,,,"Ballon électrique à accumulation vertical Catégorie C ou 3 étoiles","Électricité","ecs","Electrique - Ballon électrique à accumulation vertical (catégorie C ou 3 étoiles)",200,,1916,,,,,,,,,,,,0,"PAC air/air installée à partir de 2015","Électricité","A partir de 2015","Refroidissement - Electrique - Pompe à chaleur air/air",514.5,409.3,"pompe à chaleur",,,,,0,
"2675E0018771B","2026-01-06","2024-11-07","2026-01-06","2026-01-06","2036-01-05",,"2675E0018756M",,,,,"DPE 3CL 2021 méthode logement",2.6,"dpe appartement généré à partir des données DPE immeuble","D","D","appartement",,"1983-1988","individuel","individuel",2.5,33,6,1,,1,2231,47,,"Moyenne","inférieur à 400m","H1a",,,,,,,,,,,,,"adresse non géocodée ban car aucune correspondance trouvée","CAPORAL PEUGEOT 11-JACQU - Bat : 02 - 33 rue Jacques Ibert","CAPORAL PEUGEOT 11-JACQU - Bat : 02 - 33 rue Jacques Ibert 75017 PARIS","PARIS",75017,0,,,"c1453015","Lot : 088106 - Porte : 0041 - Etage : 2 - Adresse : 33 rue Jacques Ibert",,,,,,,4182.7,745.8,1264.3,164.4,92.1,99.5,488.3,1328.4,"insuffisante","insuffisante",,,"bonne","insuffisante","moyenne",1.09,163964.7,41798.7,0,71637,0,33583.4,0,7053.7,150,4222.4,1907.6,0,168.8,754.9,6616.2,140,4222.4,1907.6,0,88.8,397.3,1423.1,30,958.5,433,0,6.1,25.4,"Gaz naturel",6130.1,4222.4,1907.6,763.6,526,237.6,1391.5,958.5,433,"Électricité",486.1,0,0,168.8,0,0,31.6,0,0,,,,,,,,,,,932.4,526,237.6,0,30.8,137.9,"Gaz naturel","Chaudière gaz standard 2001-2015","installation individuelle","Radiateur bitube avec robinet thermostatique sur réseau individuel eau chaude basse ou moyenne température(inf 65°C)","Installation de chauffage simple","Chaudière individuelle gaz standard installée entre 2001 et 2015 régulée, avec programmateur avec réduit, réseau isolé. Emetteur(s): radiateur bitube avec robinet thermostatique",7101.7,2231,,,"Chaudière gaz standard 2001-2015","Gaz naturel","chauffage + ecs","Gaz Naturel - Chaudière gaz standard installée entre 2001 et 2015",7101.7,,,,,,,,,,,,,,,,,,,,,,,,"Gaz naturel","Chaudière gaz standard 2001-2015",,,"installation individuelle","Un seul système d'ECS sans solaire","Combiné au système de chauffage",2171.9,1,2231,"Non affecté",,,,"Chaudière gaz standard 2001-2015","Gaz naturel","chauffage + ecs","Gaz Naturel - Chaudière gaz standard installée entre 2001 et 2015",0,,2171.9,,,,,,,,,,,,0,,,,,,,,,,,,0,
"2214E1530401E","2026-01-09","2022-07-05","2022-07-05","2022-07-05","2032-07-04",,,"QWE4E4HGC9J6","Reprise RNB",,,"DPE 3CL 2021 méthode logement",2.1,"dpe maison individuelle","F","F","maison",1958,"1948-1974",,,2.5,1,1,1,,0,,60,,"Lourde","inférieur à 400m","H1a","6 Rue des Cités Jardin 14270 Mézidon Vallée d'Auge","14","Rue des Cités Jardin","Mézidon Vallée d'Auge","14270","14431","14","28","14431_1340_00006",481803.2,6891039.41,0.37,"adresse géocodée ban à l'adresse","14 Rue des Cités Jardin","14 Rue des Cités Jardin14270 Mézidon Vallée d'Auge","Mézidon Vallée d'Auge",14270,,,"LE MESNIL MAUGE","1-Bâtiment n°1-1-/ 0098.01.99.0014","1-/ 0098.01.99.0014","moyen",1,0,0,0,1,238.1,28.7,94.9,6.2,24.5,13.5,19,51.3,"insuffisante","insuffisante",,"très bonne",,"bonne","moyenne",1.01,11090.4,1022.9,0,1863235,0,1396791,0,17437.7,290.6,14151.5,2075.2,0,260.8,499.9,16864.1,281.1,14151.5,2075.2,0,113.4,217.4,4440,74,3849.2,564.5,0,7.8,13.9,"GPL",16226.7,14151.5,2075.2,2321,2024,297,4413.7,3849.2,564.5,"Électricité",637.4,0,0,185,0,0,41.4,0,0,,,,,,,,,,,2506,2024,297,0,33,63,"GPL","Chaudière gpl/propane/butane à condensation 2001-2015","installation individuelle","Radiateur bitube sans robinet thermostatique sur réseau individuel eau chaude haute température(sup ou egal 65°C)","Installation de chauffage simple","Emission n°1",14151.5,60,,,"Chaudière gpl/propane/butane à condensation 2001-2015","GPL","chauffage + ecs","Chaudière gaz condensation entre 2001 et 2015",14151.5,,,,,,,,,,,,,,,,,,,,,,,,"GPL","Chaudière gpl/propane/butane standard 1991-2000",,,"installation individuelle","Un seul système d'ECS sans solaire","Générateur mixte (chauffage + ecs)",2075.2,1,60,"Non affecté",,,,"Chaudière gpl/propane/butane standard 1991-2000","GPL","chauffage + ecs",,40,,2075.2,"2010-2014",,,,,,,,,"VMC SF Auto réglable après 2012",60,1,,,,,,,,"Solaire Photovoltaïque",0,,,0,
"2635E0004998U","2026-01-02","2026-01-02","2026-01-02","2026-01-02","2036-01-01",,,"RS85TS7QYFDZ","Logiciel",,,"DPE 3CL 2021 méthode logement",2.6,"dpe maison individuelle","F","F","maison",,"1948-1974",,,2.7,,,1,,,,93,,"Légère","inférieur à 400m","H2a","16 Rue Raoul David 35500 Vitré","16","Rue Raoul David","Vitré","35500","35360","35","53","35360_1875_00016",386499.2,6787984.5,0.61,"adresse géocodée ban à l'adresse","16 rue Raoul DAVID","16 rue Raoul DAVID 35500 VITRE","VITRE",35500,0,,,"350201634",,"moyen",1,1,0,0,1,424.5,59,180.4,9.8,31.1,15.4,42,86.8,"insuffisante","insuffisante",,"très bonne",,"moyenne","moyenne",1.06,18589.7,1210.2,0,2816.6,0,3915.7,0,27274.7,293,22664.6,3042.1,0,333.8,1234.2,26531.9,285,22664.6,3042.1,0,175.7,649.6,8382.7,90,7343.3,985.7,0,12.1,41.6,"Fioul domestique",25706.7,22664.6,3042.1,3810,3359.1,450.9,8329,7343.3,985.7,"Électricité",825.2,0,0,286.5,0,0,53.7,0,0,,,,,,,,,,,4096.5,3359.1,450.9,0,61,225.5,"Fioul domestique",,"installation individuelle","Radiateur bitube avec robinet thermostatique sur réseau individuel eau chaude haute température(sup ou egal 65°C)","Installation de chauffage simple","Chaudière individuelle fioul classique installée entre 1981 et 1990 régulée, réseau isolé. Emetteur(s): radiateur bitube avec robinet thermostatique",22664.6,93,,,"Chaudière fioul classique 1981-1990","Fioul domestique","chauffage + ecs","Fioul - Chaudière fioul classique installée entre 1981 et 1990",22664.6,,,,,,,,,,,,,,,,,,,,,,,,"Fioul domestique",,,,"installation individuelle","Un seul système d'ECS sans solaire","Combiné au système de chauffage, contenance ballon 90 L",3042.1,1,93,"Non affecté",,,,"Chaudière fioul classique 1981-1990","Fioul domestique","chauffage + ecs","Fioul - Chaudière fioul classique installée entre 1981 et 1990",90,,3042.1,,,,,,,,,,,,0,,,,,,,,,,,,0,
"2667E0028793F","2026-01-06","2026-01-06","2026-01-06","2026-01-06","2036-01-05","2667E0028712C",,,,,,"DPE 3CL 2021 méthode logement",2.6,"dpe appartement individuel","E","E","appartement",,"avant 1948","collectif","collectif",2.8,1,,1,,,300,107,,"Moyenne","inférieur à 400m","H1b","7 Rue Erckmann-chatrian 67700 Saverne","7","Rue Erckmann-chatrian","Saverne","67700","67437","67","44","67437_0410_00007",1020234.63,6857683.45,0.61,"adresse géocodée ban à l'adresse","7 Rue Erckmann Chatrian","7 Rue Erckmann Chatrian 67700 SAVERNE","SAVERNE",67700,0,,,"2023-10-009","Etage : Rdc","insuffisant",0,1,0,0,0,323,19.9,178.2,0,13.4,0,29.8,81.7,"insuffisante","insuffisante",,"très bonne",,"moyenne","très bonne",1,14037.3,1558.8,0,2973.7,0,3158.6,0,24976.7,233,19756.8,2684.7,0,370.3,2165,23775.8,222,19756.8,2684.7,0,194.9,1139.5,7357.4,68,6401.2,869.8,0,13.4,72.9,"Fioul domestique",22441.5,19756.8,2684.7,3326.1,2928.1,397.9,7271,6401.2,869.8,"Électricité",1334.3,0,0,442,0,0,86.4,0,0,,,,,,,,,,,3768.1,2928.1,397.9,0,67.7,374.3,"Fioul domestique","Chaudière fioul basse température 1991-2015","installation collective","Radiateur bitube avec robinet thermostatique sur réseau collectif eau chaude basse ou moyenne température(inf 65°C)","Installation de chauffage simple","Chaudière collective fioul basse température installée entre 1991 et 2015 régulée, avec équipement d'intermittence central collectif, réseau isolé. Emetteur(s): radiateur bitube avec robinet thermostatique",19756.8,107,,,"Chaudière fioul basse température 1991-2015","Fioul domestique","chauffage + ecs","Fioul - Chaudière fioul basse température installée entre 1991 et 2015",19756.8,,,,,,,,,,,,,,,,,,,,,,,,"Fioul domestique","Chaudière fioul basse température 1991-2015",,,"installation collective","Un seul système d'ECS sans solaire","Combiné au système de chauffage, contenance ballon 108 L",2684.7,1,107,"Non affecté",,,,"Chaudière fioul basse température 1991-2015","Fioul domestique","chauffage + ecs","Fioul - Chaudière fioul basse température installée entre 1991 et 2015",38.5,,2684.7,,,,,,,,,,,,0,,,,,,,,,,,,0,
"2630E0068212X","2026-01-11","2026-01-09","2026-01-11","2026-01-11","2036-01-10",,,"23SG2GH92KSW","Logiciel",,,"DPE 3CL 2021 méthode logement",2.6,"dpe maison individuelle","D","C","maison",1930,"avant 1948",,,2.9,,,2,,,,107.6,,"Lourde","inférieur à 400m","H3","22 Place de la Fontaine 30640 Beauvoisin","22","Place de la Fontaine","Beauvoisin","30640","30033","30","76","30033_0050_00022",806696.84,6292073.18,0.95,"adresse géocodée ban à l'adresse","22 place de la Fontaine","22 place de la Fontaine 30640 BEAUVOISIN","BEAUVOISIN",30640,,,,,,"bon",1,1,0,1,1,573.7,38,283.1,56.7,35.7,5.2,39.3,115.9,"insuffisante","insuffisante",,,"insuffisante","moyenne","moyenne",1.58,17244.9,1120.5,1663.4,2012225.5,271569.5,1969817.5,908012.6,23809.9,221.3,19727.4,3273.5,399.2,387.8,22,16239.5,151,14090.8,1722.9,210.1,204.1,11.6,2412,22.4,2271.7,112,13.4,14.1,0.7,"Électricité",8411.6,6262.9,1722.9,1777,1324,364,635,494.8,112,"Gaz naturel",7827.8,7827.8,0,925,925,0,1776.9,1776.9,0,,,,,,,,,,,2702,2249,364,44,43,2,"Gaz naturel","radiateur à gaz indépendant ou autonome avant 2006","installation individuelle","Radiateur gaz à ventouse ou sur conduit de fumée","Installation de chauffage simple","Chauffage sans solaire",7827.8,43.4,,,"radiateur à gaz indépendant ou autonome avant 2006","Gaz naturel","chauffage","Radiateur gaz à ventouse",7827.8,,,,,,"installation individuelle","Convecteur électrique NFC, NF** et NF***","Installation de chauffage simple","Chauffage sans solaire",5439.9,43.2,,,"Convecteur électrique NFC, NF** et NF***","Électricité","chauffage","Convecteur électrique NFC",5439.9,,,,,,"Électricité","Ballon électrique à accumulation vertical Catégorie B ou 2 étoiles",,,"installation individuelle","Un seul système d'ECS sans solaire","Chauffe-eau vertical Electrique",1722.9,1,107.6,"Non affecté",,,,"Ballon électrique à accumulation vertical Catégorie B ou 2 étoiles","Électricité","ecs","Chauffe-eau vertical",100,,1722.9,,,,,,,,,,,,0,"PAC air/air installée à partir de 2015","Électricité","A partir de 2015","Pac air / air DAIKIN",107.6,210.1,"pompe à chaleur",,,,,0,
"2660E0070001W","2026-01-12","2026-01-09","2026-01-12","2026-01-12","2036-01-11",,,,,,,"DPE 3CL 2021 méthode logement",2.6,"dpe maison individuelle","D","B","maison",,"avant 1948",,,2.6,,,1,,,,73.9,,"Moyenne","inférieur à 400m","H1a","22 Rue de la Tourelle 60250 Mouchy-le-Châtel","22","Rue de la Tourelle","Mouchy-le-Châtel","60250","60437","60","32","60437_0025_00022",645597.79,6914306.62,0.33,"adresse géocodée ban à l'adresse","22 RUE DE LA TOURELLE","22 RUE DE LA TOURELLE 60250 MOUCHY LE CHATEL","MOUCHY LE CHATEL",60250,0,,,"M00010035/JB",,"insuffisant",0,0,0,0,0,196.4,29.7,21.8,9.8,34,6.2,20.7,74.1,"bonne","très bonne",,,"très bonne","insuffisante","bonne",0.48,8614.8,1165,0,2236.3,0,1443.6,0,16385.3,221,14470.5,1066.7,0,265.5,582.5,8623.8,116,7616.1,561.4,0,139.7,306.6,667.4,9,601.7,36.5,0,9.6,19.6,"Électricité",8623.8,7616.1,561.4,1820.1,1607.4,118.5,667.4,601.7,36.5,,,,,,,,,,,,,,,,,,,,,1820.1,1607.4,118.5,0,29.5,64.7,"Électricité","Plancher ou plafond rayonnant électrique avec régulation terminale","installation individuelle","Plancher rayonnant électrique avec régulation terminale","Installation de chauffage simple","Plancher rayonnant électrique avec régulation terminale avec programmateur avec réduit (système individuel)",6755.6,64.7,,,"Plancher ou plafond rayonnant électrique avec régulation terminale","Électricité","chauffage","Electrique - Plancher rayonnant électrique avec régulation terminale",6755.6,,,,,,"installation individuelle","radiateur électrique NFC, NF** et NF***","Installation de chauffage simple","Radiateur électrique à fluide caloporteur (modélisé comme un radiateur NFC, NF** et NF***) avec programmateur pièce par pièce (système individuel)",860.4,9.2,,,"radiateur électrique NFC, NF** et NF***","Électricité","chauffage","Electrique - Radiateur électrique à inertie (modélisé comme un radiateur NFC, NF** et NF***)",860.4,,,,,,"Électricité","CET sur air extérieur après 2014",,,"installation individuelle","Un seul système d'ECS sans solaire","Chauffe-eau thermodynamique sur air extérieur installé à partir de 2015, contenance ballon 200 L",561.4,1,73.9,"Non affecté",,,,"CET sur air extérieur après 2014","Électricité","ecs","Electrique - Chauffe-eau thermodynamique sur air extérieur installé à partir de 2015",200,2.5,561.4,"A partir de 2015",,,,,,,,,,,0,,,,,,,"chauffe-eau thermodynamique",,,,,0,
"2662E0020524Z","2026-01-06","2025-11-25","2026-01-06","2026-01-06","2036-01-05",,,,,,,"DPE 3CL 2021 méthode logement",2.6,"dpe maison individuelle","D","B","maison",1997,"1989-2000",,,2.5,,,1,,,,52,,"Légère","inférieur à 400m","H1a","3 Rue George Sand 62510 Arques","3","Rue George Sand","Arques","62510","62040","62","32","62040_0666_00003",650627.99,7071519.4,0.51,"adresse géocodée ban à l'adresse","3 RUE GEORGE SAND","3 RUE GEORGE SAND 62510 ARQUES","ARQUES",62510,0,,,"LOGIS/BAR/003782","05104-00004","moyen",1,0,0,0,1,109.4,6.5,19,5.1,13.6,4.1,17,44.2,"très bonne","moyenne",,"très bonne",,"moyenne","bonne",0.42,4094.7,924.7,0,1638.7,0,1464.1,0,11154.6,214,7060.2,3075.4,0,186.7,832.2,5870.8,112,3715.9,1618.6,0,98.3,438,433.6,8,293.6,105.2,0,6.8,28,"Électricité",5870.8,3715.9,1618.6,1277.1,808.3,352.1,433.6,293.6,105.2,,,,,,,,,,,,,,,,,,,,,1277.1,808.3,352.1,0,21.4,95.3,"Électricité","Convecteur électrique NFC, NF** et NF***","installation individuelle","Convecteur électrique NFC, NF** et NF***","Installation de chauffage simple","Convecteur électrique NFC, NF** et NF*** (système individuel)",3715.9,52,,,"Convecteur électrique NFC, NF** et NF***","Électricité","chauffage","Electrique - Convecteur électrique NFC, NF** et NF***",3715.9,,,,,,,,,,,,,,,,,,,,,,,,"Électricité","Ballon électrique à accumulation vertical Autres ou inconnue",,,"installation individuelle","Un seul système d'ECS sans solaire","Ballon électrique à accumulation vertical (autres catégorie ou inconnue), contenance ballon 150 L",1618.6,1,52,"Non affecté",,,,"Ballon électrique à accumulation vertical Autres ou inconnue","Électricité","ecs","Electrique - Ballon électrique à accumulation vertical (autres catégorie ou inconnue)",150,,1618.6,,,,,,,,,,,,0,,,,,,,,,,,,0,
"2662E0002470P","2026-01-02","2025-10-28","2026-01-02","2026-01-02","2036-01-01",,,,,,,"DPE 3CL 2021 méthode logement",2.6,"dpe immeuble collectif","C","A","immeuble",1995,"1989-2000","individuel","individuel",2.5,24,5,,,,1078,,,"Lourde","inférieur à 400m","H1a","91 Allee de Vendee 62155 Merlimont","91","Allee de Vendee","Merlimont","62155","62571","62","32","62571_ehrs69_00091",598521.46,7041079.45,0.47,"adresse géocodée ban à l'adresse","91 ALLEE DE VENDEE","91 ALLEE DE VENDEE 62155 MERLIMONT","MERLIMONT",62155,0,,,"25443612/DPE",,,,,,,,1512.2,135.1,167.6,77,74.1,0,411.2,647.2,"moyenne","moyenne",,,"insuffisante","moyenne","moyenne",0.85,38369.3,25997.2,0,38243.4,0,26810.7,0,166813.3,154,71126.1,78197.9,0,3871.1,13618.2,87796.5,81,37434.8,41156.8,0,2037.4,7167.4,6231.8,5,2957.3,2675.2,0,140.6,458.7,"Électricité",87796.5,37434.8,41156.8,20428.6,8710.4,9576.4,6231.8,2957.3,2675.2,,,,,,,,,,,,,,,,,,,,,20428.6,8710.4,9576.4,0,474.1,1667.7,"Électricité",,"installation individuelle","Convecteur électrique NFC, NF** et NF***","Installation de chauffage simple","Convecteur électrique NFC, NF** et NF*** (système individuel)",1600.1,215.6,,,"Convecteur électrique NFC, NF** et NF***","Électricité","chauffage","Electrique - Convecteur électrique NFC, NF** et NF***",1600.1,,,,,,"installation individuelle","radiateur électrique NFC, NF** et NF***","Installation de chauffage simple","Radiateur électrique NFC, NF** et NF*** avec programmateur sans réduit (système individuel)",1549.7,215.6,,,"radiateur électrique NFC, NF** et NF***","Électricité","chauffage","Electrique - Radiateur électrique à inertie (modélisé comme un radiateur NFC, NF** et NF***)",1549.7,,,,,,"Électricité",,,,"installation individuelle","Un seul système d'ECS sans solaire","Ballon électrique à accumulation vertical (catégorie B ou 2 étoiles), contenance ballon 200 L",1842.2,1,215.6,"Non affecté",,,,"Ballon électrique à accumulation vertical Catégorie B ou 2 étoiles","Électricité","ecs","Electrique - Ballon électrique à accumulation vertical (catégorie B ou 2 étoiles)",191.1,,1842.2,,,,,,,,,,,,0,,,,,,,,,,,,0,
"2606E0017404V","2026-01-05","2025-11-13","2026-01-05","2026-01-05","2036-01-04",,"2506E3893188K",,,,,"DPE 3CL 2021 méthode logement",2.6,"dpe appartement généré à partir des données DPE immeuble","C","C","appartement",,"2013-2021","collectif","collectif",2.5,24,3,1,,0,1428.4,27.4,,"Légère","inférieur à 400m","H3",,,,,,,,,,,,,"adresse non géocodée ban car aucune correspondance trouvée","480 CHEMIN DU CHATEAU","480 CHEMIN DU CHATEAU 06250 MOUGINS","MOUGINS",6250,0,,,"002EW663827","8",,,,,,,1984.5,552.3,202,50.7,108.2,0,469.9,601.5,"moyenne","très bonne",,,"très bonne","bonne","bonne",0.75,34178.5,24486.9,0,34777.3,0,36169.5,0,2205.9,80,955.3,947.3,0,98.9,204.4,2062.2,75,955.3,947.3,0,52.1,107.6,442.4,16,216.8,215,0,3.6,6.9,"Gaz naturel",1902.5,955.3,947.3,182,91.4,90.6,431.9,216.8,215,"Électricité",159.6,0,0,41.6,0,0,10.5,0,0,,,,,,,,,,,223.6,91.4,90.6,0,18.1,23.5,"Gaz naturel",,"installation collective","Radiateur monotube avec robinet thermostatique sur réseau collectif eau chaude basse ou moyenne température(inf 65°C)","Installation de chauffage simple","Chaudière collective gaz à condensation installée à partir de 2016 avec équipement d'intermittence central collectif, réseau isolé. Emetteur(s): radiateur monotube avec robinet thermostatique",41027.6,1428.4,,,"Chaudière gaz à condensation après 2015","Gaz naturel","chauffage + ecs","Gaz Naturel - Chaudière gaz à condensation installée à partir de 2016",41027.6,,,,,,,,,,,,,,,,,,,,,,,,"Gaz naturel",,,,"installation collective","Un seul système d'ECS sans solaire","Combiné au système de chauffage",31315.9,1,1428.4,"Non affecté",,,,"Chaudière gaz à condensation après 2015","Gaz naturel","chauffage + ecs","Gaz Naturel - Chaudière gaz à condensation installée à partir de 2016",0,,31315.9,,,,,,,,,,,,0,,,,,,,,,,,,0,
"2133E0823275S","2026-01-06","2021-11-30","2021-12-01","2021-12-01","2031-11-30",,,"MXWJMRY9WV3B","Reprise RNB",,,"DPE 3CL 2021 méthode logement",1.1,"dpe maison individuelle","F","F","maison",1916,"avant 1948",,,2.9,,,1,,,,109,,"Légère","inférieur à 400m","H2c","111 Rue Lamartine 33400 Talence","111","Rue Lamartine","Talence","33400","33522","33","75","33522_1560_00111",416545.84,6418697.28,0.71,"adresse géocodée ban à l'adresse","111 RUE LAMARTINE","111 RUE LAMARTINE 33400 TALENCE","TALENCE",33400,0,,,,,,,,,,,666.2,0,276.2,111.2,118.5,10.1,35.4,114.8,"insuffisante","insuffisante",,"insuffisante",,"insuffisante","insuffisante",1.49,28673.2,1208.6,0,2633704.2,0,1866489.6,0,36612.5,335.8,31948.7,2628.7,0,494.7,1969,35648.5,327,31948.7,2628.7,0,215.1,856.1,7918.7,72,7252.3,596.7,0,14.8,54.8,"Gaz naturel",35648.5,31948.7,2628.7,2788.6,2299.7,189.2,7918.7,7252.3,596.7,"Électricité",35648.5,31948.7,2628.7,2788.6,2299.7,189.2,7918.7,7252.3,596.7,,,,,,,,,,,2788.6,2299.7,189.2,0,60.2,239.5,"Électricité","Chaudière gaz à condensation 2001-2015","installation individuelle","Plancher chauffant sur réseau individuel eau chaude haute température(sup ou egal 65°C)","Installation de chauffage simple","Chaudière individuelle gaz à condensation installée entre 2001 et 2015. Emetteur(s): plancher chauffant",1,109,,,"Chaudière gaz à condensation 2001-2015","Gaz naturel","chauffage","Gaz Naturel - Chaudière gaz à condensation installée entre 2001 et 2015",1,,,,,,,,,,,,,,,,,,,,,,,,"Gaz naturel","Chaudière gaz à condensation 2001-2015",,,"installation individuelle","Un seul système d'ECS sans solaire","Combiné au système de chauffage, contenance ballon 45 L",1,,109,"Non affecté",,,,"Chaudière gaz à condensation 2001-2015","Gaz naturel","chauffage","Gaz Naturel - Chaudière gaz à condensation installée entre 2001 et 2015",45,,1,,,,,,,,,,,,0,,,,,,,,"Solaire Photovoltaïque",1,,,0,1
"2585E3922545O","2026-01-07","2025-12-15","2025-12-15","2025-12-15","2035-12-14",,,,,,,"DPE 3CL 2021 méthode logement",2.5,"dpe maison individuelle","C","C","maison",2000,"1989-2000",,,2.5,1,1,1,,,,88.7,,"Moyenne","inférieur à 400m","H2b","1 Rue du bocage 85610 Cugand-la-Bernardière","1","Rue du bocage","Cugand-la-Bernardière","85610","85076","85","52","85076_0076_00001",376947.14,6671038.93,0.86,"adresse non géocodée ban car aucune correspondance trouvée","1 , rue du Bocage","1 , rue du Bocage 85610 CUGAND","CUGAND",85610,,,,,"1-Bâtiment n°1-1-LogZone","moyen",1,1,0,0,1,207.8,3.3,33.6,20.1,26.3,12.7,34.6,77.1,"bonne","bonne",,"moyenne",,"bonne","moyenne",0.47,8080.9,1195.3,0,2507932,0,1631256,0,13438.3,151.4,9881.9,2597.2,0,376.1,785,12983.9,146.3,9881.9,2597.2,0,163.5,341.3,2218.3,25,1610.8,589.6,0,11.3,21.8,"Gaz naturel",9268.9,6671.7,2597.2,1061,764,297,2104,1514.5,589.6,"Bois – Bûches",3210.2,3210.2,0,135,135,0,0,0,0,"Électricité",504.8,0,0,176,0,0,33.1,0,0,1372,899,297,0,57,119,"Gaz naturel","Chaudière gaz à condensation 2001-2015","installation individuelle","Poêle bois","Installation de chauffage avec insert ou poêle bois en appoint","Emission n°1",9881.9,88.7,,,"Chaudière gaz à condensation 2001-2015","Gaz naturel","chauffage + ecs","Chaudière gaz condensation entre 2001 et 2015",6671.7,"Poêle bûche installé installé de 2007 à 2017 avec label flamme verte","Bois – Bûches","chauffage","Cuisiniere, Foyer ferme, Poele buche, insert",3210.2,,,,,,,,,,,,,,,,,,,"Gaz naturel","Chaudière gaz à condensation 2001-2015",,,"installation individuelle","Un seul système d'ECS sans solaire","Générateur mixte (chauffage + ecs), Volume du ballon 30 L",2597.2,1,88.7,"Non affecté",,,,"Chaudière gaz à condensation 2001-2015","Gaz naturel","chauffage + ecs",,30,,2597.2,"2010-2014",,,,,,,,,"VMC SF Auto réglable après 2012",88.7,1,,,,,,,"Il existe plusieurs descriptifs ENR","Solaire Photovoltaïque",1,46,1,4600,
"2244E0139144L","2026-01-08","2022-01-19","2022-01-19","2022-01-24","2032-01-18",,,"RSHZXVXQFDZ7","Reprise RNB",,,"DPE 3CL 2021 méthode logement",2,"dpe appartement généré à partir des données DPE immeuble","C","A","appartement",2008,"2006-2012","individuel","individuel",2.5,15,3,1,"T2",0,996.3,56.7,,"Moyenne","inférieur à 400m","H2b","21 Rue Beno*u00eet Chupiet 44400 Rezé","21","Rue Benoît Chupiet","Rezé","44400","44143","44","52","44143_0890_00021",355677.82,6686053.03,0.63,"adresse géocodée ban à l'adresse","21 Rue Benoît Chupiet","21 Rue Benoît Chupiet44400 Rezé","Rezé",44400,,"étage intermédiaire",,,,,,,,,,1288.6,278.7,210.4,102.6,0,0,179.3,517.5,"moyenne","bonne",,,,"très bonne","très bonne",0.7,32984.8,18232.1,0,31186700,0,17344350,0,7920.3,139.8,4195.2,6240.3,0,49.4,0,4168.6,73.6,1824,1924.2,0,21.5,0,296.7,5.2,144.1,176.4,0,1.5,0,"Électricité",3769.7,1824,1924.2,804.2,334.4,352.8,1.5,0,0,,,,,,,,,,,,,,,,,,,,,708.6,334.4,352.8,0,117.1,0,"Électricité","Convecteur électrique NFC, NF** et NF***","installation individuelle","Convecteur électrique NFC, NF** et NF***","Installation de chauffage simple","Emission n°1",31680.4,996.3,,,"Convecteur électrique NFC, NF** et NF***","Électricité","chauffage","Generateur Effet joule",31680.4,,,,,,,,,,,,,,,,,,,,,,,,"Électricité","Ballon électrique à accumulation vertical Catégorie B ou 2 étoiles",,,"installation individuelle","Un seul système d'ECS sans solaire","ECS Electrique",2105.9,15,66.4,"Non affecté",,,,"Ballon électrique à accumulation vertical Catégorie B ou 2 étoiles","Électricité","ecs",,200,,2105.9,"Avant 2010",,,,,,,,,"VMC Basse pression Hygro B",996.3,1,,,,,,,,"Solaire Photovoltaïque",0,,,0,
"2630E0013962J","2026-01-05","2026-01-05","2026-01-05","2026-01-05","2036-01-04",,,,,,,"DPE 3CL 2021 méthode logement",2.6,"dpe appartement individuel","E","C","appartement",,"avant 1948","individuel","individuel",2.5,1,,1,,,,64.9,,"Moyenne","inférieur à 400m","H3","6 Rue Emilien Dumas 30250 Sommières","6","Rue Emilien Dumas","Sommières","30250","30321","30","76","30321_0090_00006",787766.18,6299151.82,0.53,"adresse géocodée ban à l'adresse","6 rue Emilien Dumas","6 rue Emilien Dumas 30250 SOMMIERES","SOMMIERES",30250,0,,,"PAYEN/LOC","r+2 Gauche","moyen",1,1,0,0,1,288.9,10.6,114,9,7.5,3.2,23.5,121,"insuffisante","insuffisante",,"bonne",,"insuffisante","moyenne",1.07,7979.1,1051.5,0,1546.8,0,1931.3,0,18487.5,284,13265.3,4168.3,0,234,819.9,9730.2,149,6981.7,2193.9,0,123.2,431.5,730.3,11,551.6,142.6,0,8.5,27.6,"Électricité",9730.2,6981.7,2193.9,2038.4,1462.6,459.6,730.3,551.6,142.6,,,,,,,,,,,,,,,,,,,,,2038.4,1462.6,459.6,0,25.8,90.4,"Électricité",,"installation individuelle","Panneau rayonnant NFC, NF** et NF***","Installation de chauffage simple","Panneau rayonnant électrique NFC, NF** et NF*** (système individuel)",4799,44.9,,,"Panneau rayonnant électrique NFC, NF** et NF***","Électricité","chauffage","Electrique - Panneau rayonnant électrique NFC, NF** et NF***",4799,,,,,,"installation individuelle","Convecteur électrique NFC, NF** et NF***","Installation de chauffage simple","Convecteur électrique NFC, NF** et NF*** (système individuel)",2182.7,20,,,"Convecteur électrique NFC, NF** et NF***","Électricité","chauffage","Electrique - Convecteur électrique NFC, NF** et NF***",2182.7,,,,,,"Électricité",,,,"installation individuelle","Un seul système d'ECS sans solaire","Ballon électrique à accumulation vertical (autres catégorie ou inconnue), contenance ballon 300 L",2193.9,1,64.9,"Non affecté",,,,"Ballon électrique à accumulation vertical Autres ou inconnue","Électricité","ecs","Electrique - Ballon électrique à accumulation vertical (autres catégorie ou inconnue)",300,,2193.9,,,,,,,,,,,,0,,,,,,,,,,,,0,
"2641E0078435N","2026-01-12","2026-01-12","2026-01-12","2026-01-12","2036-01-11",,,"H7VRPMPBKTHK","Logiciel",,,"DPE 3CL 2021 méthode logement",2.6,"dpe maison individuelle","B","A","maison",2021,"2013-2021",,,2.5,,,1,,,,112.9,,"Légère","inférieur à 400m","H2b","3 Rue de Couddes 41700 Chémery","3","Rue de Couddes","Chémery","41700","41049","41","24","41049_0038_00003",584974.41,6694893.98,0.46,"adresse géocodée ban à l'adresse","3 Rue de Couddes","3 Rue de Couddes 41700 CHEMERY","CHEMERY",41700,0,,,"41013595",,"moyen",1,1,0,0,1,169.4,11.9,23.3,14.1,21.3,5.4,29.5,63.8,"très bonne","très bonne",,"très bonne",,"très bonne","très bonne",0.3,4874.2,1310,0,3059.1,0,3223.5,0,9166.9,81,7731.2,1021.8,0,413.9,0,4824.7,42,4069.1,537.8,0,217.8,0,371.4,3,321.5,35,0,15,0,"Électricité",4824.7,4069.1,537.8,1072.2,904.3,119.5,371.4,321.5,35,,,,,,,,,,,,,,,,,,,,,1072.2,904.3,119.5,0,48.4,0,"Électricité","radiateur électrique NFC, NF** et NF***","installation individuelle","radiateur électrique NFC, NF** et NF***","Installation de chauffage simple","Radiateur électrique NFC, NF** et NF*** avec programmateur pièce par pièce (système individuel)",4069.1,112.9,,,"radiateur électrique NFC, NF** et NF***","Électricité","chauffage","Electrique - Radiateur électrique à inertie (modélisé comme un radiateur NFC, NF** et NF***)",4069.1,,,,,,,,,,,,,,,,,,,,,,,,"Électricité","CET sur air ambiant (sur local non chauffé) après 2014",,,"installation individuelle","Un seul système d'ECS sans solaire","Chauffe-eau thermodynamique sur air ambiant (sur local non chauffé) installé à partir de 2015, contenance ballon 195 L",537.8,1,112.9,"Non affecté",,,,"CET sur air ambiant (sur local non chauffé) après 2014","Électricité","ecs","Electrique - Chauffe-eau thermodynamique sur air ambiant (sur local non chauffé) installé à partir de 2015",195,2.8,537.8,"A partir de 2015",,,,,,,,,,,0,,,,,,,"chauffe-eau thermodynamique",,,,,0,
"2693E0007719R","2026-01-05","2025-12-22","2026-01-05","2026-01-05","2036-01-04",,,,,,,"DPE 3CL 2021 méthode logement",2.6,"dpe appartement individuel","C","A","appartement",1978,"1978-1982","individuel","individuel",2.4,,,1,,,,38.4,,"Lourde","inférieur à 400m","H1a","10 Rue de la Liberté 93170 Bagnolet","10","Rue de la Liberté","Bagnolet","93170","93006","93","11","93006_5140_00010",657549.23,6862301.38,0.97,"adresse géocodée ban à l'adresse","10 rue de la Liberté","10 rue de la Liberté 93170 BAGNOLET","BAGNOLET",93170,0,,,,"haut droite","bon",1,1,0,1,0,47.5,3.1,10.3,0,0,0.7,12.5,20.9,"moyenne","insuffisante",,,,,"bonne",0.69,828.7,1003.2,0,1410570,0,1352833.6,0,5075.5,132.1,1483.3,3243.4,0,137.9,210.9,2671.3,69.6,780.7,1707,0,72.6,111,184.7,4.8,61.7,111,0,5,7.1,"Électricité",2671.3,780.7,1707,664,194,424,184.7,61.7,111,,,,,,,,,,,,,,,,,,,,,664,194,424,0,18,28,"Électricité",,"installation individuelle","radiateur électrique NFC, NF** et NF***","Installation de chauffage simple","Chauffage sans solaire",780.7,38.4,,,"radiateur électrique NFC, NF** et NF***","Électricité","chauffage","Radiateur électrique NF***",780.7,,,,,,,,,,,,,,,,,,,,,,,,"Électricité",,,,"installation individuelle","Un seul système d'ECS sans solaire","Chauffe-eau horizontal Electrique",1707,1,38.4,"Non affecté",,,,"Ballon électrique à accumulation horizontal","Électricité","ecs","Chauffe-eau horizontal",100,,1707,,,,,,,,,,,,0,,,,,,,,,,,,0,
"2684E0017144V","2026-01-05","2026-01-05","2026-01-05","2026-01-05","2036-01-04",,,"4FNJ79BZ63KX","Logiciel",,,"DPE 3CL 2021 méthode logement",2.6,"dpe appartement individuel","C","C","appartement",,"1989-2000","individuel","individuel",2.5,1,,1,,,,47.5,,"Légère","inférieur à 400m","H2d","11 Rue Saint-Michel 84000 Avignon","11","Rue Saint-Michel","Avignon","84000","84007","84","93","84007_6020_00011",845151.05,6317785.02,0.67,"adresse géocodée ban à l'adresse","11 Rue Rem Saint-Michel","11 Rue Rem Saint-Michel 84000 AVIGNON","AVIGNON",84000,0,,,"300834","Appartement 204 2ème étage","moyen",1,0,0,0,0,61.5,5.3,5.5,0,0,0.9,13.5,36.3,"insuffisante","moyenne",,"très bonne",,"très bonne","bonne",0.87,1700.2,975.1,0,1293.4,0,503.1,0,6075.4,127,3089.6,1724.9,0,178,1082.9,5478.2,115,3089.6,1724.9,0,93.7,570,1135.8,23,701.3,391.6,0,6.5,36.5,"Gaz naturel",4814.5,3089.6,1724.9,631.7,405.4,226.3,1092.9,701.3,391.6,"Électricité",663.6,0,0,230.4,0,0,42.9,0,0,,,,,,,,,,,862.1,405.4,226.3,0,32.5,197.9,"Gaz naturel",,"installation individuelle","Radiateur bitube sans robinet thermostatique sur réseau individuel eau chaude basse ou moyenne température(inf 65°C)","Installation de chauffage simple","Chaudière individuelle gaz basse température installée entre 1991 et 2000 avec programmateur avec réduit, réseau isolé. Emetteur(s): radiateur bitube sans robinet thermostatique",3089.6,47.5,,,"Chaudière gaz basse température 1991-2000","Gaz naturel","chauffage + ecs","Gaz Naturel - Chaudière gaz basse température installée entre 1991 et 2000",3089.6,,,,,,,,,,,,,,,,,,,,,,,,"Gaz naturel",,,,"installation individuelle","Un seul système d'ECS sans solaire","Combiné au système de chauffage",1724.9,1,47.5,"Non affecté",,,,"Chaudière gaz basse température 1991-2000","Gaz naturel","chauffage + ecs","Gaz Naturel - Chaudière gaz basse température installée entre 1991 et 2000",0,,1724.9,,,,,,,,,,,,0,,,,,,,,,,,,0,
"2634E0003533K","2026-01-02","2025-12-10","2026-01-02","2026-01-02","2036-01-01",,"2634E0003381O",,,,,"DPE 3CL 2021 méthode logement",2.6,"dpe appartement généré à partir des données DPE immeuble","B","B","appartement",,"2013-2021","individuel","individuel",2.5,13,3,1,,0,848.8,82.3,,"Lourde","inférieur à 400m","H3","Rue des Jardins du Stade 34410 Sérignan",,"Rue des Jardins du Stade","Sérignan","34410","34299","34","76","34299_0169",723018.74,6241625.43,0.57,"adresse géocodée ban à l'adresse","41 rue du Stade
Résidence Les Jardins de Ganivelle","41 rue du Stade
Résidence Les Jardins de Ganivelle 34410 SAUVIAN","SAUVIAN",34410,0,,,"25-12-2089","A 0455.01.01.0008",,,,,,,1018.2,124.1,223.7,52.7,48.1,43.5,136.7,389.3,"très bonne","très bonne",,,"très bonne","très bonne","bonne",0.42,15586.7,13698.7,0,20201.1,0,12063.1,0,4689.6,56,1708.4,2059.5,0,296.8,624.9,4253,51,1708.4,2059.5,0,156.2,328.9,887.1,10,387.8,467.5,0,10.8,21,"Gaz naturel",3767.9,1708.4,2059.5,494.3,224.1,270.2,855.3,387.8,467.5,"Électricité",485.1,0,0,152.8,0,0,31.8,0,0,,,,,,,,,,,647.1,224.1,270.2,0,54.2,98.5,"Gaz naturel",,"installation individuelle","Radiateur bitube avec robinet thermostatique sur réseau individuel eau chaude basse ou moyenne température(inf 65°C)","Installation de chauffage simple","Chaudière individuelle gaz à condensation installée entre 2001 et 2015 régulée, avec programmateur avec réduit, réseau isolé. Emetteur(s): radiateur bitube avec robinet thermostatique",1719.9,282.9,,,"Chaudière gaz à condensation 2001-2015","Gaz naturel","chauffage","Gaz Naturel - Chaudière gaz à condensation installée entre 2001 et 2015",1719.9,,,,,,"installation individuelle","Radiateur bitube avec robinet thermostatique sur réseau individuel eau chaude basse ou moyenne température(inf 65°C)","Installation de chauffage simple","Chaudière individuelle gaz à condensation installée entre 2001 et 2015 régulée, avec programmateur avec réduit, réseau isolé. Emetteur(s): radiateur bitube avec robinet thermostatique",1718.9,282.9,,,"Chaudière gaz à condensation 2001-2015","Gaz naturel","chauffage","Gaz Naturel - Chaudière gaz à condensation installée entre 2001 et 2015",1718.9,,,,,,"Gaz naturel",,,,"installation individuelle","Un seul système d'ECS sans solaire","Combiné au système de chauffage",1877.5,1,282.9,"Non affecté",,,,"Chaudière gaz à condensation 2001-2015","Gaz naturel","chauffage + ecs","Gaz Naturel - Chaudière gaz à condensation installée entre 2001 et 2015",0,,1877.5,,,,,,,,,,,,0,,,,,,,,,,,,0,
"2575E1200511O","2026-01-08","2025-04-04","2025-04-08","2025-04-08","2035-04-07",,"2575E1200325K","RH7SSWVTJ814","Reprise RNB",,,"DPE 3CL 2021 méthode logement",2.4,"dpe appartement généré à partir des données DPE immeuble","C","C","appartement",1969,"1948-1974","collectif","collectif",2.5,233,16,1,,1,13150,58,,"Moyenne","inférieur à 400m","H1a","9 Rue des Périchaux 75015 Paris","9","Rue des Périchaux","Paris","75015","75115","75","11","75115_7265_00009",648436.51,6859170.37,0.74,"adresse géocodée ban à l'adresse","HP3 : 115LBD - 9 rue des Périchaux","HP3 : 115LBD - 9 rue des Périchaux 75015 PARIS 15","PARIS 15",75015,0,,,"25.04.04-PH-176-115LBD","026501",,,,,,,33053.9,6951.2,13690.3,171.2,338,45.9,5971.5,5885.8,"insuffisante","insuffisante",,,"très bonne","insuffisante","bonne",2.2,1257212.5,277237.5,0,441556,0,454743.5,0,10252.4,176.7,7911.4,1207.1,0,251,1121.7,9715.3,167,7911.4,1207.1,0,109.1,487.7,1342.7,23,1131.3,172.6,0,7.5,31.2,"Réseau de Chauffage urbain",9118.5,7911.4,1207.1,813.5,705.8,107.7,1303.9,1131.3,172.6,"Électricité",596.8,0,0,132.8,0,0,38.7,0,0,,,,,,,,,,,946.3,705.8,107.7,0,37.9,94.9,"Réseau de Chauffage urbain","Réseau de chaleur isolé","installation collective","Radiateur bitube sans robinet thermostatique sur réseau collectif eau chaude haute température(sup ou egal 65°C)","Installation de chauffage simple","Réseau de chaleur vertueux isolé régulée, avec équipement d'intermittence central collectif, réseau isolé. Emetteur(s): radiateur bitube sans robinet thermostatique",1793711.2,13150,,,"Réseau de chaleur isolé","Réseau de Chauffage urbain","chauffage + ecs","Réseau de chaleur isolé",1793711.2,,,,,,,,,,,,,,,,,,,,,,,,"Réseau de Chauffage urbain","Réseau de chaleur isolé",,,"installation collective","Un seul système d'ECS avec solaire","Combiné au système de chauffage, couplé avec un système solaire",274639.6,1,13150,"ECS solaire seule sup 5 ans",96494993.1,0.3,,"Réseau de chaleur isolé","Réseau de Chauffage urbain","chauffage + ecs","Réseau de chaleur isolé",0,,274639.6,,,,,,,,,,"VMC DF collective avec échangeur avant 2013",13150,0,,,,,,,"Il existe plusieurs descriptifs ENR","Solaire Photovoltaïque",1,72,60,165.1,
"2671E0005562W","2026-01-03","2026-01-02","2026-01-03","2026-01-03","2036-01-02",,,"15DDFWRY2FS8","Logiciel",,,"DPE 3CL 2021 méthode logement",2.6,"dpe appartement individuel","C","C","appartement",2015,"2013-2021","collectif","collectif",2.5,52,,1,,,3879.9,55.9,,"Moyenne","inférieur à 400m","H1c","36 Rue d’Italie 71850 Charnay-lès-Mâcon","36","Rue d’Italie","Charnay-lès-Mâcon","71850","71105","71","27","71105_0900_00036",839029,6580525.14,0.96,"adresse géocodée ban à l'adresse","36 rue d’Italie","36 rue d’Italie 71850 CHARNAY-LÈS-MÂCON","CHARNAY-LÈS-MÂCON",71850,3,,"Bâtiment",,,"moyen",1,0,0,0,1,65.2,14.3,11,7.8,0,1,9.4,21.6,"très bonne","bonne",,,"très bonne",,"très bonne",0.37,1994.8,1165.6,0,1693388.7,0,581707.4,0,5856.4,104.7,2500.6,2585.9,0,197.6,572.2,5491.7,98.2,2500.6,2585.9,0,104,301.2,1181.1,21.1,567.6,587,0,7.2,19.3,"Gaz naturel",5086.5,2500.6,2585.9,476,234,242,1154.6,567.6,587,"Électricité",405.2,0,0,140,0,0,26.5,0,0,,,,,,,,,,,616,234,242,0,36,104,"Gaz naturel",,"installation collective","Radiateur bitube avec robinet thermostatique sur réseau collectif eau chaude basse ou moyenne température(inf 65°C)","Installation de chauffage simple","Chauffage sans solaire",2500.6,55.9,,,"Chaudière gaz à condensation 2001-2015","Gaz naturel","chauffage + ecs","Chaudière condensation",2500.6,,,,,,,,,,,,,,,,,,,,,,,,"Gaz naturel",,,,"installation collective","Un seul système d'ECS sans solaire","Chaudière condensation Gaz naturel",2585.9,1,55.9,"Non affecté",,,,"Chaudière gaz à condensation 2001-2015","Gaz naturel","chauffage + ecs","Chaudière condensation",14.4,,2585.9,,,,,,,,,,,,0,,,,,,,,,,,,0,
"2644E0076561O","2026-01-12","2026-01-06","2026-01-12","2026-01-12","2036-01-11",,,,,,,"DPE 3CL 2021 méthode logement",2.6,"dpe appartement individuel","C","C","appartement",,"2013-2021","collectif","collectif",2.5,1,,1,,,3765,85,,"Légère","inférieur à 400m","H2b","2 Rue Jean-Louis Foulquier 44240 La Chapelle-sur-Erdre","2","Rue Jean-Louis Foulquier","La Chapelle-sur-Erdre","44240","44035","44","52","44035_2786_00002",356668,6699802.09,0.6,"adresse géocodée ban à l'adresse","2 rue Jean Louis Foulquier","2 rue Jean Louis Foulquier 44240 LA CHAPELLE SUR ERDRE","LA CHAPELLE SUR ERDRE",44240,0,,,"MA2512196224","Bat. BAT B3; Etage RDC; Porte 05","moyen",1,0,0,0,0,107.7,25,9,0,18.8,0.3,18.8,35.8,"très bonne","très bonne",,"très bonne",,"très bonne","bonne",0.42,3542.6,1338.8,0,2524.4,0,777.1,0,11008.6,129,4852.9,5122.8,0,311.5,721.3,10519.4,123,4852.9,5122.8,0,164,379.6,2300.1,27,1101.6,1162.9,0,11.3,24.3,"Gaz naturel",9975.8,4852.9,5122.8,931.7,453.2,478.4,2264.5,1101.6,1162.9,"Électricité",543.6,0,0,164.9,0,0,35.6,0,0,,,,,,,,,,,1096.6,453.2,478.4,0,56.9,108,"Gaz naturel","Chaudière gaz à condensation après 2015","installation collective","Radiateur bitube avec robinet thermostatique sur réseau collectif eau chaude basse ou moyenne température(inf 65°C)","Installation de chauffage simple","Chaudière collective gaz à condensation installée à partir de 2016 avec équipement d'intermittence central collectif. Emetteur(s): radiateur bitube avec robinet thermostatique",4852.9,85,,,"Chaudière gaz à condensation après 2015","Gaz naturel","chauffage + ecs","Gaz Naturel - Chaudière gaz à condensation installée à partir de 2016",4852.9,,,,,,,,,,,,,,,,,,,,,,,,"Gaz naturel","Chaudière gaz à condensation après 2015",,,"installation collective","Un seul système d'ECS sans solaire","Combiné au système de chauffage",5122.8,1,85,"Non affecté",,,,"Chaudière gaz à condensation après 2015","Gaz naturel","chauffage + ecs","Gaz Naturel - Chaudière gaz à condensation installée à partir de 2016",0,,5122.8,,,,,,,,,,,,0,,,,,,,,,,,,0,
"2679E0051495V","2026-01-08","2026-01-08","2026-01-08","2026-01-08","2036-01-07",,,,,,,"DPE 3CL 2021 méthode logement",2.6,"dpe maison individuelle","C","B","maison",,"avant 1948",,,2.5,,,2,,,,183,,"Légère","inférieur à 400m","H2b","29 Rue de l’Abbaye 79160 Villiers-en-Plaine","29","Rue de l’Abbaye","Villiers-en-Plaine","79160","79351","79","75","79351_0006_00029",428152.81,6595717.18,0.95,"adresse non géocodée ban car aucune correspondance trouvée","29 Rue de l'Abbaye","29 Rue de l'Abbaye 79160 VILLIERS-EN-PLAINE","VILLIERS-EN-PLAINE",79160,0,,,"002EX104905",,"insuffisant",0,1,0,0,1,385.8,41.8,75.2,38.3,56.6,7.6,31.9,134.4,"moyenne","insuffisante","insuffisante",,,"insuffisante","moyenne",0.67,15094.2,1642.3,0,4654.9,0,2783.5,0,31615.5,172,24671.2,5191.7,0,670.7,1081.9,19961.4,109,16306.5,2732.5,0,353,569.4,1183,6,944.6,177.6,0,24.4,36.4,"Électricité",12949,9294.1,2732.5,2673.3,1918.8,564.1,972.6,734.2,177.6,"Bois – Bûches",7012.4,7012.4,0,294.5,294.5,0,210.4,210.4,0,,,,,,,,,,,2967.8,2213.3,564.1,0,72.9,117.6,"Électricité","Radiateur électrique à accumulation","installation individuelle","Radiateur électrique à accumulation","Installation de chauffage simple","Radiateur électrique à inertie (modélisé comme un radiateur à accumulation) avec programmateur pièce par pièce (système individuel)",9294.1,130,,,"Radiateur électrique à accumulation","Électricité","chauffage","Electrique - Radiateur électrique à accumulation",9294.1,,,,,,"installation individuelle","Poêle bois","Installation de chauffage simple","Poêle à bois (bûche) installé de 2007 à 2017 avec label flamme verte (système individuel)",7012.4,53,,,"Poêle bûche installé installé de 2007 à 2017 avec label flamme verte","Bois – Bûches","chauffage","Bois - Poêle à bois (bûche) installé de 2007 à 2017 avec label flamme verte",7012.4,,,,,,"Électricité","Ballon électrique à accumulation vertical Catégorie B ou 2 étoiles",,,"installation individuelle","Un seul système d'ECS sans solaire","Ballon électrique à accumulation vertical (catégorie B ou 2 étoiles), contenance ballon 300 L",2732.5,1,183,"Non affecté",,,,"Ballon électrique à accumulation vertical Catégorie B ou 2 étoiles","Électricité","ecs","Electrique - Ballon électrique à accumulation vertical (catégorie B ou 2 étoiles)",300,,2732.5,,,,,,,,,,,,0,,,,,,,"chauffage au bois",,,,,0,
"2644E0047856N","2026-01-08","2023-06-05","2026-01-08","2026-01-08","2036-01-07","2344E1860142S",,,,,,"DPE 3CL 2021 méthode logement",2.6,"dpe appartement individuel","E","E","appartement",1967,"1948-1974","individuel","individuel",2.5,1,,1,,,,74,,"Lourde","inférieur à 400m","H2b",,,,,,,,,,,,,"adresse non géocodée ban car aucune correspondance trouvée","7 RUE DE LA JAUNAIE LES JONQUILLES 2
LES JONQUILLES 2","7 RUE DE LA JAUNAIE LES JONQUILLES 2
LES JONQUILLES 2 44220 COUERON","COUERON",44220,0,,,"002ER459597","Etage : 3","bon",1,1,0,1,1,251.4,50.7,40.9,52.9,0,2.6,32,72.4,"insuffisante","insuffisante",,,"insuffisante","très bonne","moyenne",1.1,9473.4,1265.8,0,2260.7,0,2716.3,0,18028.4,243,13923.9,2297.4,0,271.2,1535.8,17172.5,232,13923.9,2297.4,0,142.8,808.3,3743.8,50,3160.7,521.5,0,9.8,51.7,"Gaz naturel",16221.4,13923.9,2297.4,1721.1,1477.3,243.8,3682.2,3160.7,521.5,"Électricité",951.1,0,0,330.2,0,0,61.6,0,0,,,,,,,,,,,2051.3,1477.3,243.8,0,49.6,280.7,"Gaz naturel","Chaudière gaz basse température après 2015","installation individuelle","Radiateur bitube sans robinet thermostatique sur réseau individuel eau chaude basse ou moyenne température(inf 65°C)","Installation de chauffage simple","Chaudière individuelle gaz basse température installée à partir de 2016 avec programmateur avec réduit. Emetteur(s): radiateur bitube sans robinet thermostatique",13923.9,74,,,"Chaudière gaz basse température après 2015","Gaz naturel","chauffage + ecs","Gaz Naturel - Chaudière gaz basse température installée à partir de 2016",13923.9,,,,,,,,,,,,,,,,,,,,,,,,"Gaz naturel","Chaudière gaz basse température après 2015",,,"installation individuelle","Un seul système d'ECS sans solaire","Combiné au système de chauffage",2297.4,1,74,"Non affecté",,,,"Chaudière gaz basse température après 2015","Gaz naturel","chauffage + ecs","Gaz Naturel - Chaudière gaz basse température installée à partir de 2016",3,,2297.4,,,,,,,,,,,,0,,,,,,,,,,,,0,
"2391E2110013Y","2026-01-07","2023-05-05","2023-05-05","2023-06-23","2033-05-04",,,"AWE4J2XHG2XT","Reprise RNB",,,"DPE 3CL 2021 méthode logement",2.3,"dpe appartement individuel","B","B","appartement",2006,"2006-2012","mixte (collectif-individuel)","collectif",2.5,1,1,1,,0,77.8,77.8,,"Très lourde","inférieur à 400m","H1a","7 Rue Ampère 91300 Massy","7","Rue Ampère","Massy","91300","91377","91","11","91377_0160_00007",645867.7,6847016.16,0.78,"adresse non géocodée ban car aucune correspondance trouvée","7 Rue Ampère","7 Rue Ampère91300 Massy","Massy",91300,,,"étage 3 porte F83 Lot 16",,"1-Bâtiment n°1-1-LogZone","moyen",1,0,0,0,1,109.8,33.1,12.8,6.1,0.9,0,17.7,39.3,"insuffisante","bonne",,,"bonne","bonne","très bonne",0.86,2865.3,1336.6,0,2421996,0,2542018,0,8329.4,107,3536.1,3427.1,0,338.1,421.9,7682.3,98.8,3536.1,3427.1,0,147,183.5,622.2,8,318.2,308.4,0,10.1,11.7,"Réseau de Chauffage urbain",6963.2,3536.1,3427.1,548,278,270,626.7,318.2,308.4,"Électricité",719.1,0,0,209,0,0,46.8,0,0,,,,,,,,,,,757,278,270,0,43,53,"Réseau de Chauffage urbain","Réseau de chaleur non isolé","installation collective multi-bâtiment : modélisée comme un réseau de chaleur","Radiateur bitube avec robinet thermostatique sur réseau collectif eau chaude basse ou moyenne température(inf 65°C)","Installation de chauffage simple","Emission n°1",3536.1,77.8,,,"Réseau de chaleur non isolé","Réseau de Chauffage urbain","chauffage","Raccordement à un réseau de chaleur collectif",3536.1,,,,,,,,,,,,,,,,,,,,,,,,"Réseau de Chauffage urbain","Réseau de chaleur non isolé",,,"installation collective multi-bâtiment : modélisée comme un réseau de chaleur","Un seul système d'ECS sans solaire","Réseau de chaleur",3427.1,1,77.8,"Non affecté",,,,"Réseau de chaleur non isolé","Réseau de Chauffage urbain","ecs",,0,,3427.1,"Avant 2010",,,,,,,,,"VMC SF Hygro B de 2001 à 2012",77.8,0,,,,,,,"réseau de chaleur ou de froid vertueux","Solaire Photovoltaïque",0,,,0,
"2637E0078167B","2026-01-12","2026-01-12","2026-01-12","2026-01-12","2036-01-11",,,,,,,"DPE 3CL 2021 méthode logement",2.6,"dpe maison individuelle","D","D","maison",1974,"1948-1974",,,2.5,,,1,,,,100,,"Légère","inférieur à 400m","H2b","5 Rue de la Benoiserie 37540 Saint-Cyr-sur-Loire","5","Rue de la Benoiserie","Saint-Cyr-sur-Loire","37540","37214","37","24","37214_0123_00005",522285.55,6705713,0.54,"adresse géocodée ban à l'adresse","5 rue de la Benoiserie","5 rue de la Benoiserie 37540 SAINT CYR SUR LOIRE","SAINT CYR SUR LOIRE",37540,0,,,"DIA-HGS08-2601-012",,"moyen",1,1,0,0,1,390.5,30.6,160.4,20.9,32.7,7.8,23.1,115,"insuffisante","insuffisante",,"moyenne",,"insuffisante","bonne",0.9,16802.2,1248.7,482.7,2764.6,67.4,3138.5,321.4,22732.5,227,19757.1,2188.8,32.7,366.5,387.4,20380.9,203,17778.1,2188.8,17.2,192.9,203.9,3472.3,34,2948,496.9,1.1,13.3,13,"Gaz naturel",13898.9,11710.1,2188.8,1500.7,1264.4,236.3,3155,2658.2,496.9,"Bois – Granulés (pellets) ou briquettes",3869.2,3869.2,0,382.9,382.9,0,116.1,116.1,0,"Électricité",2612.8,2198.9,0,653.1,549.6,0,201.2,173.7,0,2536.8,2197,236.3,4.3,48.2,51,"Gaz naturel","Chaudière gaz basse température 2001-2015","installation individuelle","Poêle bois","Installation de chauffage avec insert ou poêle bois en appoint","Chaudière individuelle gaz basse température installée entre 2001 et 2015 avec en appoint un poêle à granulés flamme verte installé entre 2012 et 2019 avec programmateur avec réduit, réseau isolé. Emetteur(s): radiateur bitube sans robinet thermostatique",15579.3,74.8,,,"Chaudière gaz basse température 2001-2015","Gaz naturel","chauffage + ecs","Gaz Naturel - Chaudière gaz basse température installée entre 2001 et 2015",11710.1,"Poêle à granulés flamme verte installé entre 2012 et 2019","Bois – Granulés (pellets) ou briquettes","chauffage","Bois - Poêle à granulés flamme verte installé entre 2012 et 2019",3869.2,"installation individuelle","radiateur électrique NFC, NF** et NF***","Installation de chauffage simple","Radiateur électrique à inertie (modélisé comme un radiateur NFC, NF** et NF***) avec programmateur pièce par pièce (système individuel)",1605.9,12.6,,,"radiateur électrique NFC, NF** et NF***","Électricité","chauffage","Electrique - Radiateur électrique à inertie (modélisé comme un radiateur NFC, NF** et NF***)",1605.9,,,,,,"Gaz naturel","Chaudière gaz basse température 2001-2015",,,"installation individuelle","Un seul système d'ECS sans solaire","Combiné au système de chauffage",2188.8,1,100,"Non affecté",,,,"Chaudière gaz basse température 2001-2015","Gaz naturel","chauffage + ecs","Gaz Naturel - Chaudière gaz basse température installée entre 2001 et 2015",0,,2188.8,,,,,,,,,,,,0,"PAC air/air installée à partir de 2015","Électricité","A partir de 2015","Refroidissement - Electrique - Pompe à chaleur (divisé) - type split",25.2,17.2,"Il existe plusieurs descriptifs ENR",,,,,0,
"2667E0042814M","2026-01-08","2025-12-18","2026-01-08","2026-01-08","2036-01-07",,"2667E0020270K","DRSW5YP1M8TC","Logiciel",,,"DPE 3CL 2021 méthode logement",2.6,"dpe appartement généré à partir des données DPE immeuble","C","C","appartement",2021,"2013-2021","collectif","collectif",2.5,31,6,1,,1,1822.2,42.1,,"Très lourde","inférieur à 400m","H1b","12 Allée Saint-Sauveur-le-Vicomte 67205 Oberhausbergen","12","Allée Saint-Sauveur-le-Vicomte","Oberhausbergen","67205","67343","67","44","67343_0568_00012",1046532.7,6844148.46,0.5,"adresse géocodée ban à l'adresse","12 ALLEE SAINT-SAUVEUR LE VICOMTE","12 ALLEE SAINT-SAUVEUR LE VICOMTE 67205 OBERHAUSBERGEN","OBERHAUSBERGEN",67205,0,,,"MA2510151974","Bat. N/A; Etage RDV; Porte PORTE 002 08140028",,,,,,,2565.7,676.5,522.2,42.5,83.4,4.4,317.6,919.1,"bonne","très bonne",,,"très bonne","bonne","très bonne",0.45,80926.9,37900.9,0,57259,0,28914.5,0,4918.8,116,2307.2,2168.4,0,145.6,297.6,4708.9,111,2307.2,2168.4,0,76.6,156.6,1192.4,28,606.8,570.3,0,5.3,10,"Réseau de Chauffage urbain",4475.6,2307.2,2168.4,399.3,205.8,193.4,1177.1,606.8,570.3,"Électricité",233.3,0,0,60.3,0,0,15.3,0,0,,,,,,,,,,,459.5,205.8,193.4,0,26.6,33.6,"Réseau de Chauffage urbain","Réseau de chaleur isolé","installation collective","Radiateur bitube avec robinet thermostatique sur réseau collectif eau chaude basse ou moyenne température(inf 65°C)","Installation de chauffage simple","Réseau de chaleur isolé régulée, avec équipement d'intermittence central collectif, réseau isolé. Emetteur(s): radiateur bitube avec robinet thermostatique",99887.4,1822.2,,,"Réseau de chaleur isolé","Réseau de Chauffage urbain","chauffage + ecs","Réseau de chaleur isolé",99887.4,,,,,,,,,,,,,,,,,,,,,,,,"Réseau de Chauffage urbain","Réseau de chaleur isolé",,,"installation collective","Un seul système d'ECS sans solaire","Combiné au système de chauffage",76567.4,1,1822.2,"Non affecté",,,,"Réseau de chaleur isolé","Réseau de Chauffage urbain","chauffage + ecs","Réseau de chaleur isolé",0,,76567.4,,,,,,,,,,,,0,,,,,,,,,,,,0,
"2684E0001440V","2026-01-02","2026-01-02","2026-01-02","2026-01-02","2036-01-01",,,"KF8Y3KYMJPWX","Logiciel",,,"DPE 3CL 2021 méthode logement",2.6,"dpe maison individuelle","C","B","maison",,"avant 1948",,,2.6,,,2,,,,71.6,,"Légère","inférieur à 400m","H2d","2231b Route de Pertuis 84460 Cheval-Blanc","2231b","Route de Pertuis","Cheval-Blanc","84460","84038","84","93","84038_0286_02231_b",868365.79,6300581.92,0.6,"adresse géocodée ban à l'adresse","2231 B, Route de Pertuis","2231 B, Route de Pertuis 84460 CHEVAL-BLANC","CHEVAL-BLANC",84460,0,,,"D/26/IMO/0001/M.P",,"moyen",1,1,0,0,1,145.9,9.5,37.8,9.7,17.6,6.4,13.7,51.2,"moyenne","insuffisante","bonne",,,"insuffisante","moyenne",0.68,4739.4,1009.1,0,1694.5,0,980,0,12127.1,169,7368.3,3408.5,0,268.4,1081.9,6382.7,89,3878.1,1793.9,0,141.3,569.4,469.2,6,306.4,116.6,0,9.7,36.4,"Électricité",6382.7,3878.1,1793.9,1378,837.3,387.3,469.2,306.4,116.6,,,,,,,,,,,,,,,,,,,,,1378,837.3,387.3,0,30.5,122.9,"Électricité",,"installation individuelle","radiateur électrique NFC, NF** et NF***","Installation de chauffage simple","Radiateur électrique à inertie (modélisé comme un radiateur NFC, NF** et NF***) avec programmateur pièce par pièce (système individuel)",3878.1,71.6,,,"radiateur électrique NFC, NF** et NF***","Électricité","chauffage","Electrique - Radiateur électrique à inertie (modélisé comme un radiateur NFC, NF** et NF***)",3878.1,,,,,,,,,,,,,,,,,,,,,,,,"Électricité",,,,"installation individuelle","Un seul système d'ECS sans solaire","Ballon électrique à accumulation vertical (catégorie B ou 2 étoiles), contenance ballon 200 L",1793.9,1,71.6,"Non affecté",,,,"Ballon électrique à accumulation vertical Catégorie B ou 2 étoiles","Électricité","ecs","Electrique - Ballon électrique à accumulation vertical (catégorie B ou 2 étoiles)",200,,1793.9,,,,,,,,,,,,0,,,,,,,,,,,,0,
"2629E0081475Z","2026-01-12","2026-01-12","2026-01-12","2026-01-12","2036-01-11",,,,,,,"DPE 3CL 2021 méthode logement",2.6,"dpe maison individuelle","F","C","maison",1889,"avant 1948",,,2.4,,,3,,,,66.7,,"Légère","inférieur à 400m","H2a","Route de Kerizella 29840 Porspoder",,"Route de Kerizella","Porspoder","29840","29221","29","53","29221_0109",126605.08,6850242.8,0.45,"adresse géocodée ban à l'adresse","Route de Kerizella","Route de Kerizella 29840 Porspoder, France","Porspoder, France",29840,0,,,"26/IMO/0451",,"insuffisant",0,1,0,0,1,309.5,19.6,137.3,27.1,27.6,0,18.5,79.4,"insuffisante","insuffisante","insuffisante",,,"insuffisante","moyenne",1.37,14759.9,1063.4,0,2155.2,0,797.6,0,26683.5,399,22774.8,3669.1,0,239.7,0,14043.9,210,11986.7,1931.1,0,126.1,0,1081.2,16,947,125.5,0,8.7,0,"Électricité",14043.9,11986.7,1931.1,2889.3,2466.1,397.3,1081.2,947,125.5,,,,,,,,,,,,,,,,,,,,,2889.3,2466.1,397.3,0,26,0,"Électricité","Convecteur électrique NFC, NF** et NF***","installation individuelle","Convecteur électrique NFC, NF** et NF***","Installation de chauffage simple","Convecteur électrique NFC, NF** et NF*** (système individuel)",9005.5,49.9,,,"Convecteur électrique NFC, NF** et NF***","Électricité","chauffage","Electrique - Convecteur électrique NFC, NF** et NF***",9005.5,,,,,,"installation individuelle","radiateur électrique NFC, NF** et NF***","Installation de chauffage simple","Radiateur électrique à inertie (modélisé comme un radiateur NFC, NF** et NF***) (système individuel)",2981.2,16.9,,,"radiateur électrique NFC, NF** et NF***","Électricité","chauffage","Electrique - Radiateur électrique à inertie (modélisé comme un radiateur NFC, NF** et NF***)",2981.2,,,,,,"Électricité","Ballon électrique à accumulation vertical Catégorie B ou 2 étoiles",,,"installation individuelle","Un seul système d'ECS sans solaire","Ballon électrique à accumulation vertical (catégorie B ou 2 étoiles), contenance ballon 200 L",1931.1,1,66.7,"Non affecté",,,,"Ballon électrique à accumulation vertical Catégorie B ou 2 étoiles","Électricité","ecs","Electrique - Ballon électrique à accumulation vertical (catégorie B ou 2 étoiles)",200,,1931.1,,,,,,,,,,,,0,,,,,,,,,,,,0,
"2314E4362499B","2026-01-09","2023-10-10","2023-10-10","2023-12-18","2033-10-09",,,"8C87A96S6V9Y","Reprise RNB",,,"DPE 3CL 2021 méthode logement",2.3,"dpe maison individuelle","C","C","maison",2001,"2001-2005",,,2.5,1,2,2,,0,,80,,"Très lourde","inférieur à 400m","H1a","13 Rue Fantasio 14370 Bellengreville","13","Rue Fantasio","Bellengreville","14370","14057","14","28","14057_0013_00013",465846.27,6896673.71,0.44,"adresse non géocodée ban car aucune correspondance trouvée","13 RUE FANTASIO RPLS 16834005 / ESI N°5326.06.99.0015","13 RUE FANTASIO RPLS 16834005 / ESI N°5326.06.99.001514370 BELLENGREVILLE","BELLENGREVILLE",14370,,,,,"1-13 RUE FANTASIO-1-LogZone","bon",0,1,0,0,1,188.3,18.6,32.6,13.9,10.1,23.9,29.9,59.4,"bonne","bonne",,,"moyenne","très bonne","moyenne",0.64,7669,1194.7,0,2378506,0,1752463,0,11802.8,147.5,8731,1581.2,0,347.8,449.3,11096.7,138.7,8731,1581.2,0,151.2,195.3,2320,29,1981.9,358.9,0,10.4,12.5,"Gaz naturel",10312.2,8731,1581.2,904,765,139,2340.9,1981.9,358.9,"Électricité",784.5,0,0,227,0,0,51,0,0,,,,,,,,,,,1131,765,139,0,44,56,"Gaz naturel","Chaudière gaz à condensation après 2015","installation individuelle","Radiateur bitube avec robinet thermostatique sur réseau individuel eau chaude basse ou moyenne température(inf 65°C)","Installation de chauffage simple","Emission n°1",8731,80,,,"Chaudière gaz à condensation après 2015","Gaz naturel","chauffage + ecs","Chaudière gaz condensation depuis 2016",8731,,,,,,,,,,,,,,,,,,,,,,,,"Gaz naturel","Chaudière gaz à condensation après 2015",,,"installation individuelle","Un seul système d'ECS sans solaire","Générateur mixte (chauffage + ecs)",1581.2,1,80,"Non affecté",,,,"Chaudière gaz à condensation après 2015","Gaz naturel","chauffage + ecs",,0,,1581.2,"A partir de 2015",,,,,,,,,"VMC SF Hygro B de 2001 à 2012",80,0,,,,,,,,"Solaire Photovoltaïque",0,,,0,
"2224E1319792F","2026-01-06","2022-06-13","2022-06-13","2022-06-14","2032-06-12",,,"C2E9QDXTP997","Reprise RNB",,,"DPE 3CL 2021 méthode logement",2.1,"dpe appartement individuel","F","D","appartement",1978,"1978-1982","mixte (collectif-individuel)","collectif",2.6,1,1,1,,0,30.3,30.3,,"Moyenne","inférieur à 400m","H2c","11 Rue des Acacias 24000 Périgueux","11","Rue des Acacias","Périgueux","24000","24322","24","75","24322_0040_00011",521460.47,6457513.3,0.8,"adresse non géocodée ban car aucune correspondance trouvée","11 rue des acacias","11 rue des acacias24000 PERIGUEUX","PERIGUEUX",24000,,,,"Lot Numéro 00104",,"bon",0,0,0,0,0,118.4,0,89.8,0,0,5.2,2.8,20.7,"insuffisante","insuffisante",,,,"très bonne","insuffisante",1.79,4672.1,817,0,1018774,0,204051.8,0,12841.7,423.8,9051.9,4771.9,0,137.5,26.1,9019.2,297.7,3935.6,4771.9,0,59.8,11.3,1393.8,46,310.9,1083.2,0,4.1,0.7,"Gaz naturel",4771.9,0,4771.9,315,0,315,1083.2,0,1083.2,"Électricité",4247.3,3935.6,0,766,710,0,331.2,310.9,0,,,,,,,,,,,1081,710,315,0,11,2,"Électricité","Panneau rayonnant électrique NFC, NF** et NF***","installation individuelle","Panneau rayonnant NFC, NF** et NF***","Installation de chauffage simple","Emission n°1",3935.6,30,,,"Panneau rayonnant électrique NFC, NF** et NF***","Électricité","chauffage","Generateur Effet joule",3935.6,,,,,,,,,,,,,,,,,,,,,,,,"Gaz naturel","Chaudière gaz classique avant 1981",,,"installation collective","Un seul système d'ECS sans solaire","Chaudière ECS seule",4771.9,1,30.3,"Non affecté",,,,"Chaudière gaz classique avant 1981","Gaz naturel","ecs",,0,,4771.9,"Avant 2010",,,,,,,,,"VMC SF Auto réglable avant 1982",30.3,0,,,,,,,,"Solaire Photovoltaïque",0,,,0,
"2629E0080094W","2026-01-12","2026-01-12","2026-01-12","2026-01-12","2036-01-11",,,,,,,"DPE 3CL 2021 méthode logement",2.6,"dpe appartement individuel","D","D","appartement",,"1948-1974","individuel","individuel",2.7,1,,1,,,,97.2,,"Lourde","inférieur à 400m","H2a","11 Rue de Kergariou 29000 Quimper","11","Rue de Kergariou","Quimper","29000","29232","29","53","29232_2630_00011",170849.34,6790176.2,0.64,"adresse géocodée ban à l'adresse","11 Rue de Kergariou","11 Rue de Kergariou 29000 QUIMPER","QUIMPER",29000,0,,,"263968","2ème étage gauche","bon",1,1,0,1,0,262.7,45.3,126.2,0,0,1.2,23.1,67.1,"bonne","insuffisante",,"très bonne",,"très bonne","très bonne",0.62,9986,1413.6,0,3045.7,0,2640.6,0,17825.1,183,14862.9,2213.9,0,348.9,399.4,17470.7,179,14862.9,2213.9,0,183.6,210.2,3902.6,40,3373.9,502.6,0,12.7,13.5,"Gaz naturel",17076.9,14862.9,2213.9,1802.3,1568.6,233.7,3876.4,3373.9,502.6,"Électricité",393.8,0,0,136.7,0,0,26.1,0,0,,,,,,,,,,,1939,1568.6,233.7,0,63.8,73,"Gaz naturel","Chaudière gaz standard 2001-2015","installation individuelle","Radiateur bitube avec robinet thermostatique sur réseau individuel eau chaude haute température(sup ou egal 65°C)","Installation de chauffage simple","Chaudière individuelle gaz standard installée entre 2001 et 2015 avec programmateur avec réduit. Emetteur(s): radiateur bitube avec robinet thermostatique",14862.9,97.2,,,"Chaudière gaz standard 2001-2015","Gaz naturel","chauffage + ecs","Gaz Naturel - Chaudière gaz standard installée entre 2001 et 2015",14862.9,,,,,,,,,,,,,,,,,,,,,,,,"Gaz naturel","Chaudière gaz standard 2001-2015",,,"installation individuelle","Un seul système d'ECS sans solaire","Combiné au système de chauffage",2213.9,1,97.2,"Non affecté",,,,"Chaudière gaz standard 2001-2015","Gaz naturel","chauffage + ecs","Gaz Naturel - Chaudière gaz standard installée entre 2001 et 2015",0,,2213.9,,,,,,,,,,,,0,,,,,,,,,,,,0,
"2630E0030472J","2026-01-07","2026-01-05","2026-01-07","2026-01-07","2036-01-06",,"2630E0030404T",,,,,"DPE 3CL 2021 méthode logement",2.6,"dpe appartement généré à partir des données DPE immeuble","C","C","appartement",1984,"1983-1988","collectif","collectif",2.5,17,6,1,,1,1370,92.7,,"Lourde","inférieur à 400m","H3",,,,,,,,,,,,,"adresse non géocodée ban car aucune correspondance trouvée","206 RUE THALES
LE THALES - 0353-BATA","206 RUE THALES
LE THALES - 0353-BATA 30900 NIMES","NIMES",30900,0,,,"2026-01-0003","0353-013404",,,,,,,2463.8,536.9,617.3,84.3,168.2,8.9,164.6,883.7,"insuffisante","insuffisante",,,"moyenne","insuffisante","très bonne",0.88,57193.4,19419.4,0,31135.7,0,12725.6,0,13777.1,148,5931.9,6218.3,0,334.3,1292.7,13006.5,140,5931.9,6218.3,0,175.9,680.4,1440.8,15,676.2,708.9,0,12.1,43.5,"Réseau de Chauffage urbain",12150.2,5931.9,6218.3,1083.9,529.2,554.7,1385.1,676.2,708.9,"Électricité",856.3,0,0,203.3,0,0,55.7,0,0,,,,,,,,,,,1287.3,529.2,554.7,0,61.1,142.3,"Réseau de Chauffage urbain","Réseau de chaleur non isolé","installation collective","Radiateur bitube sans robinet thermostatique sur réseau collectif eau chaude haute température(sup ou egal 65°C)","Installation de chauffage simple","Réseau de chaleur vertueux non isolé (système collectif). Emetteur(s): radiateur bitube sans robinet thermostatique",87647.8,1370,,,"Réseau de chaleur non isolé","Réseau de Chauffage urbain","chauffage + ecs","Réseau de chaleur non isolé",87647.8,,,,,,,,,,,,,,,,,,,,,,,,"Réseau de Chauffage urbain","Réseau de chaleur non isolé",,,"installation collective","Un seul système d'ECS sans solaire","Combiné au système de chauffage, contenance ballon 1200 L",99586.8,1,1370,"Non affecté",,,,"Réseau de chaleur non isolé","Réseau de Chauffage urbain","chauffage + ecs","Réseau de chaleur non isolé",1200,,99586.8,,,,,,,,,,,,0,,,,,,,"réseau de chaleur ou de froid vertueux",,,,,0,
"2637E0016080C","2026-01-05","2026-01-05","2026-01-05","2026-01-05","2036-01-04",,,,,,,"DPE 3CL 2021 méthode logement",2.6,"dpe appartement individuel","C","C","appartement",2013,"2013-2021","individuel","individuel",2.5,,,1,,,,40.3,,"Très lourde","inférieur à 400m","H2b","2 Avenue Paul-louis Courier 37270 Montlouis-sur-Loire","2","Avenue Paul-louis Courier","Montlouis-sur-Loire","37270","37156","37","24","37156_0570_00002",536038.95,6700843.73,0.97,"adresse géocodée ban à l'adresse","2 avenue Paul-louis Courier","2 avenue Paul-louis Courier 37270 MONTLOUIS-SUR-LOIRE","MONTLOUIS-SUR-LOIRE",37270,1,,"10 rue Jean Jacques Rousseau Appartement","BAT B","106","bon",1,1,0,1,0,49.6,9.7,4.4,0,0,0,20.4,15,"insuffisante","très bonne",,,,,"bonne",1.12,834.3,991.2,0,1420557.5,0,1885736.7,0,3616.5,89.7,1341.6,1615.6,0,147.6,511.6,3304.2,82,1341.6,1615.6,0,77.7,269.3,693.9,17.2,304.5,366.7,0,5.4,17.2,"Gaz naturel",2957.3,1341.6,1615.6,388,176,212,671.3,304.5,366.7,"Électricité",347,0,0,121,0,0,22.6,0,0,,,,,,,,,,,509,176,212,0,27,94,"Gaz naturel",,"installation individuelle","Radiateur bitube avec robinet thermostatique sur réseau individuel eau chaude basse ou moyenne température(inf 65°C)","Installation de chauffage simple","Chauffage sans solaire",1341.6,40.3,,,"Chaudière gaz à condensation 2001-2015","Gaz naturel","chauffage + ecs","Chaudière condensation",1341.6,,,,,,,,,,,,,,,,,,,,,,,,"Gaz naturel",,,,"installation individuelle","Un seul système d'ECS sans solaire","Chaudière condensation Gaz naturel",1615.6,1,40.3,"Non affecté",,,,"Chaudière gaz à condensation 2001-2015","Gaz naturel","chauffage + ecs","Chaudière condensation",0,,1615.6,,,,,,,,,,,,0,,,,,,,,,,,,0,
"2653E0007337L","2026-01-04","2025-12-31","2026-01-04","2026-01-04","2036-01-03",,,"YPVPXNRP9ZFB","Logiciel",,,"DPE 3CL 2021 méthode logement",2.6,"dpe appartement individuel","E","B","appartement",,"avant 1948","individuel","individuel",2.5,1,,2,,,,74.5,,"Légère","inférieur à 400m","H2b","34 rue des Halles 53400 Craon","34","rue des Halles","Craon","53400","53084","53","52","53084_0640_00034",404722.98,6757000,0.55,"adresse géocodée ban à l'adresse","34 Rue des Halles","34 Rue des Halles 53400 Craon","Craon",53400,0,,,"MA2512199323","Etage RDC","moyen",1,1,0,0,1,197.5,9.4,55.1,11.8,9.6,2.2,42.2,67.2,"moyenne","insuffisante",,"insuffisante",,"moyenne","insuffisante",0.77,8136.8,1269.1,0,2272.7,0,1130.5,0,19074,256,13762,3915.3,0,273.1,1123.7,10038.9,134,7243.2,2060.7,0,143.7,591.4,753.9,10,572.2,133.9,0,9.9,37.8,"Électricité",10038.9,7243.2,2060.7,2099.3,1514.6,430.9,753.9,572.2,133.9,,,,,,,,,,,,,,,,,,,,,2099.3,1514.6,430.9,0,30.1,123.7,"Électricité",,"installation individuelle","radiateur électrique NFC, NF** et NF***","Installation de chauffage simple","Radiateur électrique NFC, NF** et NF*** avec programmateur pièce par pièce (système individuel)",7243.2,74.5,,,"radiateur électrique NFC, NF** et NF***","Électricité","chauffage","Electrique - Radiateur électrique à inertie (modélisé comme un radiateur NFC, NF** et NF***)",7243.2,,,,,,,,,,,,,,,,,,,,,,,,"Électricité",,,,"installation individuelle","Un seul système d'ECS sans solaire","Ballon électrique à accumulation vertical (catégorie B ou 2 étoiles), contenance ballon 150 L",2060.7,1,74.5,"Non affecté",,,,"Ballon électrique à accumulation vertical Catégorie B ou 2 étoiles","Électricité","ecs","Electrique - Ballon électrique à accumulation vertical (catégorie B ou 2 étoiles)",150,,2060.7,,,,,,,,,,,,0,,,,,,,,,,,,0,
"2631E0068544S","2026-01-11","2026-01-05","2026-01-11","2026-01-11","2036-01-10",,,"3976R7YKDAXJ","Logiciel",,,"DPE 3CL 2021 méthode logement",2.6,"dpe maison individuelle","C","C","maison",2020,"2013-2021",,,2.5,,,2,,,,86.6,,"Moyenne","inférieur à 400m","H2c","Domaine la Grange des Pins 34980 Saint-Clément-de-Rivière",,"Domaine la Grange des Pins","Saint-Clément-de-Rivière","34980","34247","34","76","34247_A021",768869.86,6289803.52,0.44,"adresse géocodée ban à l'adresse","25 ROUTE DE SAINT CAPRAIS
RESIDENCE DOMAINE DES PINS","25 ROUTE DE SAINT CAPRAIS
RESIDENCE DOMAINE DES PINS 31790 ST JORY, France","ST JORY, France",31790,0,,,"DO/SEL/203918/HIL","Bat. RESIDENCE DOMAINE DES PINS","moyen",1,1,0,0,1,103.9,0,18.9,3.3,24.9,3.1,17.3,36.4,"très bonne","très bonne",,"très bonne",,"insuffisante","très bonne",0.31,2588.7,1109,0,2180.2,0,1301.6,0,5443.4,62,3048.6,1493.2,0,324.5,577,5016.4,57,3048.6,1493.2,0,170.8,303.7,1062.2,12,692,339,0,11.8,19.4,"Gaz naturel",4541.9,3048.6,1493.2,595.9,400,195.9,1031,692,339,"Électricité",474.5,0,0,164.7,0,0,31.2,0,0,,,,,,,,,,,760.6,400,195.9,0,59.3,105.5,"Gaz naturel","Chaudière gaz à condensation après 2015","installation individuelle","Radiateur monotube avec robinet thermostatique sur réseau individuel eau chaude basse ou moyenne température(inf 65°C)","Installation de chauffage simple","Chaudière individuelle gaz à condensation installée à partir de 2016 avec programmateur avec réduit. Emetteur(s): radiateur monotube avec robinet thermostatique",3048.6,86.6,,,"Chaudière gaz à condensation après 2015","Gaz naturel","chauffage + ecs","Gaz Naturel - Chaudière gaz à condensation installée à partir de 2016",3048.6,,,,,,,,,,,,,,,,,,,,,,,,"Gaz naturel","Chaudière gaz à condensation après 2015",,,"installation individuelle","Un seul système d'ECS sans solaire","Combiné au système de chauffage",1493.2,1,86.6,"Non affecté",,,,"Chaudière gaz à condensation après 2015","Gaz naturel","chauffage + ecs","Gaz Naturel - Chaudière gaz à condensation installée à partir de 2016",0,,1493.2,,,,,,,,,,,,0,,,,,,,,,,,,0,
"2695E0024784C","2026-01-06","2025-03-06","2026-01-06","2026-01-06","2036-01-05",,,,,,,"DPE 3CL 2021 méthode logement",2.6,"dpe maison individuelle","F","C","maison",1970,"1948-1974",,,2.5,,,1,,,,90,,"Légère","inférieur à 400m","H1a","12 Rue de Paris 95270 Chaumontel","12","Rue de Paris","Chaumontel","95270","95149","95","11","95149_0680_00012",658197.31,6891698.86,0.56,"adresse géocodée ban à l'adresse","12 RUE DE PARIS","12 RUE DE PARIS 95270 CHAUMONTEL","CHAUMONTEL",95270,0,,,"PIVION0070",,"moyen",1,1,0,0,1,427.1,12.4,210.3,28.8,55.6,6.2,30.8,83,"insuffisante","insuffisante",,"insuffisante",,"insuffisante","moyenne",1.23,21508.3,1243.8,0,2613.1,0,1912,0,37072.2,411,32799.9,3949.1,0,323.2,0,19511.7,216,17263.1,2078.5,0,170.1,0,1510.6,16,1363.8,135.1,0,11.7,0,"Électricité",19511.7,17263.1,2078.5,3980.5,3521.8,424,1510.6,1363.8,135.1,,,,,,,,,,,,,,,,,,,,,3980.5,3521.8,424,0,34.7,0,"Électricité","radiateur électrique NFC, NF** et NF***","installation individuelle","radiateur électrique NFC, NF** et NF***","Installation de chauffage simple","Radiateur électrique à inertie (modélisé comme un radiateur NFC, NF** et NF***) (système individuel)",17263.1,90,,,"radiateur électrique NFC, NF** et NF***","Électricité","chauffage","Electrique - Radiateur électrique à inertie (modélisé comme un radiateur NFC, NF** et NF***)",17263.1,,,,,,,,,,,,,,,,,,,,,,,,"Électricité","Ballon électrique à accumulation vertical Autres ou inconnue",,,"installation individuelle","Un seul système d'ECS sans solaire","Ballon électrique à accumulation vertical (autres catégorie ou inconnue), contenance ballon 200 L",2078.5,1,90,"Non affecté",,,,"Ballon électrique à accumulation vertical Autres ou inconnue","Électricité","ecs","Electrique - Ballon électrique à accumulation vertical (autres catégorie ou inconnue)",200,,2078.5,,,,,,,,,,,,0,,,,,,,,,,,,0,
"2622E0010540L","2026-01-05","2025-12-16","2026-01-05","2026-01-05","2036-01-04",,"2622E0010387O","1SV69F7EH5GK","Logiciel",,,"DPE 3CL 2021 méthode logement",2.6,"dpe appartement généré à partir des données DPE immeuble","C","C","appartement",,"1948-1974","individuel","individuel",2.5,56,4,1,,1,3816.3,90,,"Lourde","inférieur à 400m","H2a","4 Rue Victor Segalen 22000 Saint-Brieuc","4","Rue Victor Segalen","Saint-Brieuc","22000","22278","22","53","22278_4717_00004",275762.77,6837647.67,0.6,"adresse géocodée ban à l'adresse","2, 4, RUE ROGER NIMIER
2, 4, 6, 8, 10, RUE VICTOR SEGALEN","2, 4, RUE ROGER NIMIER
2, 4, 6, 8, 10, RUE VICTOR SEGALEN 22000 ST BRIEUC","ST BRIEUC",22000,0,,,"4028-DPE-DIAGHOME","40282655",,,,,,,6710.7,1725.5,885.6,263,202.7,50.5,1076.8,2506.7,"moyenne","insuffisante",,,"bonne","bonne","moyenne",0.79,197454.7,68421.8,0,128438.5,0,98239,0,10660.4,118,6764.4,2065.3,0,323.2,1507.4,9793.2,108,6764.4,2065.3,0,170.1,793.4,2066.9,22,1535.5,468.8,0,11.7,50.8,"Gaz naturel",8829.8,6764.4,2065.3,1019.8,781.2,238.5,2004.4,1535.5,468.8,"Électricité",963.5,0,0,334.5,0,0,62.5,0,0,,,,,,,,,,,1354.3,781.2,238.5,0,59.1,275.5,"Gaz naturel",,"installation individuelle","Radiateur bitube avec robinet thermostatique sur réseau individuel eau chaude haute température(sup ou egal 65°C)","Installation de chauffage simple","Chaudière individuelle gaz à condensation installée entre 2001 et 2015 avec programmateur sans réduit. Emetteur(s): radiateur bitube avec robinet thermostatique",5251.1,3816.3,,,"Chaudière gaz à condensation 2001-2015","Gaz naturel","chauffage + ecs","Gaz Naturel - Chaudière gaz à condensation installée entre 2001 et 2015",5251.1,,,,,,,,,,,,,,,,,,,,,,,,"Gaz naturel",,,,"installation individuelle","Un seul système d'ECS sans solaire","Combiné au système de chauffage",1884.1,1,3816.3,"Non affecté",,,,"Chaudière gaz à condensation 2001-2015","Gaz naturel","chauffage + ecs","Gaz Naturel - Chaudière gaz à condensation installée entre 2001 et 2015",0,,1884.1,,,,,,,,,,,,0,,,,,,,,,,,,0,
"2150E0892855N","2026-01-06","2021-07-01","2021-07-01","2021-12-10","2031-06-30",,,,,,,"DPE 3CL 2021 méthode logement",1.1,"dpe maison individuelle","C","C","maison",2002,"2001-2005",,,2.4,1,1,1,,0,81.1,81.1,,,,,"Rue du Costil 50860 Moyon Villages",,"Rue du Costil","Moyon Villages","50860","50363","50","28","50363_0017",398646.43,6885544.76,0.48,"adresse non géocodée ban car aucune correspondance trouvée","du Costil","du Costil50860 MOYON","MOYON",50860,,,,,,,,,,,,,,,,,,,,"moyenne","bonne",,"bonne",,"bonne","moyenne",0.69,,,,,,,,10800.4,133.2,9346.2,1599.1,0,352.5,466.7,5684.4,70.1,4063.6,695.3,0,153.2,202.9,405.4,5,321,45.2,0,10.6,13,"Électricité",5684.4,4063.6,695.3,989,707,121,426.2,321,45.2,,,,,,,,,,,,,,,,,,,,,989,707,121,0,27,35,"Électricité",,,,,,,,,,,,,,,,,,,,,,,,,,,,,,,,,,,,,,"Non affecté",,,,,,,,,,,,,,,,,,,,,,,,,,,,,,,,0,,,,,,,,,,,,0,
"2675E0034950I","2026-01-07","2026-01-07","2026-01-07","2026-01-07","2036-01-06",,,"3D9TRMZMD2QT","Logiciel",,,"DPE 3CL 2021 méthode logement",2.6,"dpe appartement individuel","C","C","appartement",,"1948-1974","collectif","individuel",2.5,1,,1,,,6620,97.3,,"Très lourde","inférieur à 400m","H1a","135 Avenue Gambetta 75020 Paris","135","Avenue Gambetta","Paris","75020","75120","75","11","75120_3933_00135",656118.56,6863377.66,0.82,"adresse géocodée ban à l'adresse","135, avenue Gambetta","135, avenue Gambetta 75020 PARIS 20, France","PARIS 20, France",75020,0,,,"26/IMO/0834",,"bon",1,1,0,1,0,154.2,27.7,58.5,0,0,0,20.5,47.5,"insuffisante","insuffisante",,"très bonne",,"très bonne","très bonne",2.72,5441.7,1470.8,0,2904.2,0,1196.7,0,14996.3,154,8346.7,4278.2,0,349.4,2021.9,11846.5,121,8346.7,2251.7,0,183.9,1064.2,2121.9,21,1894.7,146.4,0,12.7,68.1,"Gaz naturel",8346.7,8346.7,0,778.3,778.3,0,1894.7,1894.7,0,"Électricité",3499.8,0,2251.7,827.9,0,546.5,227.2,0,146.4,,,,,,,,,,,1606.2,778.3,546.5,0,44.6,236.8,"Gaz naturel","Chaudière gaz à condensation 2001-2015","installation collective","Radiateur bitube sans robinet thermostatique sur réseau collectif eau chaude basse ou moyenne température(inf 65°C)","Installation de chauffage simple","Chaudière collective gaz basse température installée entre 2001 et 2015 régulée, réseau isolé. Emetteur(s): radiateur bitube sans robinet thermostatique",2912,32.4,,,"Chaudière gaz basse température 2001-2015","Gaz naturel","chauffage","Gaz Naturel - Chaudière gaz basse température installée entre 2001 et 2015",2912,,,,,,"installation collective","Radiateur bitube sans robinet thermostatique sur réseau collectif eau chaude haute température(sup ou egal 65°C)","Installation de chauffage simple","Chaudière collective gaz à condensation installée entre 2001 et 2015 régulée, réseau isolé. Emetteur(s): radiateur bitube sans robinet thermostatique",2811,32.4,,,"Chaudière gaz à condensation 2001-2015","Gaz naturel","chauffage","Gaz Naturel - Chaudière gaz à condensation installée entre 2001 et 2015",2811,,,,,,"Électricité","Ballon électrique à accumulation vertical Autres ou inconnue",,,"installation individuelle","Un seul système d'ECS sans solaire","Ballon électrique à accumulation vertical (autres catégorie ou inconnue), contenance ballon 65 L",1125.8,1,48.7,"Non affecté",,,,"Ballon électrique à accumulation vertical Autres ou inconnue","Électricité","ecs","Electrique - Ballon électrique à accumulation vertical (autres catégorie ou inconnue)",65,,1125.8,,,,,,,,,,,,0,,,,,,,,,,,,0,
"2693E0063760C","2026-01-09","2025-05-14","2026-01-09","2026-01-09","2036-01-08","2593E1602134H",,,,,,"DPE 3CL 2021 méthode logement",2.6,"dpe appartement individuel","D","B","appartement",1940,"avant 1948","individuel","individuel",2.6,1,,1,,,,55.1,,"Légère","inférieur à 400m","H1a","29 Rue Fernand Herbaut 93600 Aulnay-sous-Bois","29","Rue Fernand Herbaut","Aulnay-sous-Bois","93600","93005","93","11","93005_1320_00029",662934.59,6870519.23,0.68,"adresse géocodée ban à l'adresse","29 RUE FERNAND HERBAUT","29 RUE FERNAND HERBAUT 93600 AULNAY SOUS BOIS","AULNAY SOUS BOIS",93600,0,,,"CH20250530832","Etage 1","insuffisant",0,0,0,0,0,133.2,1.8,47.8,0,16,11.7,20.8,35.1,"bonne","insuffisante",,"très bonne",,"insuffisante","insuffisante",0.52,5703.4,1180.4,0,1861.1,0,892.1,0,13538.1,245,10439.1,2901.3,0,197.7,0,7125.3,129,5494.3,1527,0,104.1,0,540.5,9,434,99.3,0,7.2,0,"Électricité",7125.3,5494.3,1527,1524.5,1175.6,326.7,540.5,434,99.3,,,,,,,,,,,,,,,,,,,,,1524.5,1175.6,326.7,0,22.3,0,"Électricité","Convecteur électrique NFC, NF** et NF***","installation individuelle","Convecteur électrique NFC, NF** et NF***","Installation de chauffage simple","Convecteur électrique NFC, NF** et NF*** (système individuel)",5494.3,55.1,,,"Convecteur électrique NFC, NF** et NF***","Électricité","chauffage","Electrique - Convecteur électrique NFC, NF** et NF***",5494.3,,,,,,,,,,,,,,,,,,,,,,,,"Électricité","Ballon électrique à accumulation vertical Autres ou inconnue",,,"installation individuelle","Un seul système d'ECS sans solaire","Ballon électrique à accumulation vertical (autres catégorie ou inconnue), contenance ballon 50 L",1527,1,55.1,"Non affecté",,,,"Ballon électrique à accumulation vertical Autres ou inconnue","Électricité","ecs","Electrique - Ballon électrique à accumulation vertical (autres catégorie ou inconnue)",50,,1527,,,,,,,,,,,,0,,,,,,,,,,,,0,
"2672E0047943Y","2026-01-08","2025-11-04","2026-01-08","2026-01-08","2036-01-07",,,"PGE24HVHEB3E","Logiciel",,,"DPE 3CL 2021 méthode logement",2.6,"dpe maison individuelle","E","B","maison",1980,"1978-1982",,,2.5,,,2,,,,150.3,,"Moyenne","400-800m","H2b","Rue Haute 39160 Les Trois-Châteaux",,"Rue Haute","Les Trois-Châteaux","39160","39378","39","27","39378_fxt9py",881716.07,6594815.07,0.33,"adresse géocodée ban à l'adresse","26 rue Haute","26 rue Haute 72500 CHATEAU DU LOIR","CHATEAU DU LOIR",72500,0,,,"720200852",,"moyen",1,1,0,0,1,401.1,57.7,86.7,37.3,50.3,8.2,29.3,131.7,"bonne","moyenne",,"moyenne",,"insuffisante","très bonne",0.59,21159.1,1596.8,0,4310,0,2781.3,0,42490.5,282,35759.1,5098.7,0,550.8,1081.9,27317,181,23774.2,2683.5,0,289.9,569.4,1596.6,10,1365.7,174.4,0,20,36.4,"Électricité",16859.4,13316.6,2683.5,3450,2725.1,549.2,1282.9,1052,174.4,"Bois – Bûches",10457.6,10457.6,0,439.2,439.2,0,313.7,313.7,0,,,,,,,,,,,3889.3,3164.3,549.2,0,59.3,116.5,"Électricité","Panneau rayonnant électrique NFC, NF** et NF***","installation individuelle","Autres émetteurs à effet joule","Installation de chauffage avec en appoint un insert ou poêle bois et un chauffage électrique dans la salle de bain (différent du chauffage principal)","Panneau rayonnant électrique NFC, NF** et NF*** avec en appoint un insert installé avant 1990 et dans la salle de bain un autres émetteurs à effet joule avec programmateur pièce par pièce (système individuel)",23774.2,150.3,,,"Panneau rayonnant électrique NFC, NF** et NF***","Électricité","chauffage","Electrique - Panneau rayonnant électrique NFC, NF** et NF***",11380,"insert installé avant 1990","Bois – Bûches","chauffage","Bois - Insert installé avant 1990",10457.6,,,,,,,,,,,,,,,,,,,"Électricité","Ballon électrique à accumulation vertical Catégorie B ou 2 étoiles",,,"installation individuelle","Un seul système d'ECS sans solaire","Ballon électrique à accumulation vertical (catégorie B ou 2 étoiles), contenance ballon 300 L",2683.5,1,150.3,"Non affecté",,,,"Ballon électrique à accumulation vertical Catégorie B ou 2 étoiles","Électricité","ecs","Electrique - Ballon électrique à accumulation vertical (catégorie B ou 2 étoiles)",300,,2683.5,,,,,,,,,,,,0,,,,,,,"chauffage au bois",,,,,0,
